-- =============================================================================
-- Import Supabase — FICHIER À COLLER ICI (schéma + données projet local)
-- Généré : npm run sql:supabase-import → supabase_full_import.sql
--
-- Étape 1 : DROP des tables applicatives Prisma (si elles existent, ex. après prisma db push).
-- Étape 2 : CREATE schéma + INSERT depuis prisma/dev.db.
--
-- ATTENTION : efface toutes les données de ces tables (multi-tenant). Ne touche pas auth.*.
-- SQL Editor → Run. Puis DATABASE_URL dans .env (Settings → Database).
-- =============================================================================

-- Supprime les tables applicatives Prisma si elles existent déjà (ex. après prisma db push).
-- N’affecte pas auth.* ni les autres schémas Supabase.
DROP TABLE IF EXISTS "Payment" CASCADE;
DROP TABLE IF EXISTS "InvoiceLine" CASCADE;
DROP TABLE IF EXISTS "Invoice" CASCADE;
DROP TABLE IF EXISTS "OrderLineStockReservation" CASCADE;
DROP TABLE IF EXISTS "OrderLine" CASCADE;
DROP TABLE IF EXISTS "OrderStatusHistory" CASCADE;
DROP TABLE IF EXISTS "Order" CASCADE;
DROP TABLE IF EXISTS "PortalNotification" CASCADE;
DROP TABLE IF EXISTS "CustomerSite" CASCADE;
DROP TABLE IF EXISTS "Notification" CASCADE;
DROP TABLE IF EXISTS "EmailQueue" CASCADE;
DROP TABLE IF EXISTS "InvoiceSequence" CASCADE;
DROP TABLE IF EXISTS "CustomerPriceList" CASCADE;
DROP TABLE IF EXISTS "Product" CASCADE;
DROP TABLE IF EXISTS "ProductCategory" CASCADE;
DROP TABLE IF EXISTS "Client" CASCADE;
DROP TABLE IF EXISTS "User" CASCADE;
DROP TABLE IF EXISTS "Customer" CASCADE;
DROP TABLE IF EXISTS "Organization" CASCADE;

-- Schéma PostgreSQL généré par Prisma (Clean Service).
-- Régénérer : npm run sql:schema
-- Appliquer sur Supabase (SQL Editor) ou : psql "$DATABASE_URL" -f scripts/sql/01_schema_postgresql.sql

-- CreateTable
CREATE TABLE "Organization" (
    "id" TEXT NOT NULL,
    "name" TEXT NOT NULL,
    "slug" TEXT NOT NULL,
    "siret" TEXT NOT NULL,
    "address" TEXT NOT NULL,
    "phone" TEXT NOT NULL,
    "email" TEXT NOT NULL,
    "vatNumber" TEXT,
    "logo" TEXT,
    "approvalThresholdTtc" DECIMAL(65,30) NOT NULL DEFAULT 1000,
    "legalMentions" TEXT DEFAULT 'Penalites de retard: taux legal en vigueur. Indemnite forfaitaire de recouvrement: 40 EUR.',
    "reminderDelayDays" INTEGER NOT NULL DEFAULT 7,
    "createdAt" TIMESTAMP(3) NOT NULL DEFAULT CURRENT_TIMESTAMP,
    "updatedAt" TIMESTAMP(3) NOT NULL,

    CONSTRAINT "Organization_pkey" PRIMARY KEY ("id")
);

-- CreateTable
CREATE TABLE "User" (
    "id" TEXT NOT NULL,
    "email" TEXT NOT NULL,
    "passwordHash" TEXT NOT NULL,
    "firstName" TEXT NOT NULL,
    "lastName" TEXT NOT NULL,
    "role" TEXT NOT NULL DEFAULT 'MEMBER',
    "isActive" BOOLEAN NOT NULL DEFAULT true,
    "lastLoginAt" TIMESTAMP(3),
    "createdAt" TIMESTAMP(3) NOT NULL DEFAULT CURRENT_TIMESTAMP,
    "updatedAt" TIMESTAMP(3) NOT NULL,
    "organizationId" TEXT NOT NULL,

    CONSTRAINT "User_pkey" PRIMARY KEY ("id")
);

-- CreateTable
CREATE TABLE "Client" (
    "id" TEXT NOT NULL,
    "name" TEXT NOT NULL,
    "email" TEXT,
    "organizationId" TEXT NOT NULL,
    "createdAt" TIMESTAMP(3) NOT NULL DEFAULT CURRENT_TIMESTAMP,
    "updatedAt" TIMESTAMP(3) NOT NULL,

    CONSTRAINT "Client_pkey" PRIMARY KEY ("id")
);

-- CreateTable
CREATE TABLE "Product" (
    "id" TEXT NOT NULL,
    "categoryId" TEXT,
    "name" TEXT NOT NULL,
    "sku" TEXT NOT NULL,
    "description" TEXT,
    "unit" TEXT NOT NULL DEFAULT 'piece',
    "basePriceHt" DECIMAL(65,30) NOT NULL DEFAULT 0,
    "vatRate" TEXT NOT NULL DEFAULT '20',
    "isActive" BOOLEAN NOT NULL DEFAULT true,
    "portalRuptureStock" BOOLEAN NOT NULL DEFAULT false,
    "minOrderQty" INTEGER NOT NULL DEFAULT 1,
    "stockQty" INTEGER,
    "weightKg" DECIMAL(65,30),
    "dimensions" TEXT,
    "imageUrls" TEXT,
    "supplierUrl" TEXT,
    "technicalSheetUrl" TEXT,
    "organizationId" TEXT NOT NULL,
    "createdAt" TIMESTAMP(3) NOT NULL DEFAULT CURRENT_TIMESTAMP,
    "updatedAt" TIMESTAMP(3) NOT NULL,

    CONSTRAINT "Product_pkey" PRIMARY KEY ("id")
);

-- CreateTable
CREATE TABLE "Order" (
    "id" TEXT NOT NULL,
    "number" TEXT NOT NULL,
    "organizationId" TEXT NOT NULL,
    "customerId" TEXT NOT NULL,
    "deliverySiteId" TEXT,
    "billingSiteId" TEXT,
    "status" TEXT NOT NULL DEFAULT 'DRAFT',
    "totalHt" DECIMAL(65,30) NOT NULL DEFAULT 0,
    "totalTva" DECIMAL(65,30) NOT NULL DEFAULT 0,
    "totalTtc" DECIMAL(65,30) NOT NULL DEFAULT 0,
    "notes" TEXT,
    "internalNotes" TEXT,
    "createdById" TEXT NOT NULL,
    "approvedById" TEXT,
    "approvedAt" TIMESTAMP(3),
    "requestedDeliveryDate" TIMESTAMP(3),
    "isInvoiced" BOOLEAN NOT NULL DEFAULT false,
    "cancellationReason" TEXT,
    "createdAt" TIMESTAMP(3) NOT NULL DEFAULT CURRENT_TIMESTAMP,
    "updatedAt" TIMESTAMP(3) NOT NULL,

    CONSTRAINT "Order_pkey" PRIMARY KEY ("id")
);

-- CreateTable
CREATE TABLE "Customer" (
    "id" TEXT NOT NULL,
    "organizationId" TEXT NOT NULL,
    "code" TEXT NOT NULL,
    "companyName" TEXT NOT NULL,
    "countryCode" TEXT NOT NULL DEFAULT 'FR',
    "siret" TEXT,
    "vatNumber" TEXT,
    "email" TEXT,
    "phone" TEXT,
    "website" TEXT,
    "notes" TEXT,
    "paymentTerms" TEXT NOT NULL DEFAULT 'NET_30',
    "isActive" BOOLEAN NOT NULL DEFAULT true,
    "portalPasswordHash" TEXT,
    "createdAt" TIMESTAMP(3) NOT NULL DEFAULT CURRENT_TIMESTAMP,
    "updatedAt" TIMESTAMP(3) NOT NULL,

    CONSTRAINT "Customer_pkey" PRIMARY KEY ("id")
);

-- CreateTable
CREATE TABLE "CustomerSite" (
    "id" TEXT NOT NULL,
    "organizationId" TEXT NOT NULL,
    "customerId" TEXT NOT NULL,
    "label" TEXT NOT NULL,
    "fullAddress" TEXT NOT NULL,
    "isDefault" BOOLEAN NOT NULL DEFAULT false,
    "isShipping" BOOLEAN NOT NULL DEFAULT true,
    "isBilling" BOOLEAN NOT NULL DEFAULT false,
    "contactName" TEXT,
    "contactEmail" TEXT,
    "contactPhone" TEXT,
    "createdAt" TIMESTAMP(3) NOT NULL DEFAULT CURRENT_TIMESTAMP,
    "updatedAt" TIMESTAMP(3) NOT NULL,

    CONSTRAINT "CustomerSite_pkey" PRIMARY KEY ("id")
);

-- CreateTable
CREATE TABLE "CustomerPriceList" (
    "id" TEXT NOT NULL,
    "organizationId" TEXT NOT NULL,
    "customerId" TEXT NOT NULL,
    "productId" TEXT NOT NULL,
    "customPrice" DECIMAL(65,30) NOT NULL,
    "discountPercent" DECIMAL(65,30) NOT NULL DEFAULT 0,
    "minQuantity" INTEGER NOT NULL DEFAULT 1,
    "validFrom" TIMESTAMP(3),
    "validTo" TIMESTAMP(3),
    "createdAt" TIMESTAMP(3) NOT NULL DEFAULT CURRENT_TIMESTAMP,
    "updatedAt" TIMESTAMP(3) NOT NULL,

    CONSTRAINT "CustomerPriceList_pkey" PRIMARY KEY ("id")
);

-- CreateTable
CREATE TABLE "ProductCategory" (
    "id" TEXT NOT NULL,
    "organizationId" TEXT NOT NULL,
    "name" TEXT NOT NULL,
    "slug" TEXT NOT NULL,
    "description" TEXT,
    "parentId" TEXT,
    "sortOrder" INTEGER NOT NULL DEFAULT 0,
    "createdAt" TIMESTAMP(3) NOT NULL DEFAULT CURRENT_TIMESTAMP,
    "updatedAt" TIMESTAMP(3) NOT NULL,

    CONSTRAINT "ProductCategory_pkey" PRIMARY KEY ("id")
);

-- CreateTable
CREATE TABLE "OrderLine" (
    "id" TEXT NOT NULL,
    "organizationId" TEXT NOT NULL,
    "orderId" TEXT NOT NULL,
    "productId" TEXT,
    "productNameSnapshot" TEXT NOT NULL,
    "productSkuSnapshot" TEXT NOT NULL,
    "quantity" DECIMAL(65,30) NOT NULL,
    "unitPriceHt" DECIMAL(65,30) NOT NULL,
    "discountPercent" DECIMAL(65,30) NOT NULL DEFAULT 0,
    "vatRate" DECIMAL(65,30) NOT NULL,
    "lineTotalHt" DECIMAL(65,30) NOT NULL,
    "lineTotalTtc" DECIMAL(65,30) NOT NULL,
    "sortOrder" INTEGER NOT NULL DEFAULT 0,
    "createdAt" TIMESTAMP(3) NOT NULL DEFAULT CURRENT_TIMESTAMP,
    "updatedAt" TIMESTAMP(3) NOT NULL,

    CONSTRAINT "OrderLine_pkey" PRIMARY KEY ("id")
);

-- CreateTable
CREATE TABLE "OrderLineStockReservation" (
    "id" TEXT NOT NULL,
    "organizationId" TEXT NOT NULL,
    "orderId" TEXT NOT NULL,
    "orderLineId" TEXT NOT NULL,
    "productId" TEXT NOT NULL,
    "quantity" INTEGER NOT NULL,
    "createdAt" TIMESTAMP(3) NOT NULL DEFAULT CURRENT_TIMESTAMP,

    CONSTRAINT "OrderLineStockReservation_pkey" PRIMARY KEY ("id")
);

-- CreateTable
CREATE TABLE "OrderStatusHistory" (
    "id" TEXT NOT NULL,
    "organizationId" TEXT NOT NULL,
    "orderId" TEXT NOT NULL,
    "fromStatus" TEXT,
    "toStatus" TEXT NOT NULL,
    "changedById" TEXT NOT NULL,
    "comment" TEXT,
    "createdAt" TIMESTAMP(3) NOT NULL DEFAULT CURRENT_TIMESTAMP,

    CONSTRAINT "OrderStatusHistory_pkey" PRIMARY KEY ("id")
);

-- CreateTable
CREATE TABLE "Invoice" (
    "id" TEXT NOT NULL,
    "organizationId" TEXT NOT NULL,
    "number" TEXT,
    "orderId" TEXT,
    "customerId" TEXT NOT NULL,
    "type" TEXT NOT NULL DEFAULT 'INVOICE',
    "status" TEXT NOT NULL DEFAULT 'DRAFT',
    "issuedAt" TIMESTAMP(3),
    "dueAt" TIMESTAMP(3),
    "totalHt" DECIMAL(65,30) NOT NULL DEFAULT 0,
    "totalTva" DECIMAL(65,30) NOT NULL DEFAULT 0,
    "totalTtc" DECIMAL(65,30) NOT NULL DEFAULT 0,
    "amountPaid" DECIMAL(65,30) NOT NULL DEFAULT 0,
    "amountDue" DECIMAL(65,30) NOT NULL DEFAULT 0,
    "notes" TEXT,
    "legalMentions" TEXT,
    "pdfUrl" TEXT,
    "sentAt" TIMESTAMP(3),
    "paidAt" TIMESTAMP(3),
    "originalInvoiceId" TEXT,
    "createdAt" TIMESTAMP(3) NOT NULL DEFAULT CURRENT_TIMESTAMP,
    "updatedAt" TIMESTAMP(3) NOT NULL,

    CONSTRAINT "Invoice_pkey" PRIMARY KEY ("id")
);

-- CreateTable
CREATE TABLE "InvoiceLine" (
    "id" TEXT NOT NULL,
    "organizationId" TEXT NOT NULL,
    "invoiceId" TEXT NOT NULL,
    "description" TEXT NOT NULL,
    "quantity" DECIMAL(65,30) NOT NULL,
    "unitPriceHt" DECIMAL(65,30) NOT NULL,
    "vatRate" DECIMAL(65,30) NOT NULL,
    "discountPercent" DECIMAL(65,30) NOT NULL DEFAULT 0,
    "lineTotalHt" DECIMAL(65,30) NOT NULL,
    "lineTotalTtc" DECIMAL(65,30) NOT NULL,
    "sortOrder" INTEGER NOT NULL DEFAULT 0,
    "createdAt" TIMESTAMP(3) NOT NULL DEFAULT CURRENT_TIMESTAMP,
    "updatedAt" TIMESTAMP(3) NOT NULL,

    CONSTRAINT "InvoiceLine_pkey" PRIMARY KEY ("id")
);

-- CreateTable
CREATE TABLE "Payment" (
    "id" TEXT NOT NULL,
    "organizationId" TEXT NOT NULL,
    "invoiceId" TEXT NOT NULL,
    "amount" DECIMAL(65,30) NOT NULL,
    "paidAt" TIMESTAMP(3) NOT NULL,
    "method" TEXT NOT NULL,
    "reference" TEXT,
    "notes" TEXT,
    "createdAt" TIMESTAMP(3) NOT NULL DEFAULT CURRENT_TIMESTAMP,
    "updatedAt" TIMESTAMP(3) NOT NULL,

    CONSTRAINT "Payment_pkey" PRIMARY KEY ("id")
);

-- CreateTable
CREATE TABLE "InvoiceSequence" (
    "id" TEXT NOT NULL,
    "organizationId" TEXT NOT NULL,
    "year" INTEGER NOT NULL,
    "type" TEXT NOT NULL,
    "lastValue" INTEGER NOT NULL DEFAULT 0,
    "createdAt" TIMESTAMP(3) NOT NULL DEFAULT CURRENT_TIMESTAMP,
    "updatedAt" TIMESTAMP(3) NOT NULL,

    CONSTRAINT "InvoiceSequence_pkey" PRIMARY KEY ("id")
);

-- CreateTable
CREATE TABLE "Notification" (
    "id" TEXT NOT NULL,
    "userId" TEXT NOT NULL,
    "organizationId" TEXT NOT NULL,
    "type" TEXT NOT NULL,
    "title" TEXT NOT NULL,
    "message" TEXT NOT NULL,
    "link" TEXT,
    "isRead" BOOLEAN NOT NULL DEFAULT false,
    "createdAt" TIMESTAMP(3) NOT NULL DEFAULT CURRENT_TIMESTAMP,

    CONSTRAINT "Notification_pkey" PRIMARY KEY ("id")
);

-- CreateTable
CREATE TABLE "PortalNotification" (
    "id" TEXT NOT NULL,
    "organizationId" TEXT NOT NULL,
    "customerId" TEXT NOT NULL,
    "orderId" TEXT,
    "type" TEXT NOT NULL,
    "title" TEXT NOT NULL,
    "message" TEXT NOT NULL,
    "isRead" BOOLEAN NOT NULL DEFAULT false,
    "createdAt" TIMESTAMP(3) NOT NULL DEFAULT CURRENT_TIMESTAMP,

    CONSTRAINT "PortalNotification_pkey" PRIMARY KEY ("id")
);

-- CreateTable
CREATE TABLE "EmailQueue" (
    "id" TEXT NOT NULL,
    "organizationId" TEXT NOT NULL,
    "toEmail" TEXT NOT NULL,
    "subject" TEXT NOT NULL,
    "html" TEXT NOT NULL,
    "status" TEXT NOT NULL DEFAULT 'PENDING',
    "attempts" INTEGER NOT NULL DEFAULT 0,
    "error" TEXT,
    "sentAt" TIMESTAMP(3),
    "createdAt" TIMESTAMP(3) NOT NULL DEFAULT CURRENT_TIMESTAMP,
    "updatedAt" TIMESTAMP(3) NOT NULL,

    CONSTRAINT "EmailQueue_pkey" PRIMARY KEY ("id")
);

-- CreateIndex
CREATE UNIQUE INDEX "Organization_slug_key" ON "Organization"("slug");

-- CreateIndex
CREATE UNIQUE INDEX "Organization_siret_key" ON "Organization"("siret");

-- CreateIndex
CREATE UNIQUE INDEX "User_email_key" ON "User"("email");

-- CreateIndex
CREATE UNIQUE INDEX "Product_organizationId_sku_key" ON "Product"("organizationId", "sku");

-- CreateIndex
CREATE UNIQUE INDEX "Order_organizationId_number_key" ON "Order"("organizationId", "number");

-- CreateIndex
CREATE UNIQUE INDEX "Customer_organizationId_code_key" ON "Customer"("organizationId", "code");

-- CreateIndex
CREATE UNIQUE INDEX "CustomerPriceList_organizationId_customerId_productId_minQu_key" ON "CustomerPriceList"("organizationId", "customerId", "productId", "minQuantity");

-- CreateIndex
CREATE UNIQUE INDEX "ProductCategory_organizationId_slug_key" ON "ProductCategory"("organizationId", "slug");

-- CreateIndex
CREATE UNIQUE INDEX "OrderLineStockReservation_orderLineId_key" ON "OrderLineStockReservation"("orderLineId");

-- CreateIndex
CREATE INDEX "OrderLineStockReservation_organizationId_productId_idx" ON "OrderLineStockReservation"("organizationId", "productId");

-- CreateIndex
CREATE INDEX "OrderLineStockReservation_orderId_idx" ON "OrderLineStockReservation"("orderId");

-- CreateIndex
CREATE UNIQUE INDEX "Invoice_organizationId_number_key" ON "Invoice"("organizationId", "number");

-- CreateIndex
CREATE UNIQUE INDEX "InvoiceSequence_organizationId_year_type_key" ON "InvoiceSequence"("organizationId", "year", "type");

-- CreateIndex
CREATE INDEX "PortalNotification_customerId_isRead_idx" ON "PortalNotification"("customerId", "isRead");

-- AddForeignKey
ALTER TABLE "User" ADD CONSTRAINT "User_organizationId_fkey" FOREIGN KEY ("organizationId") REFERENCES "Organization"("id") ON DELETE CASCADE ON UPDATE CASCADE;

-- AddForeignKey
ALTER TABLE "Client" ADD CONSTRAINT "Client_organizationId_fkey" FOREIGN KEY ("organizationId") REFERENCES "Organization"("id") ON DELETE CASCADE ON UPDATE CASCADE;

-- AddForeignKey
ALTER TABLE "Product" ADD CONSTRAINT "Product_organizationId_fkey" FOREIGN KEY ("organizationId") REFERENCES "Organization"("id") ON DELETE CASCADE ON UPDATE CASCADE;

-- AddForeignKey
ALTER TABLE "Product" ADD CONSTRAINT "Product_categoryId_fkey" FOREIGN KEY ("categoryId") REFERENCES "ProductCategory"("id") ON DELETE SET NULL ON UPDATE CASCADE;

-- AddForeignKey
ALTER TABLE "Order" ADD CONSTRAINT "Order_organizationId_fkey" FOREIGN KEY ("organizationId") REFERENCES "Organization"("id") ON DELETE CASCADE ON UPDATE CASCADE;

-- AddForeignKey
ALTER TABLE "Order" ADD CONSTRAINT "Order_customerId_fkey" FOREIGN KEY ("customerId") REFERENCES "Customer"("id") ON DELETE CASCADE ON UPDATE CASCADE;

-- AddForeignKey
ALTER TABLE "Order" ADD CONSTRAINT "Order_deliverySiteId_fkey" FOREIGN KEY ("deliverySiteId") REFERENCES "CustomerSite"("id") ON DELETE SET NULL ON UPDATE CASCADE;

-- AddForeignKey
ALTER TABLE "Order" ADD CONSTRAINT "Order_billingSiteId_fkey" FOREIGN KEY ("billingSiteId") REFERENCES "CustomerSite"("id") ON DELETE SET NULL ON UPDATE CASCADE;

-- AddForeignKey
ALTER TABLE "Order" ADD CONSTRAINT "Order_createdById_fkey" FOREIGN KEY ("createdById") REFERENCES "User"("id") ON DELETE CASCADE ON UPDATE CASCADE;

-- AddForeignKey
ALTER TABLE "Order" ADD CONSTRAINT "Order_approvedById_fkey" FOREIGN KEY ("approvedById") REFERENCES "User"("id") ON DELETE SET NULL ON UPDATE CASCADE;

-- AddForeignKey
ALTER TABLE "Customer" ADD CONSTRAINT "Customer_organizationId_fkey" FOREIGN KEY ("organizationId") REFERENCES "Organization"("id") ON DELETE CASCADE ON UPDATE CASCADE;

-- AddForeignKey
ALTER TABLE "CustomerSite" ADD CONSTRAINT "CustomerSite_organizationId_fkey" FOREIGN KEY ("organizationId") REFERENCES "Organization"("id") ON DELETE CASCADE ON UPDATE CASCADE;

-- AddForeignKey
ALTER TABLE "CustomerSite" ADD CONSTRAINT "CustomerSite_customerId_fkey" FOREIGN KEY ("customerId") REFERENCES "Customer"("id") ON DELETE CASCADE ON UPDATE CASCADE;

-- AddForeignKey
ALTER TABLE "CustomerPriceList" ADD CONSTRAINT "CustomerPriceList_organizationId_fkey" FOREIGN KEY ("organizationId") REFERENCES "Organization"("id") ON DELETE CASCADE ON UPDATE CASCADE;

-- AddForeignKey
ALTER TABLE "CustomerPriceList" ADD CONSTRAINT "CustomerPriceList_customerId_fkey" FOREIGN KEY ("customerId") REFERENCES "Customer"("id") ON DELETE CASCADE ON UPDATE CASCADE;

-- AddForeignKey
ALTER TABLE "CustomerPriceList" ADD CONSTRAINT "CustomerPriceList_productId_fkey" FOREIGN KEY ("productId") REFERENCES "Product"("id") ON DELETE CASCADE ON UPDATE CASCADE;

-- AddForeignKey
ALTER TABLE "ProductCategory" ADD CONSTRAINT "ProductCategory_organizationId_fkey" FOREIGN KEY ("organizationId") REFERENCES "Organization"("id") ON DELETE CASCADE ON UPDATE CASCADE;

-- AddForeignKey
ALTER TABLE "ProductCategory" ADD CONSTRAINT "ProductCategory_parentId_fkey" FOREIGN KEY ("parentId") REFERENCES "ProductCategory"("id") ON DELETE SET NULL ON UPDATE CASCADE;

-- AddForeignKey
ALTER TABLE "OrderLine" ADD CONSTRAINT "OrderLine_organizationId_fkey" FOREIGN KEY ("organizationId") REFERENCES "Organization"("id") ON DELETE CASCADE ON UPDATE CASCADE;

-- AddForeignKey
ALTER TABLE "OrderLine" ADD CONSTRAINT "OrderLine_orderId_fkey" FOREIGN KEY ("orderId") REFERENCES "Order"("id") ON DELETE CASCADE ON UPDATE CASCADE;

-- AddForeignKey
ALTER TABLE "OrderLine" ADD CONSTRAINT "OrderLine_productId_fkey" FOREIGN KEY ("productId") REFERENCES "Product"("id") ON DELETE SET NULL ON UPDATE CASCADE;

-- AddForeignKey
ALTER TABLE "OrderLineStockReservation" ADD CONSTRAINT "OrderLineStockReservation_organizationId_fkey" FOREIGN KEY ("organizationId") REFERENCES "Organization"("id") ON DELETE CASCADE ON UPDATE CASCADE;

-- AddForeignKey
ALTER TABLE "OrderLineStockReservation" ADD CONSTRAINT "OrderLineStockReservation_orderId_fkey" FOREIGN KEY ("orderId") REFERENCES "Order"("id") ON DELETE CASCADE ON UPDATE CASCADE;

-- AddForeignKey
ALTER TABLE "OrderLineStockReservation" ADD CONSTRAINT "OrderLineStockReservation_orderLineId_fkey" FOREIGN KEY ("orderLineId") REFERENCES "OrderLine"("id") ON DELETE CASCADE ON UPDATE CASCADE;

-- AddForeignKey
ALTER TABLE "OrderLineStockReservation" ADD CONSTRAINT "OrderLineStockReservation_productId_fkey" FOREIGN KEY ("productId") REFERENCES "Product"("id") ON DELETE CASCADE ON UPDATE CASCADE;

-- AddForeignKey
ALTER TABLE "OrderStatusHistory" ADD CONSTRAINT "OrderStatusHistory_organizationId_fkey" FOREIGN KEY ("organizationId") REFERENCES "Organization"("id") ON DELETE CASCADE ON UPDATE CASCADE;

-- AddForeignKey
ALTER TABLE "OrderStatusHistory" ADD CONSTRAINT "OrderStatusHistory_orderId_fkey" FOREIGN KEY ("orderId") REFERENCES "Order"("id") ON DELETE CASCADE ON UPDATE CASCADE;

-- AddForeignKey
ALTER TABLE "OrderStatusHistory" ADD CONSTRAINT "OrderStatusHistory_changedById_fkey" FOREIGN KEY ("changedById") REFERENCES "User"("id") ON DELETE CASCADE ON UPDATE CASCADE;

-- AddForeignKey
ALTER TABLE "Invoice" ADD CONSTRAINT "Invoice_organizationId_fkey" FOREIGN KEY ("organizationId") REFERENCES "Organization"("id") ON DELETE CASCADE ON UPDATE CASCADE;

-- AddForeignKey
ALTER TABLE "Invoice" ADD CONSTRAINT "Invoice_orderId_fkey" FOREIGN KEY ("orderId") REFERENCES "Order"("id") ON DELETE SET NULL ON UPDATE CASCADE;

-- AddForeignKey
ALTER TABLE "Invoice" ADD CONSTRAINT "Invoice_customerId_fkey" FOREIGN KEY ("customerId") REFERENCES "Customer"("id") ON DELETE CASCADE ON UPDATE CASCADE;

-- AddForeignKey
ALTER TABLE "Invoice" ADD CONSTRAINT "Invoice_originalInvoiceId_fkey" FOREIGN KEY ("originalInvoiceId") REFERENCES "Invoice"("id") ON DELETE SET NULL ON UPDATE CASCADE;

-- AddForeignKey
ALTER TABLE "InvoiceLine" ADD CONSTRAINT "InvoiceLine_organizationId_fkey" FOREIGN KEY ("organizationId") REFERENCES "Organization"("id") ON DELETE CASCADE ON UPDATE CASCADE;

-- AddForeignKey
ALTER TABLE "InvoiceLine" ADD CONSTRAINT "InvoiceLine_invoiceId_fkey" FOREIGN KEY ("invoiceId") REFERENCES "Invoice"("id") ON DELETE CASCADE ON UPDATE CASCADE;

-- AddForeignKey
ALTER TABLE "Payment" ADD CONSTRAINT "Payment_organizationId_fkey" FOREIGN KEY ("organizationId") REFERENCES "Organization"("id") ON DELETE CASCADE ON UPDATE CASCADE;

-- AddForeignKey
ALTER TABLE "Payment" ADD CONSTRAINT "Payment_invoiceId_fkey" FOREIGN KEY ("invoiceId") REFERENCES "Invoice"("id") ON DELETE CASCADE ON UPDATE CASCADE;

-- AddForeignKey
ALTER TABLE "InvoiceSequence" ADD CONSTRAINT "InvoiceSequence_organizationId_fkey" FOREIGN KEY ("organizationId") REFERENCES "Organization"("id") ON DELETE CASCADE ON UPDATE CASCADE;

-- AddForeignKey
ALTER TABLE "Notification" ADD CONSTRAINT "Notification_userId_fkey" FOREIGN KEY ("userId") REFERENCES "User"("id") ON DELETE CASCADE ON UPDATE CASCADE;

-- AddForeignKey
ALTER TABLE "Notification" ADD CONSTRAINT "Notification_organizationId_fkey" FOREIGN KEY ("organizationId") REFERENCES "Organization"("id") ON DELETE CASCADE ON UPDATE CASCADE;

-- AddForeignKey
ALTER TABLE "PortalNotification" ADD CONSTRAINT "PortalNotification_organizationId_fkey" FOREIGN KEY ("organizationId") REFERENCES "Organization"("id") ON DELETE CASCADE ON UPDATE CASCADE;

-- AddForeignKey
ALTER TABLE "PortalNotification" ADD CONSTRAINT "PortalNotification_customerId_fkey" FOREIGN KEY ("customerId") REFERENCES "Customer"("id") ON DELETE CASCADE ON UPDATE CASCADE;

-- AddForeignKey
ALTER TABLE "PortalNotification" ADD CONSTRAINT "PortalNotification_orderId_fkey" FOREIGN KEY ("orderId") REFERENCES "Order"("id") ON DELETE SET NULL ON UPDATE CASCADE;

-- AddForeignKey
ALTER TABLE "EmailQueue" ADD CONSTRAINT "EmailQueue_organizationId_fkey" FOREIGN KEY ("organizationId") REFERENCES "Organization"("id") ON DELETE CASCADE ON UPDATE CASCADE;

-- === Données exportées depuis prisma/dev.db ===

-- Données exportées depuis SQLite (projet local).
-- Exécuter sur PostgreSQL / Supabase APRÈS scripts/sql/01_schema_postgresql.sql
-- Base vide recommandée (sinon risque de conflits d’unicité).

BEGIN;

INSERT INTO "Organization" ("id", "name", "slug", "siret", "address", "phone", "email", "vatNumber", "logo", "approvalThresholdTtc", "legalMentions", "reminderDelayDays", "createdAt", "updatedAt") VALUES ('cmnh6utu50000tgma77zj2g7h', 'Alpha Services', 'alpha-services', '12345678900011', '10 Rue de Paris, 75001 Paris', '0102030405', 'contact@alpha.test', NULL, 'https://example.com/alpha-logo.png', 500, 'Penalites de retard: taux legal en vigueur. Indemnite forfaitaire de recouvrement: 40 EUR.', 7, (to_timestamp(1775117044.877))::timestamp(3), (to_timestamp(1775117044.877))::timestamp(3));
INSERT INTO "Organization" ("id", "name", "slug", "siret", "address", "phone", "email", "vatNumber", "logo", "approvalThresholdTtc", "legalMentions", "reminderDelayDays", "createdAt", "updatedAt") VALUES ('cmnh6uvha0007tgmakp0p2vac', 'Beta Commerce', 'beta-commerce', '98765432100022', '22 Avenue de Lyon, 69002 Lyon', '0607080910', 'contact@beta.test', NULL, 'https://example.com/beta-logo.png', 800, 'Penalites de retard: taux legal en vigueur. Indemnite forfaitaire de recouvrement: 40 EUR.', 7, (to_timestamp(1775117047.006))::timestamp(3), (to_timestamp(1775117047.006))::timestamp(3));
INSERT INTO "Organization" ("id", "name", "slug", "siret", "address", "phone", "email", "vatNumber", "logo", "approvalThresholdTtc", "legalMentions", "reminderDelayDays", "createdAt", "updatedAt") VALUES ('cmnhay2dx0009cbcbf7fu3dzf', 'cc', 'cc', 'cc', 'cc', '22', 'Clean@gmail.com', NULL, NULL, 1000, 'Penalites de retard: taux legal en vigueur. Indemnite forfaitaire de recouvrement: 40 EUR.', 7, (to_timestamp(1775123914.388))::timestamp(3), (to_timestamp(1775123914.388))::timestamp(3));
INSERT INTO "User" ("id", "email", "passwordHash", "firstName", "lastName", "role", "isActive", "lastLoginAt", "createdAt", "updatedAt", "organizationId") VALUES ('cmnh6uued0002tgmaa0v7qco1', 'owner@alpha.test', '$2b$12$0nl7c/bVA7jyaBV6055PNOb8OlvszE/i7orHcyENCrCjWguMf0QCy', 'Alice', 'Owner', 'OWNER', TRUE, NULL, (to_timestamp(1775117045.603))::timestamp(3), (to_timestamp(1775117045.603))::timestamp(3), 'cmnh6utu50000tgma77zj2g7h');
INSERT INTO "User" ("id", "email", "passwordHash", "firstName", "lastName", "role", "isActive", "lastLoginAt", "createdAt", "updatedAt", "organizationId") VALUES ('cmnh6uuxt0004tgmatvj7nr3b', 'manager@alpha.test', '$2b$12$/2PKLkHGZOeAuXNsz3gCB.qj6GSKSeRzBsZizPvgCOdjPY7fHgrYG', 'Marc', 'Manager', 'MANAGER', TRUE, NULL, (to_timestamp(1775117046.305))::timestamp(3), (to_timestamp(1775117046.305))::timestamp(3), 'cmnh6utu50000tgma77zj2g7h');
INSERT INTO "User" ("id", "email", "passwordHash", "firstName", "lastName", "role", "isActive", "lastLoginAt", "createdAt", "updatedAt", "organizationId") VALUES ('cmnh6uvgy0006tgmac9yfaqce', 'viewer@alpha.test', '$2b$12$Uy0AYFEV1HXdhRlmeEKJneC7HuZntFhSRq3nzT2x9PVKYwwC2LhPi', 'Val', 'Viewer', 'VIEWER', TRUE, NULL, (to_timestamp(1775117046.994))::timestamp(3), (to_timestamp(1775117046.994))::timestamp(3), 'cmnh6utu50000tgma77zj2g7h');
INSERT INTO "User" ("id", "email", "passwordHash", "firstName", "lastName", "role", "isActive", "lastLoginAt", "createdAt", "updatedAt", "organizationId") VALUES ('cmnh6uw2s0009tgmaht4v30yh', 'owner@beta.test', '$2b$12$I2g0L88zc0QtEE.TfTF8P.4HLd0gC30UQald370iphUgLohzjnM1q', 'Benoit', 'Owner', 'OWNER', TRUE, NULL, (to_timestamp(1775117047.78))::timestamp(3), (to_timestamp(1775117047.78))::timestamp(3), 'cmnh6uvha0007tgmakp0p2vac');
INSERT INTO "User" ("id", "email", "passwordHash", "firstName", "lastName", "role", "isActive", "lastLoginAt", "createdAt", "updatedAt", "organizationId") VALUES ('cmnh6uwlr000btgmakkfmr5xo', 'admin@beta.test', '$2b$12$BPMIWm2RVZejeXfpynSRhutLUeV4LohPzVBijZKpnfpIeZ7hIAOJO', 'Amina', 'Admin', 'ADMIN', TRUE, NULL, (to_timestamp(1775117048.463))::timestamp(3), (to_timestamp(1775117048.463))::timestamp(3), 'cmnh6uvha0007tgmakp0p2vac');
INSERT INTO "User" ("id", "email", "passwordHash", "firstName", "lastName", "role", "isActive", "lastLoginAt", "createdAt", "updatedAt", "organizationId") VALUES ('cmnh6ux46000dtgmatt490b1y', 'member@beta.test', '$2b$12$LLJJS5VL/fc5BW0E.xIoEeSozfeD0wNASC4CI/jiur9k/MITHOiRG', 'Mehdi', 'Member', 'MEMBER', TRUE, NULL, (to_timestamp(1775117049.127))::timestamp(3), (to_timestamp(1775117049.127))::timestamp(3), 'cmnh6uvha0007tgmakp0p2vac');
INSERT INTO "User" ("id", "email", "passwordHash", "firstName", "lastName", "role", "isActive", "lastLoginAt", "createdAt", "updatedAt", "organizationId") VALUES ('cmnhay2eg000bcbcbbnr61vdm', 'Clean@gmail.com', '$2b$12$i40Dso4t5IahqtFbYD70NOtVYjfbYz67Crght6k3E4bG6UaBMqYP6', 'dd', 'dd', 'OWNER', TRUE, (to_timestamp(1775932078.895))::timestamp(3), (to_timestamp(1775123914.407))::timestamp(3), (to_timestamp(1775932078.904))::timestamp(3), 'cmnhay2dx0009cbcbf7fu3dzf');
INSERT INTO "ProductCategory" ("id", "organizationId", "name", "slug", "description", "parentId", "sortOrder", "createdAt", "updatedAt") VALUES ('cmnh6uxcm001ptgmaylqyydt3', 'cmnh6uvha0007tgmakp0p2vac', 'Boissons', 'boissons', NULL, NULL, 1, (to_timestamp(1775117049.43))::timestamp(3), (to_timestamp(1775117049.43))::timestamp(3));
INSERT INTO "ProductCategory" ("id", "organizationId", "name", "slug", "description", "parentId", "sortOrder", "createdAt", "updatedAt") VALUES ('cmnh6uxcy001rtgma9ftex8bh', 'cmnh6uvha0007tgmakp0p2vac', 'Materiaux', 'materiaux', NULL, NULL, 2, (to_timestamp(1775117049.442))::timestamp(3), (to_timestamp(1775117049.442))::timestamp(3));
INSERT INTO "ProductCategory" ("id", "organizationId", "name", "slug", "description", "parentId", "sortOrder", "createdAt", "updatedAt") VALUES ('cmnh6uxd8001ttgmayxyqxfms', 'cmnh6uvha0007tgmakp0p2vac', 'Services', 'services', NULL, NULL, 3, (to_timestamp(1775117049.452))::timestamp(3), (to_timestamp(1775117049.452))::timestamp(3));
INSERT INTO "ProductCategory" ("id", "organizationId", "name", "slug", "description", "parentId", "sortOrder", "createdAt", "updatedAt") VALUES ('cmniqu25j000dfkecfi2yndrr', 'cmnh6uvha0007tgmakp0p2vac', 'Matériel de ménage', 'materiel-menage', 'Produits et chariots de ménage', NULL, 50, (to_timestamp(1775211067.496))::timestamp(3), (to_timestamp(1775211067.496))::timestamp(3));
INSERT INTO "ProductCategory" ("id", "organizationId", "name", "slug", "description", "parentId", "sortOrder", "createdAt", "updatedAt") VALUES ('cmnkjvf3x00023q44mkuxww15', 'cmnh6utu50000tgma77zj2g7h', 'Chimie & entretien', 'grp-chimie', NULL, NULL, 1, (to_timestamp(1775320305.979))::timestamp(3), (to_timestamp(1775320305.979))::timestamp(3));
INSERT INTO "ProductCategory" ("id", "organizationId", "name", "slug", "description", "parentId", "sortOrder", "createdAt", "updatedAt") VALUES ('cmnkjvf4500043q44rnpw30xl', 'cmnh6utu50000tgma77zj2g7h', 'Matériel & équipement', 'grp-materiel', NULL, NULL, 2, (to_timestamp(1775320305.99))::timestamp(3), (to_timestamp(1775320305.99))::timestamp(3));
INSERT INTO "ProductCategory" ("id", "organizationId", "name", "slug", "description", "parentId", "sortOrder", "createdAt", "updatedAt") VALUES ('cmnkjvf4700063q44rxmroxg4', 'cmnh6utu50000tgma77zj2g7h', 'Anti-nuisibles & hygiène ciblée', 'grp-acto', NULL, NULL, 3, (to_timestamp(1775320305.992))::timestamp(3), (to_timestamp(1775320305.992))::timestamp(3));
INSERT INTO "ProductCategory" ("id", "organizationId", "name", "slug", "description", "parentId", "sortOrder", "createdAt", "updatedAt") VALUES ('cmnkkma0z0002zfwad0bp45vm', 'cmnhay2dx0009cbcbf7fu3dzf', 'Chimie & entretien', 'grp-chimie', NULL, NULL, 1, (to_timestamp(1775321559.105))::timestamp(3), (to_timestamp(1775321559.105))::timestamp(3));
INSERT INTO "ProductCategory" ("id", "organizationId", "name", "slug", "description", "parentId", "sortOrder", "createdAt", "updatedAt") VALUES ('cmnkkma140004zfwagbv5jskw', 'cmnhay2dx0009cbcbf7fu3dzf', 'Matériel & équipement', 'grp-materiel', NULL, NULL, 2, (to_timestamp(1775321559.113))::timestamp(3), (to_timestamp(1775321559.113))::timestamp(3));
INSERT INTO "ProductCategory" ("id", "organizationId", "name", "slug", "description", "parentId", "sortOrder", "createdAt", "updatedAt") VALUES ('cmnkkma160006zfwaujujxzle', 'cmnhay2dx0009cbcbf7fu3dzf', 'Anti-nuisibles & hygiène ciblée', 'grp-acto', NULL, NULL, 3, (to_timestamp(1775321559.114))::timestamp(3), (to_timestamp(1775321559.114))::timestamp(3));
INSERT INTO "ProductCategory" ("id", "organizationId", "name", "slug", "description", "parentId", "sortOrder", "createdAt", "updatedAt") VALUES ('cmnh6uxdh0020tgma3muudxzi', 'cmnh6uvha0007tgmakp0p2vac', 'Jus', 'jus', NULL, 'cmnh6uxcm001ptgmaylqyydt3', 1, (to_timestamp(1775117049.461))::timestamp(3), (to_timestamp(1775117049.461))::timestamp(3));
INSERT INTO "ProductCategory" ("id", "organizationId", "name", "slug", "description", "parentId", "sortOrder", "createdAt", "updatedAt") VALUES ('cmnh6uxdh001ytgma73wmuotl', 'cmnh6uvha0007tgmakp0p2vac', 'Eaux', 'eaux', NULL, 'cmnh6uxcm001ptgmaylqyydt3', 2, (to_timestamp(1775117049.461))::timestamp(3), (to_timestamp(1775117049.461))::timestamp(3));
INSERT INTO "ProductCategory" ("id", "organizationId", "name", "slug", "description", "parentId", "sortOrder", "createdAt", "updatedAt") VALUES ('cmnh6uxdi0023tgmaz95kn7eq', 'cmnh6uvha0007tgmakp0p2vac', 'Conseil', 'conseil', NULL, 'cmnh6uxd8001ttgmayxyqxfms', 1, (to_timestamp(1775117049.462))::timestamp(3), (to_timestamp(1775117049.462))::timestamp(3));
INSERT INTO "ProductCategory" ("id", "organizationId", "name", "slug", "description", "parentId", "sortOrder", "createdAt", "updatedAt") VALUES ('cmnh6uxdh0021tgma58inofv5', 'cmnh6uvha0007tgmakp0p2vac', 'Bois', 'bois', NULL, 'cmnh6uxcy001rtgma9ftex8bh', 2, (to_timestamp(1775117049.461))::timestamp(3), (to_timestamp(1775117049.461))::timestamp(3));
INSERT INTO "ProductCategory" ("id", "organizationId", "name", "slug", "description", "parentId", "sortOrder", "createdAt", "updatedAt") VALUES ('cmnh6uxdh001ztgmajzbwgswr', 'cmnh6uvha0007tgmakp0p2vac', 'Metaux', 'metaux', NULL, 'cmnh6uxcy001rtgma9ftex8bh', 1, (to_timestamp(1775117049.461))::timestamp(3), (to_timestamp(1775117049.461))::timestamp(3));
INSERT INTO "ProductCategory" ("id", "organizationId", "name", "slug", "description", "parentId", "sortOrder", "createdAt", "updatedAt") VALUES ('cmnkjvf4900083q44nw0chysd', 'cmnh6utu50000tgma77zj2g7h', 'Sanitaires & détartrage', 'sanitaires-detartrage', NULL, 'cmnkjvf3x00023q44mkuxww15', 1, (to_timestamp(1775320305.994))::timestamp(3), (to_timestamp(1775320305.994))::timestamp(3));
INSERT INTO "ProductCategory" ("id", "organizationId", "name", "slug", "description", "parentId", "sortOrder", "createdAt", "updatedAt") VALUES ('cmnkjvf4b000a3q44s38gatcb', 'cmnh6utu50000tgma77zj2g7h', 'Vitres & surfaces lisses', 'vitres-surfaces', NULL, 'cmnkjvf3x00023q44mkuxww15', 2, (to_timestamp(1775320305.995))::timestamp(3), (to_timestamp(1775320305.995))::timestamp(3));
INSERT INTO "ProductCategory" ("id", "organizationId", "name", "slug", "description", "parentId", "sortOrder", "createdAt", "updatedAt") VALUES ('cmnkjvf4c000c3q44nucsxqeq', 'cmnh6utu50000tgma77zj2g7h', 'Sols durs, parquets & moquettes', 'sols-parquets-moquettes', NULL, 'cmnkjvf3x00023q44mkuxww15', 3, (to_timestamp(1775320305.997))::timestamp(3), (to_timestamp(1775320305.997))::timestamp(3));
INSERT INTO "ProductCategory" ("id", "organizationId", "name", "slug", "description", "parentId", "sortOrder", "createdAt", "updatedAt") VALUES ('cmnkjvf4e000e3q44m2o7bhd5', 'cmnh6utu50000tgma77zj2g7h', 'Inox & métaux', 'inox-metaux', NULL, 'cmnkjvf3x00023q44mkuxww15', 4, (to_timestamp(1775320305.998))::timestamp(3), (to_timestamp(1775320305.998))::timestamp(3));
INSERT INTO "ProductCategory" ("id", "organizationId", "name", "slug", "description", "parentId", "sortOrder", "createdAt", "updatedAt") VALUES ('cmnkjvf4f000g3q443on6jfs6', 'cmnh6utu50000tgma77zj2g7h', 'Parfums d’ambiance & désodorisants', 'parfums-desodorisants', NULL, 'cmnkjvf3x00023q44mkuxww15', 5, (to_timestamp(1775320306))::timestamp(3), (to_timestamp(1775320306))::timestamp(3));
INSERT INTO "ProductCategory" ("id", "organizationId", "name", "slug", "description", "parentId", "sortOrder", "createdAt", "updatedAt") VALUES ('cmnkjvf4i000i3q44zfv4elud', 'cmnh6utu50000tgma77zj2g7h', 'Textiles, tapis & moquettes (2D)', 'textiles-tapis', NULL, 'cmnkjvf3x00023q44mkuxww15', 6, (to_timestamp(1775320306.002))::timestamp(3), (to_timestamp(1775320306.002))::timestamp(3));
INSERT INTO "ProductCategory" ("id", "organizationId", "name", "slug", "description", "parentId", "sortOrder", "createdAt", "updatedAt") VALUES ('cmnkjvf4j000k3q44ksyspi7m', 'cmnh6utu50000tgma77zj2g7h', 'Mains, peau & vaisselle', 'mains-vaisselle', NULL, 'cmnkjvf3x00023q44mkuxww15', 7, (to_timestamp(1775320306.004))::timestamp(3), (to_timestamp(1775320306.004))::timestamp(3));
INSERT INTO "ProductCategory" ("id", "organizationId", "name", "slug", "description", "parentId", "sortOrder", "createdAt", "updatedAt") VALUES ('cmnkjvf4l000m3q44m7geqihl', 'cmnh6utu50000tgma77zj2g7h', 'Détergence pro & entretien écologique', 'detergence-pro-eco', NULL, 'cmnkjvf3x00023q44mkuxww15', 8, (to_timestamp(1775320306.006))::timestamp(3), (to_timestamp(1775320306.006))::timestamp(3));
INSERT INTO "ProductCategory" ("id", "organizationId", "name", "slug", "description", "parentId", "sortOrder", "createdAt", "updatedAt") VALUES ('cmnkjvf4n000o3q44ghlaa1f5', 'cmnh6utu50000tgma77zj2g7h', 'Microfibres, éponges & tampons', 'microfibres-eponges', NULL, 'cmnkjvf4500043q44rnpw30xl', 1, (to_timestamp(1775320306.007))::timestamp(3), (to_timestamp(1775320306.007))::timestamp(3));
INSERT INTO "ProductCategory" ("id", "organizationId", "name", "slug", "description", "parentId", "sortOrder", "createdAt", "updatedAt") VALUES ('cmnkjvf4o000q3q44wu92xfz7', 'cmnh6utu50000tgma77zj2g7h', 'Franges, raclettes & supports', 'franges-raclettes-supports', NULL, 'cmnkjvf4500043q44rnpw30xl', 2, (to_timestamp(1775320306.008))::timestamp(3), (to_timestamp(1775320306.008))::timestamp(3));
INSERT INTO "ProductCategory" ("id", "organizationId", "name", "slug", "description", "parentId", "sortOrder", "createdAt", "updatedAt") VALUES ('cmnkjvf4p000s3q44es86fyoj', 'cmnh6utu50000tgma77zj2g7h', 'Balais, pelles & manches', 'balais-pelles-manches', NULL, 'cmnkjvf4500043q44rnpw30xl', 3, (to_timestamp(1775320306.01))::timestamp(3), (to_timestamp(1775320306.01))::timestamp(3));
INSERT INTO "ProductCategory" ("id", "organizationId", "name", "slug", "description", "parentId", "sortOrder", "createdAt", "updatedAt") VALUES ('cmnkjvf4r000u3q4463e93lzv', 'cmnh6utu50000tgma77zj2g7h', 'Sacs & films poubelle', 'sacs-films', NULL, 'cmnkjvf4500043q44rnpw30xl', 4, (to_timestamp(1775320306.011))::timestamp(3), (to_timestamp(1775320306.011))::timestamp(3));
INSERT INTO "ProductCategory" ("id", "organizationId", "name", "slug", "description", "parentId", "sortOrder", "createdAt", "updatedAt") VALUES ('cmnkjvf4s000w3q4461u6uelc', 'cmnh6utu50000tgma77zj2g7h', 'Papier hygiénique & essuyage', 'papier-essuyage', NULL, 'cmnkjvf4500043q44rnpw30xl', 5, (to_timestamp(1775320306.012))::timestamp(3), (to_timestamp(1775320306.012))::timestamp(3));
INSERT INTO "ProductCategory" ("id", "organizationId", "name", "slug", "description", "parentId", "sortOrder", "createdAt", "updatedAt") VALUES ('cmnkjvf4u000y3q447qgga8wn', 'cmnh6utu50000tgma77zj2g7h', 'Seaux, presses & chariots', 'seaux-chariots', NULL, 'cmnkjvf4500043q44rnpw30xl', 6, (to_timestamp(1775320306.014))::timestamp(3), (to_timestamp(1775320306.014))::timestamp(3));
INSERT INTO "ProductCategory" ("id", "organizationId", "name", "slug", "description", "parentId", "sortOrder", "createdAt", "updatedAt") VALUES ('cmnkjvf4v00103q442l9tk18b', 'cmnh6utu50000tgma77zj2g7h', 'Machines & consommables sol', 'machines-consommables', NULL, 'cmnkjvf4500043q44rnpw30xl', 7, (to_timestamp(1775320306.015))::timestamp(3), (to_timestamp(1775320306.015))::timestamp(3));
INSERT INTO "ProductCategory" ("id", "organizationId", "name", "slug", "description", "parentId", "sortOrder", "createdAt", "updatedAt") VALUES ('cmnkjvf4w00123q444g1s8ito', 'cmnh6utu50000tgma77zj2g7h', 'Lavage de vitres pro (Unger & accessoires)', 'lavage-vitres-pro', NULL, 'cmnkjvf4500043q44rnpw30xl', 8, (to_timestamp(1775320306.017))::timestamp(3), (to_timestamp(1775320306.017))::timestamp(3));
INSERT INTO "ProductCategory" ("id", "organizationId", "name", "slug", "description", "parentId", "sortOrder", "createdAt", "updatedAt") VALUES ('cmnkjvf4y00143q44t8pv7twz', 'cmnh6utu50000tgma77zj2g7h', 'Gamme ACTO', 'acto-produits', NULL, 'cmnkjvf4700063q44rxmroxg4', 1, (to_timestamp(1775320306.018))::timestamp(3), (to_timestamp(1775320306.018))::timestamp(3));
INSERT INTO "ProductCategory" ("id", "organizationId", "name", "slug", "description", "parentId", "sortOrder", "createdAt", "updatedAt") VALUES ('cmnkkma180008zfwa7q6oimuc', 'cmnhay2dx0009cbcbf7fu3dzf', 'Sanitaires & détartrage', 'sanitaires-detartrage', NULL, 'cmnkkma0z0002zfwad0bp45vm', 1, (to_timestamp(1775321559.116))::timestamp(3), (to_timestamp(1775321559.116))::timestamp(3));
INSERT INTO "ProductCategory" ("id", "organizationId", "name", "slug", "description", "parentId", "sortOrder", "createdAt", "updatedAt") VALUES ('cmnkkma1a000azfwaziyuj31c', 'cmnhay2dx0009cbcbf7fu3dzf', 'Vitres & surfaces lisses', 'vitres-surfaces', NULL, 'cmnkkma0z0002zfwad0bp45vm', 2, (to_timestamp(1775321559.118))::timestamp(3), (to_timestamp(1775321559.118))::timestamp(3));
INSERT INTO "ProductCategory" ("id", "organizationId", "name", "slug", "description", "parentId", "sortOrder", "createdAt", "updatedAt") VALUES ('cmnkkma1b000czfwa3ptsd7ml', 'cmnhay2dx0009cbcbf7fu3dzf', 'Sols durs, parquets & moquettes', 'sols-parquets-moquettes', NULL, 'cmnkkma0z0002zfwad0bp45vm', 3, (to_timestamp(1775321559.12))::timestamp(3), (to_timestamp(1775321559.12))::timestamp(3));
INSERT INTO "ProductCategory" ("id", "organizationId", "name", "slug", "description", "parentId", "sortOrder", "createdAt", "updatedAt") VALUES ('cmnkkma1d000ezfwa05h2u3p9', 'cmnhay2dx0009cbcbf7fu3dzf', 'Inox & métaux', 'inox-metaux', NULL, 'cmnkkma0z0002zfwad0bp45vm', 4, (to_timestamp(1775321559.121))::timestamp(3), (to_timestamp(1775321559.121))::timestamp(3));
INSERT INTO "ProductCategory" ("id", "organizationId", "name", "slug", "description", "parentId", "sortOrder", "createdAt", "updatedAt") VALUES ('cmnkkma1f000gzfwaxlr38v8g', 'cmnhay2dx0009cbcbf7fu3dzf', 'Parfums d’ambiance & désodorisants', 'parfums-desodorisants', NULL, 'cmnkkma0z0002zfwad0bp45vm', 5, (to_timestamp(1775321559.123))::timestamp(3), (to_timestamp(1775321559.123))::timestamp(3));
INSERT INTO "ProductCategory" ("id", "organizationId", "name", "slug", "description", "parentId", "sortOrder", "createdAt", "updatedAt") VALUES ('cmnkkma1g000izfwavtv0kgau', 'cmnhay2dx0009cbcbf7fu3dzf', 'Textiles, tapis & moquettes (2D)', 'textiles-tapis', NULL, 'cmnkkma0z0002zfwad0bp45vm', 6, (to_timestamp(1775321559.125))::timestamp(3), (to_timestamp(1775321559.125))::timestamp(3));
INSERT INTO "ProductCategory" ("id", "organizationId", "name", "slug", "description", "parentId", "sortOrder", "createdAt", "updatedAt") VALUES ('cmnkkma1h000kzfwa4slv5cjk', 'cmnhay2dx0009cbcbf7fu3dzf', 'Mains, peau & vaisselle', 'mains-vaisselle', NULL, 'cmnkkma0z0002zfwad0bp45vm', 7, (to_timestamp(1775321559.126))::timestamp(3), (to_timestamp(1775321559.126))::timestamp(3));
INSERT INTO "ProductCategory" ("id", "organizationId", "name", "slug", "description", "parentId", "sortOrder", "createdAt", "updatedAt") VALUES ('cmnkkma1j000mzfwa91bqirxz', 'cmnhay2dx0009cbcbf7fu3dzf', 'Détergence pro & entretien écologique', 'detergence-pro-eco', NULL, 'cmnkkma0z0002zfwad0bp45vm', 8, (to_timestamp(1775321559.127))::timestamp(3), (to_timestamp(1775321559.127))::timestamp(3));
INSERT INTO "ProductCategory" ("id", "organizationId", "name", "slug", "description", "parentId", "sortOrder", "createdAt", "updatedAt") VALUES ('cmnkkma1k000ozfwacgczspqf', 'cmnhay2dx0009cbcbf7fu3dzf', 'Microfibres, éponges & tampons', 'microfibres-eponges', NULL, 'cmnkkma140004zfwagbv5jskw', 1, (to_timestamp(1775321559.128))::timestamp(3), (to_timestamp(1775321559.128))::timestamp(3));
INSERT INTO "ProductCategory" ("id", "organizationId", "name", "slug", "description", "parentId", "sortOrder", "createdAt", "updatedAt") VALUES ('cmnkkma1l000qzfwajpi26sey', 'cmnhay2dx0009cbcbf7fu3dzf', 'Franges, raclettes & supports', 'franges-raclettes-supports', NULL, 'cmnkkma140004zfwagbv5jskw', 2, (to_timestamp(1775321559.13))::timestamp(3), (to_timestamp(1775321559.13))::timestamp(3));
INSERT INTO "ProductCategory" ("id", "organizationId", "name", "slug", "description", "parentId", "sortOrder", "createdAt", "updatedAt") VALUES ('cmnkkma1n000szfwahjpb7wnc', 'cmnhay2dx0009cbcbf7fu3dzf', 'Balais, pelles & manches', 'balais-pelles-manches', NULL, 'cmnkkma140004zfwagbv5jskw', 3, (to_timestamp(1775321559.131))::timestamp(3), (to_timestamp(1775321559.131))::timestamp(3));
INSERT INTO "ProductCategory" ("id", "organizationId", "name", "slug", "description", "parentId", "sortOrder", "createdAt", "updatedAt") VALUES ('cmnkkma1o000uzfwajc3qdqv3', 'cmnhay2dx0009cbcbf7fu3dzf', 'Sacs & films poubelle', 'sacs-films', NULL, 'cmnkkma140004zfwagbv5jskw', 4, (to_timestamp(1775321559.132))::timestamp(3), (to_timestamp(1775321559.132))::timestamp(3));
INSERT INTO "ProductCategory" ("id", "organizationId", "name", "slug", "description", "parentId", "sortOrder", "createdAt", "updatedAt") VALUES ('cmnkkma1p000wzfwa3mp7rlwu', 'cmnhay2dx0009cbcbf7fu3dzf', 'Papier hygiénique & essuyage', 'papier-essuyage', NULL, 'cmnkkma140004zfwagbv5jskw', 5, (to_timestamp(1775321559.134))::timestamp(3), (to_timestamp(1775321559.134))::timestamp(3));
INSERT INTO "ProductCategory" ("id", "organizationId", "name", "slug", "description", "parentId", "sortOrder", "createdAt", "updatedAt") VALUES ('cmnkkma1r000yzfwae6dlbj4d', 'cmnhay2dx0009cbcbf7fu3dzf', 'Seaux, presses & chariots', 'seaux-chariots', NULL, 'cmnkkma140004zfwagbv5jskw', 6, (to_timestamp(1775321559.135))::timestamp(3), (to_timestamp(1775321559.135))::timestamp(3));
INSERT INTO "ProductCategory" ("id", "organizationId", "name", "slug", "description", "parentId", "sortOrder", "createdAt", "updatedAt") VALUES ('cmnkkma1s0010zfwadctec5so', 'cmnhay2dx0009cbcbf7fu3dzf', 'Machines & consommables sol', 'machines-consommables', NULL, 'cmnkkma140004zfwagbv5jskw', 7, (to_timestamp(1775321559.136))::timestamp(3), (to_timestamp(1775321559.136))::timestamp(3));
INSERT INTO "ProductCategory" ("id", "organizationId", "name", "slug", "description", "parentId", "sortOrder", "createdAt", "updatedAt") VALUES ('cmnkkma1t0012zfwazvrt2ls1', 'cmnhay2dx0009cbcbf7fu3dzf', 'Lavage de vitres pro (Unger & accessoires)', 'lavage-vitres-pro', NULL, 'cmnkkma140004zfwagbv5jskw', 8, (to_timestamp(1775321559.137))::timestamp(3), (to_timestamp(1775321559.137))::timestamp(3));
INSERT INTO "ProductCategory" ("id", "organizationId", "name", "slug", "description", "parentId", "sortOrder", "createdAt", "updatedAt") VALUES ('cmnkkma1u0014zfwa0z5a1j9a', 'cmnhay2dx0009cbcbf7fu3dzf', 'Gamme ACTO', 'acto-produits', NULL, 'cmnkkma160006zfwaujujxzle', 1, (to_timestamp(1775321559.138))::timestamp(3), (to_timestamp(1775321559.138))::timestamp(3));
INSERT INTO "Product" ("id", "categoryId", "name", "sku", "description", "unit", "basePriceHt", "vatRate", "isActive", "portalRuptureStock", "minOrderQty", "stockQty", "weightKg", "dimensions", "imageUrls", "supplierUrl", "organizationId", "createdAt", "updatedAt", "technicalSheetUrl") VALUES ('cmnh6uxfd0025tgmae5mf6ys6', 'cmnh6uxcy001rtgma9ftex8bh', 'Produit 1', 'SKU-00001', 'Description produit 1', 'kilogramme', 6.7, '10', TRUE, FALSE, 2, 11, 0.5, '11x6x3', 'https://picsum.photos/seed/cmnh6uvha0007tgmakp0p2vac-1/600/400', NULL, 'cmnh6uvha0007tgmakp0p2vac', (to_timestamp(1775117049.529))::timestamp(3), (to_timestamp(1775117049.529))::timestamp(3), NULL);
INSERT INTO "Product" ("id", "categoryId", "name", "sku", "description", "unit", "basePriceHt", "vatRate", "isActive", "portalRuptureStock", "minOrderQty", "stockQty", "weightKg", "dimensions", "imageUrls", "supplierUrl", "organizationId", "createdAt", "updatedAt", "technicalSheetUrl") VALUES ('cmnh6uxfp0027tgmaqz7kfh7y', 'cmnh6uxd8001ttgmayxyqxfms', 'Produit 2', 'SKU-00002', 'Description produit 2', 'litre', 8.4, '5.5', TRUE, FALSE, 3, 12, 1, '12x7x4', 'https://picsum.photos/seed/cmnh6uvha0007tgmakp0p2vac-2/600/400', NULL, 'cmnh6uvha0007tgmakp0p2vac', (to_timestamp(1775117049.541))::timestamp(3), (to_timestamp(1775117049.541))::timestamp(3), NULL);
INSERT INTO "Product" ("id", "categoryId", "name", "sku", "description", "unit", "basePriceHt", "vatRate", "isActive", "portalRuptureStock", "minOrderQty", "stockQty", "weightKg", "dimensions", "imageUrls", "supplierUrl", "organizationId", "createdAt", "updatedAt", "technicalSheetUrl") VALUES ('cmnh6uxg40029tgmae0mf5p0s', 'cmnh6uxdh0020tgma3muudxzi', 'Produit 3', 'SKU-00003', 'Description produit 3', 'metre', 10.1, '2.1', TRUE, FALSE, 4, 13, 1.5, '13x8x5', 'https://picsum.photos/seed/cmnh6uvha0007tgmakp0p2vac-3/600/400', NULL, 'cmnh6uvha0007tgmakp0p2vac', (to_timestamp(1775117049.556))::timestamp(3), (to_timestamp(1775117049.556))::timestamp(3), NULL);
INSERT INTO "Product" ("id", "categoryId", "name", "sku", "description", "unit", "basePriceHt", "vatRate", "isActive", "portalRuptureStock", "minOrderQty", "stockQty", "weightKg", "dimensions", "imageUrls", "supplierUrl", "organizationId", "createdAt", "updatedAt", "technicalSheetUrl") VALUES ('cmnh6uxgi002btgmamr2xtqzk', 'cmnh6uxdh001ytgma73wmuotl', 'Produit 4', 'SKU-00004', 'Description produit 4', 'heure', 11.8, '0', TRUE, FALSE, 5, NULL, 2, '14x9x6', 'https://picsum.photos/seed/cmnh6uvha0007tgmakp0p2vac-4/600/400', NULL, 'cmnh6uvha0007tgmakp0p2vac', (to_timestamp(1775117049.57))::timestamp(3), (to_timestamp(1775117049.57))::timestamp(3), NULL);
INSERT INTO "Product" ("id", "categoryId", "name", "sku", "description", "unit", "basePriceHt", "vatRate", "isActive", "portalRuptureStock", "minOrderQty", "stockQty", "weightKg", "dimensions", "imageUrls", "supplierUrl", "organizationId", "createdAt", "updatedAt", "technicalSheetUrl") VALUES ('cmnh6uxgt002dtgma7bfooadv', 'cmnh6uxdh001ztgmajzbwgswr', 'Produit 5', 'SKU-00005', 'Description produit 5', 'carton', 13.5, '20', TRUE, FALSE, 1, 15, 2.5, '15x10x7', 'https://picsum.photos/seed/cmnh6uvha0007tgmakp0p2vac-5/600/400', NULL, 'cmnh6uvha0007tgmakp0p2vac', (to_timestamp(1775117049.582))::timestamp(3), (to_timestamp(1775117049.582))::timestamp(3), NULL);
INSERT INTO "Product" ("id", "categoryId", "name", "sku", "description", "unit", "basePriceHt", "vatRate", "isActive", "portalRuptureStock", "minOrderQty", "stockQty", "weightKg", "dimensions", "imageUrls", "supplierUrl", "organizationId", "createdAt", "updatedAt", "technicalSheetUrl") VALUES ('cmnh6uxh6002ftgmaaupvas9t', 'cmnh6uxdh0021tgma58inofv5', 'Produit 6', 'SKU-00006', 'Description produit 6', 'palette', 15.2, '10', TRUE, FALSE, 2, 16, 3, '16x11x8', 'https://picsum.photos/seed/cmnh6uvha0007tgmakp0p2vac-6/600/400', NULL, 'cmnh6uvha0007tgmakp0p2vac', (to_timestamp(1775117049.594))::timestamp(3), (to_timestamp(1775117049.594))::timestamp(3), NULL);
INSERT INTO "Product" ("id", "categoryId", "name", "sku", "description", "unit", "basePriceHt", "vatRate", "isActive", "portalRuptureStock", "minOrderQty", "stockQty", "weightKg", "dimensions", "imageUrls", "supplierUrl", "organizationId", "createdAt", "updatedAt", "technicalSheetUrl") VALUES ('cmnh6uxhh002htgmap4li130a', 'cmnh6uxdi0023tgmaz95kn7eq', 'Produit 7', 'SKU-00007', 'Description produit 7', 'piece', 16.9, '5.5', FALSE, FALSE, 3, 17, 3.5, '17x12x9', 'https://picsum.photos/seed/cmnh6uvha0007tgmakp0p2vac-7/600/400', NULL, 'cmnh6uvha0007tgmakp0p2vac', (to_timestamp(1775117049.606))::timestamp(3), (to_timestamp(1775117049.606))::timestamp(3), NULL);
INSERT INTO "Product" ("id", "categoryId", "name", "sku", "description", "unit", "basePriceHt", "vatRate", "isActive", "portalRuptureStock", "minOrderQty", "stockQty", "weightKg", "dimensions", "imageUrls", "supplierUrl", "organizationId", "createdAt", "updatedAt", "technicalSheetUrl") VALUES ('cmnh6uxhr002jtgmabzxfvqcu', 'cmnh6uxcm001ptgmaylqyydt3', 'Produit 8', 'SKU-00008', 'Description produit 8', 'kilogramme', 18.6, '2.1', TRUE, FALSE, 4, NULL, 4, '18x13x10', 'https://picsum.photos/seed/cmnh6uvha0007tgmakp0p2vac-8/600/400', NULL, 'cmnh6uvha0007tgmakp0p2vac', (to_timestamp(1775117049.616))::timestamp(3), (to_timestamp(1775117049.616))::timestamp(3), NULL);
INSERT INTO "Product" ("id", "categoryId", "name", "sku", "description", "unit", "basePriceHt", "vatRate", "isActive", "portalRuptureStock", "minOrderQty", "stockQty", "weightKg", "dimensions", "imageUrls", "supplierUrl", "organizationId", "createdAt", "updatedAt", "technicalSheetUrl") VALUES ('cmnh6uxi3002ltgmao7hcsez4', 'cmnh6uxcy001rtgma9ftex8bh', 'Produit 9', 'SKU-00009', 'Description produit 9', 'litre', 20.3, '0', TRUE, FALSE, 5, 19, 4.5, '19x14x11', 'https://picsum.photos/seed/cmnh6uvha0007tgmakp0p2vac-9/600/400', NULL, 'cmnh6uvha0007tgmakp0p2vac', (to_timestamp(1775117049.627))::timestamp(3), (to_timestamp(1775117049.627))::timestamp(3), NULL);
INSERT INTO "Product" ("id", "categoryId", "name", "sku", "description", "unit", "basePriceHt", "vatRate", "isActive", "portalRuptureStock", "minOrderQty", "stockQty", "weightKg", "dimensions", "imageUrls", "supplierUrl", "organizationId", "createdAt", "updatedAt", "technicalSheetUrl") VALUES ('cmnh6uxie002ntgmaskbkutoq', 'cmnh6uxd8001ttgmayxyqxfms', 'Produit 10', 'SKU-00010', 'Description produit 10', 'metre', 22, '20', TRUE, FALSE, 1, 20, 5, '20x15x12', 'https://picsum.photos/seed/cmnh6uvha0007tgmakp0p2vac-10/600/400', NULL, 'cmnh6uvha0007tgmakp0p2vac', (to_timestamp(1775117049.638))::timestamp(3), (to_timestamp(1775117049.638))::timestamp(3), NULL);
INSERT INTO "Product" ("id", "categoryId", "name", "sku", "description", "unit", "basePriceHt", "vatRate", "isActive", "portalRuptureStock", "minOrderQty", "stockQty", "weightKg", "dimensions", "imageUrls", "supplierUrl", "organizationId", "createdAt", "updatedAt", "technicalSheetUrl") VALUES ('cmnh6uxir002ptgmasvi6exfd', 'cmnh6uxdh0020tgma3muudxzi', 'Produit 11', 'SKU-00011', 'Description produit 11', 'heure', 23.7, '10', TRUE, FALSE, 2, 21, 5.5, '21x16x13', 'https://picsum.photos/seed/cmnh6uvha0007tgmakp0p2vac-11/600/400', NULL, 'cmnh6uvha0007tgmakp0p2vac', (to_timestamp(1775117049.652))::timestamp(3), (to_timestamp(1775117049.652))::timestamp(3), NULL);
INSERT INTO "Product" ("id", "categoryId", "name", "sku", "description", "unit", "basePriceHt", "vatRate", "isActive", "portalRuptureStock", "minOrderQty", "stockQty", "weightKg", "dimensions", "imageUrls", "supplierUrl", "organizationId", "createdAt", "updatedAt", "technicalSheetUrl") VALUES ('cmnh6uxj3002rtgmac8kwdeeh', 'cmnh6uxdh001ytgma73wmuotl', 'Produit 12', 'SKU-00012', 'Description produit 12', 'carton', 25.4, '5.5', TRUE, FALSE, 3, NULL, 6, '22x17x14', 'https://picsum.photos/seed/cmnh6uvha0007tgmakp0p2vac-12/600/400', NULL, 'cmnh6uvha0007tgmakp0p2vac', (to_timestamp(1775117049.663))::timestamp(3), (to_timestamp(1775117049.663))::timestamp(3), NULL);
INSERT INTO "Product" ("id", "categoryId", "name", "sku", "description", "unit", "basePriceHt", "vatRate", "isActive", "portalRuptureStock", "minOrderQty", "stockQty", "weightKg", "dimensions", "imageUrls", "supplierUrl", "organizationId", "createdAt", "updatedAt", "technicalSheetUrl") VALUES ('cmnh6uxjf002ttgma5l6x5hc4', 'cmnh6uxdh001ztgmajzbwgswr', 'Produit 13', 'SKU-00013', 'Description produit 13', 'palette', 27.1, '2.1', TRUE, FALSE, 4, 23, 6.5, '23x18x15', 'https://picsum.photos/seed/cmnh6uvha0007tgmakp0p2vac-13/600/400', NULL, 'cmnh6uvha0007tgmakp0p2vac', (to_timestamp(1775117049.675))::timestamp(3), (to_timestamp(1775117049.675))::timestamp(3), NULL);
INSERT INTO "Product" ("id", "categoryId", "name", "sku", "description", "unit", "basePriceHt", "vatRate", "isActive", "portalRuptureStock", "minOrderQty", "stockQty", "weightKg", "dimensions", "imageUrls", "supplierUrl", "organizationId", "createdAt", "updatedAt", "technicalSheetUrl") VALUES ('cmnh6uxjt002vtgma21ej7pj5', 'cmnh6uxdh0021tgma58inofv5', 'Produit 14', 'SKU-00014', 'Description produit 14', 'piece', 28.8, '0', FALSE, FALSE, 5, 24, 7, '24x19x16', 'https://picsum.photos/seed/cmnh6uvha0007tgmakp0p2vac-14/600/400', NULL, 'cmnh6uvha0007tgmakp0p2vac', (to_timestamp(1775117049.689))::timestamp(3), (to_timestamp(1775117049.689))::timestamp(3), NULL);
INSERT INTO "Product" ("id", "categoryId", "name", "sku", "description", "unit", "basePriceHt", "vatRate", "isActive", "portalRuptureStock", "minOrderQty", "stockQty", "weightKg", "dimensions", "imageUrls", "supplierUrl", "organizationId", "createdAt", "updatedAt", "technicalSheetUrl") VALUES ('cmnh6uxk5002xtgmaxvlfweuy', 'cmnh6uxdi0023tgmaz95kn7eq', 'Produit 15', 'SKU-00015', 'Description produit 15', 'kilogramme', 30.5, '20', TRUE, FALSE, 1, 25, 7.5, '25x20x17', 'https://picsum.photos/seed/cmnh6uvha0007tgmakp0p2vac-15/600/400', NULL, 'cmnh6uvha0007tgmakp0p2vac', (to_timestamp(1775117049.701))::timestamp(3), (to_timestamp(1775117049.701))::timestamp(3), NULL);
INSERT INTO "Product" ("id", "categoryId", "name", "sku", "description", "unit", "basePriceHt", "vatRate", "isActive", "portalRuptureStock", "minOrderQty", "stockQty", "weightKg", "dimensions", "imageUrls", "supplierUrl", "organizationId", "createdAt", "updatedAt", "technicalSheetUrl") VALUES ('cmniqu25w000ffkecb4akpttf', 'cmniqu25j000dfkecfi2yndrr', 'Chariot de ménage compact', 'MEN-CHARIOT-001', 'Chariot compact avec supports sacs et seaux pour l''entretien quotidien.', 'piece', 249, '20', TRUE, FALSE, 1, 25, NULL, '85x55x105 cm', 'https://picsum.photos/seed/chariot-menage-compact/1200/900', NULL, 'cmnh6uvha0007tgmakp0p2vac', (to_timestamp(1775211067.508))::timestamp(3), (to_timestamp(1775211296.535))::timestamp(3), NULL);
INSERT INTO "Product" ("id", "categoryId", "name", "sku", "description", "unit", "basePriceHt", "vatRate", "isActive", "portalRuptureStock", "minOrderQty", "stockQty", "weightKg", "dimensions", "imageUrls", "supplierUrl", "organizationId", "createdAt", "updatedAt", "technicalSheetUrl") VALUES ('cmniqu269000hfkecmt8h0nuk', 'cmniqu25j000dfkecfi2yndrr', 'Chariot de ménage professionnel 2 seaux', 'MEN-CHARIOT-002', 'Chariot professionnel avec presse et double seau 2x25L.', 'piece', 389, '20', TRUE, FALSE, 1, 18, NULL, '95x62x110 cm', 'https://picsum.photos/seed/chariot-menage-2-seaux/1200/900', NULL, 'cmnh6uvha0007tgmakp0p2vac', (to_timestamp(1775211067.522))::timestamp(3), (to_timestamp(1775211296.546))::timestamp(3), NULL);
INSERT INTO "Product" ("id", "categoryId", "name", "sku", "description", "unit", "basePriceHt", "vatRate", "isActive", "portalRuptureStock", "minOrderQty", "stockQty", "weightKg", "dimensions", "imageUrls", "supplierUrl", "organizationId", "createdAt", "updatedAt", "technicalSheetUrl") VALUES ('cmniqu26m000jfkecezhqcb84', 'cmniqu25j000dfkecfi2yndrr', 'Chariot de ménage hôtelier', 'MEN-CHARIOT-003', 'Chariot fermé pour hôtellerie avec rangement linge propre/sale.', 'piece', 529, '20', TRUE, FALSE, 1, 12, NULL, '130x52x120 cm', 'https://picsum.photos/seed/chariot-menage-hotelier/1200/900', NULL, 'cmnh6uvha0007tgmakp0p2vac', (to_timestamp(1775211067.534))::timestamp(3), (to_timestamp(1775211296.557))::timestamp(3), NULL);
INSERT INTO "Product" ("id", "categoryId", "name", "sku", "description", "unit", "basePriceHt", "vatRate", "isActive", "portalRuptureStock", "minOrderQty", "stockQty", "weightKg", "dimensions", "imageUrls", "supplierUrl", "organizationId", "createdAt", "updatedAt", "technicalSheetUrl") VALUES ('cmniqu26w000lfkecnpb061c2', 'cmniqu25j000dfkecfi2yndrr', 'Détergent sol multi-usages 5L', 'MEN-PROD-001', 'Nettoyant dégraissant pour sols carrelage et PVC.', 'litre', 7.8, '20', TRUE, FALSE, 2, 120, NULL, NULL, 'https://picsum.photos/seed/detergent-sol-5l/1200/900', NULL, 'cmnh6uvha0007tgmakp0p2vac', (to_timestamp(1775211067.544))::timestamp(3), (to_timestamp(1775211296.568))::timestamp(3), NULL);
INSERT INTO "Product" ("id", "categoryId", "name", "sku", "description", "unit", "basePriceHt", "vatRate", "isActive", "portalRuptureStock", "minOrderQty", "stockQty", "weightKg", "dimensions", "imageUrls", "supplierUrl", "organizationId", "createdAt", "updatedAt", "technicalSheetUrl") VALUES ('cmniqu278000nfkecy98tugcy', 'cmniqu25j000dfkecfi2yndrr', 'Désinfectant surfaces 750ml', 'MEN-PROD-002', 'Spray désinfectant prêt à l''emploi pour plans de travail.', 'piece', 4.9, '20', TRUE, FALSE, 6, 200, NULL, NULL, 'https://picsum.photos/seed/desinfectant-surfaces-750ml/1200/900', NULL, 'cmnh6uvha0007tgmakp0p2vac', (to_timestamp(1775211067.557))::timestamp(3), (to_timestamp(1775211296.578))::timestamp(3), NULL);
INSERT INTO "Product" ("id", "categoryId", "name", "sku", "description", "unit", "basePriceHt", "vatRate", "isActive", "portalRuptureStock", "minOrderQty", "stockQty", "weightKg", "dimensions", "imageUrls", "supplierUrl", "organizationId", "createdAt", "updatedAt", "technicalSheetUrl") VALUES ('cmnkjvf5300163q44a855js3r', 'cmnkjvf4900083q44nw0chysd', 'Détartrant WC', 'CS-0001', NULL, 'litre', 2.75, '20', TRUE, FALSE, 1, NULL, NULL, NULL, NULL, NULL, 'cmnh6utu50000tgma77zj2g7h', (to_timestamp(1775320306.023))::timestamp(3), (to_timestamp(1775320306.023))::timestamp(3), NULL);
INSERT INTO "Product" ("id", "categoryId", "name", "sku", "description", "unit", "basePriceHt", "vatRate", "isActive", "portalRuptureStock", "minOrderQty", "stockQty", "weightKg", "dimensions", "imageUrls", "supplierUrl", "organizationId", "createdAt", "updatedAt", "technicalSheetUrl") VALUES ('cmnkjvf5600183q447yr49nc9', 'cmnkjvf4900083q44nw0chysd', 'Anti-calcaire', 'CS-0002', NULL, 'litre', 5.3, '20', TRUE, FALSE, 1, NULL, NULL, NULL, NULL, NULL, 'cmnh6utu50000tgma77zj2g7h', (to_timestamp(1775320306.026))::timestamp(3), (to_timestamp(1775320306.026))::timestamp(3), NULL);
INSERT INTO "Product" ("id", "categoryId", "name", "sku", "description", "unit", "basePriceHt", "vatRate", "isActive", "portalRuptureStock", "minOrderQty", "stockQty", "weightKg", "dimensions", "imageUrls", "supplierUrl", "organizationId", "createdAt", "updatedAt", "technicalSheetUrl") VALUES ('cmnkjvf57001a3q44vejp1w71', 'cmnkjvf4900083q44nw0chysd', 'Saniforte', 'CS-0003', NULL, 'litre', 5.3, '20', TRUE, FALSE, 1, NULL, NULL, NULL, NULL, NULL, 'cmnh6utu50000tgma77zj2g7h', (to_timestamp(1775320306.027))::timestamp(3), (to_timestamp(1775320306.027))::timestamp(3), NULL);
INSERT INTO "Product" ("id", "categoryId", "name", "sku", "description", "unit", "basePriceHt", "vatRate", "isActive", "portalRuptureStock", "minOrderQty", "stockQty", "weightKg", "dimensions", "imageUrls", "supplierUrl", "organizationId", "createdAt", "updatedAt", "technicalSheetUrl") VALUES ('cmnkjvf59001c3q44lcwezqla', 'cmnkjvf4b000a3q44s38gatcb', 'Nettoyant vitres 750 ml', 'CS-0004', NULL, 'piece', 4.5, '20', TRUE, FALSE, 1, NULL, NULL, NULL, NULL, NULL, 'cmnh6utu50000tgma77zj2g7h', (to_timestamp(1775320306.029))::timestamp(3), (to_timestamp(1775320306.029))::timestamp(3), NULL);
INSERT INTO "Product" ("id", "categoryId", "name", "sku", "description", "unit", "basePriceHt", "vatRate", "isActive", "portalRuptureStock", "minOrderQty", "stockQty", "weightKg", "dimensions", "imageUrls", "supplierUrl", "organizationId", "createdAt", "updatedAt", "technicalSheetUrl") VALUES ('cmnkjvf5a001e3q448iogo80p', 'cmnkjvf4b000a3q44s38gatcb', 'Nettoyant vitres 5 L', 'CS-0005', NULL, 'litre', 8.5, '20', TRUE, FALSE, 1, NULL, NULL, NULL, NULL, NULL, 'cmnh6utu50000tgma77zj2g7h', (to_timestamp(1775320306.031))::timestamp(3), (to_timestamp(1775320306.031))::timestamp(3), NULL);
INSERT INTO "Product" ("id", "categoryId", "name", "sku", "description", "unit", "basePriceHt", "vatRate", "isActive", "portalRuptureStock", "minOrderQty", "stockQty", "weightKg", "dimensions", "imageUrls", "supplierUrl", "organizationId", "createdAt", "updatedAt", "technicalSheetUrl") VALUES ('cmnkjvf5c001g3q444azdhrpq', 'cmnkjvf4b000a3q44s38gatcb', 'Power spray 750 ml', 'CS-0006', NULL, 'piece', 5.7, '20', TRUE, FALSE, 1, NULL, NULL, NULL, NULL, NULL, 'cmnh6utu50000tgma77zj2g7h', (to_timestamp(1775320306.032))::timestamp(3), (to_timestamp(1775320306.032))::timestamp(3), NULL);
INSERT INTO "Product" ("id", "categoryId", "name", "sku", "description", "unit", "basePriceHt", "vatRate", "isActive", "portalRuptureStock", "minOrderQty", "stockQty", "weightKg", "dimensions", "imageUrls", "supplierUrl", "organizationId", "createdAt", "updatedAt", "technicalSheetUrl") VALUES ('cmnkjvf5e001i3q44safwp9cm', 'cmnkjvf4b000a3q44s38gatcb', 'Power spray 5 L', 'CS-0007', NULL, 'litre', 32.3, '20', TRUE, FALSE, 1, NULL, NULL, NULL, NULL, NULL, 'cmnh6utu50000tgma77zj2g7h', (to_timestamp(1775320306.034))::timestamp(3), (to_timestamp(1775320306.034))::timestamp(3), NULL);
INSERT INTO "Product" ("id", "categoryId", "name", "sku", "description", "unit", "basePriceHt", "vatRate", "isActive", "portalRuptureStock", "minOrderQty", "stockQty", "weightKg", "dimensions", "imageUrls", "supplierUrl", "organizationId", "createdAt", "updatedAt", "technicalSheetUrl") VALUES ('cmnkjvf5g001k3q44f3grtbdr', 'cmnkjvf4c000c3q44nucsxqeq', 'Décappol 750 ml', 'CS-0008', NULL, 'piece', 5.75, '20', TRUE, FALSE, 1, NULL, NULL, NULL, NULL, NULL, 'cmnh6utu50000tgma77zj2g7h', (to_timestamp(1775320306.036))::timestamp(3), (to_timestamp(1775320306.036))::timestamp(3), NULL);
INSERT INTO "Product" ("id", "categoryId", "name", "sku", "description", "unit", "basePriceHt", "vatRate", "isActive", "portalRuptureStock", "minOrderQty", "stockQty", "weightKg", "dimensions", "imageUrls", "supplierUrl", "organizationId", "createdAt", "updatedAt", "technicalSheetUrl") VALUES ('cmnkjvf5h001m3q44hjx5qew4', 'cmnkjvf4c000c3q44nucsxqeq', 'Décappol 5 L', 'CS-0009', NULL, 'litre', 28.75, '20', TRUE, FALSE, 1, NULL, NULL, NULL, NULL, NULL, 'cmnh6utu50000tgma77zj2g7h', (to_timestamp(1775320306.038))::timestamp(3), (to_timestamp(1775320306.038))::timestamp(3), NULL);
INSERT INTO "Product" ("id", "categoryId", "name", "sku", "description", "unit", "basePriceHt", "vatRate", "isActive", "portalRuptureStock", "minOrderQty", "stockQty", "weightKg", "dimensions", "imageUrls", "supplierUrl", "organizationId", "createdAt", "updatedAt", "technicalSheetUrl") VALUES ('cmnkjvf5j001o3q44xfbxebps', 'cmnkjvf4e000e3q44m2o7bhd5', 'Net’inox', 'CS-0010', NULL, 'litre', 10.4, '20', TRUE, FALSE, 1, NULL, NULL, NULL, NULL, NULL, 'cmnh6utu50000tgma77zj2g7h', (to_timestamp(1775320306.04))::timestamp(3), (to_timestamp(1775320306.04))::timestamp(3), NULL);
INSERT INTO "Product" ("id", "categoryId", "name", "sku", "description", "unit", "basePriceHt", "vatRate", "isActive", "portalRuptureStock", "minOrderQty", "stockQty", "weightKg", "dimensions", "imageUrls", "supplierUrl", "organizationId", "createdAt", "updatedAt", "technicalSheetUrl") VALUES ('cmnkjvf5l001q3q44p2dhggs3', 'cmnkjvf4i000i3q44zfv4elud', '2D (carton)', 'CS-0011', NULL, 'carton', 30, '20', TRUE, FALSE, 1, NULL, NULL, NULL, NULL, NULL, 'cmnh6utu50000tgma77zj2g7h', (to_timestamp(1775320306.042))::timestamp(3), (to_timestamp(1775320306.042))::timestamp(3), NULL);
INSERT INTO "Product" ("id", "categoryId", "name", "sku", "description", "unit", "basePriceHt", "vatRate", "isActive", "portalRuptureStock", "minOrderQty", "stockQty", "weightKg", "dimensions", "imageUrls", "supplierUrl", "organizationId", "createdAt", "updatedAt", "technicalSheetUrl") VALUES ('cmnkjvf5n001s3q44wqi0395i', 'cmnkjvf4i000i3q44zfv4elud', '2D 5 L', 'CS-0012', NULL, 'litre', 7.4, '20', TRUE, FALSE, 1, NULL, NULL, NULL, NULL, NULL, 'cmnh6utu50000tgma77zj2g7h', (to_timestamp(1775320306.043))::timestamp(3), (to_timestamp(1775320306.043))::timestamp(3), NULL);
INSERT INTO "Product" ("id", "categoryId", "name", "sku", "description", "unit", "basePriceHt", "vatRate", "isActive", "portalRuptureStock", "minOrderQty", "stockQty", "weightKg", "dimensions", "imageUrls", "supplierUrl", "organizationId", "createdAt", "updatedAt", "technicalSheetUrl") VALUES ('cmnkjvf5p001u3q44wueeqvn7', 'cmnkjvf4f000g3q443on6jfs6', 'Starflore 1 L', 'CS-0013', NULL, 'litre', 11.7, '20', TRUE, FALSE, 1, NULL, NULL, NULL, NULL, NULL, 'cmnh6utu50000tgma77zj2g7h', (to_timestamp(1775320306.045))::timestamp(3), (to_timestamp(1775320306.045))::timestamp(3), NULL);
INSERT INTO "Product" ("id", "categoryId", "name", "sku", "description", "unit", "basePriceHt", "vatRate", "isActive", "portalRuptureStock", "minOrderQty", "stockQty", "weightKg", "dimensions", "imageUrls", "supplierUrl", "organizationId", "createdAt", "updatedAt", "technicalSheetUrl") VALUES ('cmnkjvf5r001w3q44jelpyfy2', 'cmnkjvf4f000g3q443on6jfs6', 'Starflore 750 ml', 'CS-0014', NULL, 'piece', 7.4, '20', TRUE, FALSE, 1, NULL, NULL, NULL, NULL, NULL, 'cmnh6utu50000tgma77zj2g7h', (to_timestamp(1775320306.047))::timestamp(3), (to_timestamp(1775320306.047))::timestamp(3), NULL);
INSERT INTO "Product" ("id", "categoryId", "name", "sku", "description", "unit", "basePriceHt", "vatRate", "isActive", "portalRuptureStock", "minOrderQty", "stockQty", "weightKg", "dimensions", "imageUrls", "supplierUrl", "organizationId", "createdAt", "updatedAt", "technicalSheetUrl") VALUES ('cmnkjvf5s001y3q44rag7tks5', 'cmnkjvf4f000g3q443on6jfs6', 'Starflore 200 ml', 'CS-0015', NULL, 'piece', 4.7, '20', TRUE, FALSE, 1, NULL, NULL, NULL, NULL, NULL, 'cmnh6utu50000tgma77zj2g7h', (to_timestamp(1775320306.048))::timestamp(3), (to_timestamp(1775320306.048))::timestamp(3), NULL);
INSERT INTO "Product" ("id", "categoryId", "name", "sku", "description", "unit", "basePriceHt", "vatRate", "isActive", "portalRuptureStock", "minOrderQty", "stockQty", "weightKg", "dimensions", "imageUrls", "supplierUrl", "organizationId", "createdAt", "updatedAt", "technicalSheetUrl") VALUES ('cmnkjvf5u00203q44nucjxann', 'cmnkjvf4c000c3q44nucsxqeq', 'Décapant ciment 5 L', 'CS-0016', NULL, 'litre', 32.4, '20', TRUE, FALSE, 1, NULL, NULL, NULL, NULL, NULL, 'cmnh6utu50000tgma77zj2g7h', (to_timestamp(1775320306.05))::timestamp(3), (to_timestamp(1775320306.05))::timestamp(3), NULL);
INSERT INTO "Product" ("id", "categoryId", "name", "sku", "description", "unit", "basePriceHt", "vatRate", "isActive", "portalRuptureStock", "minOrderQty", "stockQty", "weightKg", "dimensions", "imageUrls", "supplierUrl", "organizationId", "createdAt", "updatedAt", "technicalSheetUrl") VALUES ('cmnkjvf5w00223q448k7v029r', 'cmnkjvf4j000k3q44ksyspi7m', 'Crème mains blanche — bidon 5 L', 'CS-0017', NULL, 'litre', 10.4, '20', TRUE, FALSE, 1, NULL, NULL, NULL, NULL, NULL, 'cmnh6utu50000tgma77zj2g7h', (to_timestamp(1775320306.052))::timestamp(3), (to_timestamp(1775320306.052))::timestamp(3), NULL);
INSERT INTO "Product" ("id", "categoryId", "name", "sku", "description", "unit", "basePriceHt", "vatRate", "isActive", "portalRuptureStock", "minOrderQty", "stockQty", "weightKg", "dimensions", "imageUrls", "supplierUrl", "organizationId", "createdAt", "updatedAt", "technicalSheetUrl") VALUES ('cmnkjvf5x00243q44g9lne4x0', 'cmnkjvf4j000k3q44ksyspi7m', 'Liquide vaisselle main standard — bidon 5 L', 'CS-0018', NULL, 'litre', 10.4, '20', TRUE, FALSE, 1, NULL, NULL, NULL, NULL, NULL, 'cmnh6utu50000tgma77zj2g7h', (to_timestamp(1775320306.054))::timestamp(3), (to_timestamp(1775320306.054))::timestamp(3), NULL);
INSERT INTO "Product" ("id", "categoryId", "name", "sku", "description", "unit", "basePriceHt", "vatRate", "isActive", "portalRuptureStock", "minOrderQty", "stockQty", "weightKg", "dimensions", "imageUrls", "supplierUrl", "organizationId", "createdAt", "updatedAt", "technicalSheetUrl") VALUES ('cmnkjvf5z00263q442tmqmzem', 'cmnkjvf4c000c3q44nucsxqeq', 'Parquet’net V 5 L', 'CS-0019', NULL, 'litre', 19, '20', TRUE, FALSE, 1, NULL, NULL, NULL, NULL, NULL, 'cmnh6utu50000tgma77zj2g7h', (to_timestamp(1775320306.055))::timestamp(3), (to_timestamp(1775320306.055))::timestamp(3), NULL);
INSERT INTO "Product" ("id", "categoryId", "name", "sku", "description", "unit", "basePriceHt", "vatRate", "isActive", "portalRuptureStock", "minOrderQty", "stockQty", "weightKg", "dimensions", "imageUrls", "supplierUrl", "organizationId", "createdAt", "updatedAt", "technicalSheetUrl") VALUES ('cmnkjvf6100283q44szkj5y30', 'cmnkjvf4c000c3q44nucsxqeq', 'Tapi cleanet 5 L', 'CS-0020', NULL, 'litre', 16.6, '20', TRUE, FALSE, 1, NULL, NULL, NULL, NULL, NULL, 'cmnh6utu50000tgma77zj2g7h', (to_timestamp(1775320306.057))::timestamp(3), (to_timestamp(1775320306.057))::timestamp(3), NULL);
INSERT INTO "Product" ("id", "categoryId", "name", "sku", "description", "unit", "basePriceHt", "vatRate", "isActive", "portalRuptureStock", "minOrderQty", "stockQty", "weightKg", "dimensions", "imageUrls", "supplierUrl", "organizationId", "createdAt", "updatedAt", "technicalSheetUrl") VALUES ('cmnkjvf63002a3q444y8y54vi', 'cmnkjvf4f000g3q443on6jfs6', 'Citronnelle 5 L', 'CS-0021', NULL, 'litre', 12, '20', TRUE, FALSE, 1, NULL, NULL, NULL, NULL, NULL, 'cmnh6utu50000tgma77zj2g7h', (to_timestamp(1775320306.059))::timestamp(3), (to_timestamp(1775320306.059))::timestamp(3), NULL);
INSERT INTO "Product" ("id", "categoryId", "name", "sku", "description", "unit", "basePriceHt", "vatRate", "isActive", "portalRuptureStock", "minOrderQty", "stockQty", "weightKg", "dimensions", "imageUrls", "supplierUrl", "organizationId", "createdAt", "updatedAt", "technicalSheetUrl") VALUES ('cmnkjvf64002c3q44zocsxsup', 'cmnkjvf4n000o3q44ghlaa1f5', 'Lavette microfibre (5 × 40 × 40 cm)', 'CS-0022', NULL, 'piece', 4.6, '20', TRUE, FALSE, 1, NULL, NULL, NULL, NULL, NULL, 'cmnh6utu50000tgma77zj2g7h', (to_timestamp(1775320306.061))::timestamp(3), (to_timestamp(1775320306.061))::timestamp(3), NULL);
INSERT INTO "Product" ("id", "categoryId", "name", "sku", "description", "unit", "basePriceHt", "vatRate", "isActive", "portalRuptureStock", "minOrderQty", "stockQty", "weightKg", "dimensions", "imageUrls", "supplierUrl", "organizationId", "createdAt", "updatedAt", "technicalSheetUrl") VALUES ('cmnkjvf66002e3q44wsymn83l', 'cmnkjvf4n000o3q44ghlaa1f5', 'Éponge végétale', 'CS-0023', NULL, 'piece', 0.9, '20', TRUE, FALSE, 1, NULL, NULL, NULL, NULL, NULL, 'cmnh6utu50000tgma77zj2g7h', (to_timestamp(1775320306.062))::timestamp(3), (to_timestamp(1775320306.062))::timestamp(3), NULL);
INSERT INTO "Product" ("id", "categoryId", "name", "sku", "description", "unit", "basePriceHt", "vatRate", "isActive", "portalRuptureStock", "minOrderQty", "stockQty", "weightKg", "dimensions", "imageUrls", "supplierUrl", "organizationId", "createdAt", "updatedAt", "technicalSheetUrl") VALUES ('cmnkjvf67002g3q443pwx1sv4', 'cmnkjvf4n000o3q44ghlaa1f5', 'Tampon abrasif', 'CS-0024', NULL, 'piece', 0.9, '20', TRUE, FALSE, 1, NULL, NULL, NULL, NULL, NULL, 'cmnh6utu50000tgma77zj2g7h', (to_timestamp(1775320306.064))::timestamp(3), (to_timestamp(1775320306.064))::timestamp(3), NULL);
INSERT INTO "Product" ("id", "categoryId", "name", "sku", "description", "unit", "basePriceHt", "vatRate", "isActive", "portalRuptureStock", "minOrderQty", "stockQty", "weightKg", "dimensions", "imageUrls", "supplierUrl", "organizationId", "createdAt", "updatedAt", "technicalSheetUrl") VALUES ('cmnkjvf69002i3q443re1kbyf', 'cmnkjvf4n000o3q44ghlaa1f5', 'Tampon décapage 25 × 12 × 2 cm noir', 'CS-0025', NULL, 'piece', 0.92, '20', TRUE, FALSE, 1, NULL, NULL, NULL, NULL, NULL, 'cmnh6utu50000tgma77zj2g7h', (to_timestamp(1775320306.066))::timestamp(3), (to_timestamp(1775320306.066))::timestamp(3), NULL);
INSERT INTO "Product" ("id", "categoryId", "name", "sku", "description", "unit", "basePriceHt", "vatRate", "isActive", "portalRuptureStock", "minOrderQty", "stockQty", "weightKg", "dimensions", "imageUrls", "supplierUrl", "organizationId", "createdAt", "updatedAt", "technicalSheetUrl") VALUES ('cmnkjvf6b002k3q44nvrajaaw', 'cmnkjvf4o000q3q44wu92xfz7', 'Frange faubert', 'CS-0026', NULL, 'piece', 5.4, '20', TRUE, FALSE, 1, NULL, NULL, NULL, NULL, NULL, 'cmnh6utu50000tgma77zj2g7h', (to_timestamp(1775320306.067))::timestamp(3), (to_timestamp(1775320306.067))::timestamp(3), NULL);
INSERT INTO "Product" ("id", "categoryId", "name", "sku", "description", "unit", "basePriceHt", "vatRate", "isActive", "portalRuptureStock", "minOrderQty", "stockQty", "weightKg", "dimensions", "imageUrls", "supplierUrl", "organizationId", "createdAt", "updatedAt", "technicalSheetUrl") VALUES ('cmnkjvf6d002m3q44uqtm50zk', 'cmnkjvf4o000q3q44wu92xfz7', 'Frange espagnole', 'CS-0027', NULL, 'piece', 4, '20', TRUE, FALSE, 1, NULL, NULL, NULL, NULL, NULL, 'cmnh6utu50000tgma77zj2g7h', (to_timestamp(1775320306.069))::timestamp(3), (to_timestamp(1775320306.069))::timestamp(3), NULL);
INSERT INTO "Product" ("id", "categoryId", "name", "sku", "description", "unit", "basePriceHt", "vatRate", "isActive", "portalRuptureStock", "minOrderQty", "stockQty", "weightKg", "dimensions", "imageUrls", "supplierUrl", "organizationId", "createdAt", "updatedAt", "technicalSheetUrl") VALUES ('cmnkjvf6f002o3q444swx9ymp', 'cmnkjvf4o000q3q44wu92xfz7', 'Bandeau microfibre velcro', 'CS-0028', NULL, 'piece', 3.7, '20', TRUE, FALSE, 1, NULL, NULL, NULL, NULL, NULL, 'cmnh6utu50000tgma77zj2g7h', (to_timestamp(1775320306.071))::timestamp(3), (to_timestamp(1775320306.071))::timestamp(3), NULL);
INSERT INTO "Product" ("id", "categoryId", "name", "sku", "description", "unit", "basePriceHt", "vatRate", "isActive", "portalRuptureStock", "minOrderQty", "stockQty", "weightKg", "dimensions", "imageUrls", "supplierUrl", "organizationId", "createdAt", "updatedAt", "technicalSheetUrl") VALUES ('cmnkjvf6g002q3q44ywq2o5y6', 'cmnkjvf4o000q3q44wu92xfz7', 'Frange microfibre 40 cm mixte poches et languettes', 'CS-0029', NULL, 'piece', 4, '20', TRUE, FALSE, 1, NULL, NULL, NULL, NULL, NULL, 'cmnh6utu50000tgma77zj2g7h', (to_timestamp(1775320306.073))::timestamp(3), (to_timestamp(1775320306.073))::timestamp(3), NULL);
INSERT INTO "Product" ("id", "categoryId", "name", "sku", "description", "unit", "basePriceHt", "vatRate", "isActive", "portalRuptureStock", "minOrderQty", "stockQty", "weightKg", "dimensions", "imageUrls", "supplierUrl", "organizationId", "createdAt", "updatedAt", "technicalSheetUrl") VALUES ('cmnkjvf6i002s3q44egmats7j', 'cmnkjvf4o000q3q44wu92xfz7', 'Frange microfibre 60 cm mixte poches et languettes', 'CS-0030', NULL, 'piece', 4.7, '20', TRUE, FALSE, 1, NULL, NULL, NULL, NULL, NULL, 'cmnh6utu50000tgma77zj2g7h', (to_timestamp(1775320306.074))::timestamp(3), (to_timestamp(1775320306.074))::timestamp(3), NULL);
INSERT INTO "Product" ("id", "categoryId", "name", "sku", "description", "unit", "basePriceHt", "vatRate", "isActive", "portalRuptureStock", "minOrderQty", "stockQty", "weightKg", "dimensions", "imageUrls", "supplierUrl", "organizationId", "createdAt", "updatedAt", "technicalSheetUrl") VALUES ('cmnkjvf6j002u3q444g37jvkk', 'cmnkjvf4o000q3q44wu92xfz7', 'Support lavage à languette 40 cm fermeture automatique', 'CS-0031', NULL, 'piece', 14, '20', TRUE, FALSE, 1, NULL, NULL, NULL, NULL, NULL, 'cmnh6utu50000tgma77zj2g7h', (to_timestamp(1775320306.076))::timestamp(3), (to_timestamp(1775320306.076))::timestamp(3), NULL);
INSERT INTO "Product" ("id", "categoryId", "name", "sku", "description", "unit", "basePriceHt", "vatRate", "isActive", "portalRuptureStock", "minOrderQty", "stockQty", "weightKg", "dimensions", "imageUrls", "supplierUrl", "organizationId", "createdAt", "updatedAt", "technicalSheetUrl") VALUES ('cmnkjvf6l002w3q44vt329cyo', 'cmnkjvf4o000q3q44wu92xfz7', 'Support trapèze velcro 40 cm', 'CS-0032', NULL, 'piece', 16.5, '20', TRUE, FALSE, 1, NULL, NULL, NULL, NULL, NULL, 'cmnh6utu50000tgma77zj2g7h', (to_timestamp(1775320306.077))::timestamp(3), (to_timestamp(1775320306.077))::timestamp(3), NULL);
INSERT INTO "Product" ("id", "categoryId", "name", "sku", "description", "unit", "basePriceHt", "vatRate", "isActive", "portalRuptureStock", "minOrderQty", "stockQty", "weightKg", "dimensions", "imageUrls", "supplierUrl", "organizationId", "createdAt", "updatedAt", "technicalSheetUrl") VALUES ('cmnkjvf6n002y3q44gyj9kkqd', 'cmnkjvf4p000s3q44es86fyoj', 'Balai coco Evolution 29 cm douille vis', 'CS-0033', NULL, 'piece', 2.9, '20', TRUE, FALSE, 1, NULL, NULL, NULL, NULL, NULL, 'cmnh6utu50000tgma77zj2g7h', (to_timestamp(1775320306.079))::timestamp(3), (to_timestamp(1775320306.079))::timestamp(3), NULL);
INSERT INTO "Product" ("id", "categoryId", "name", "sku", "description", "unit", "basePriceHt", "vatRate", "isActive", "portalRuptureStock", "minOrderQty", "stockQty", "weightKg", "dimensions", "imageUrls", "supplierUrl", "organizationId", "createdAt", "updatedAt", "technicalSheetUrl") VALUES ('cmnkjvf6o00303q44wyf8okan', 'cmnkjvf4p000s3q44es86fyoj', 'Balai coco Evolution 38 cm douille vis', 'CS-0034', NULL, 'piece', 3.95, '20', TRUE, FALSE, 1, NULL, NULL, NULL, NULL, NULL, 'cmnh6utu50000tgma77zj2g7h', (to_timestamp(1775320306.08))::timestamp(3), (to_timestamp(1775320306.08))::timestamp(3), NULL);
INSERT INTO "Product" ("id", "categoryId", "name", "sku", "description", "unit", "basePriceHt", "vatRate", "isActive", "portalRuptureStock", "minOrderQty", "stockQty", "weightKg", "dimensions", "imageUrls", "supplierUrl", "organizationId", "createdAt", "updatedAt", "technicalSheetUrl") VALUES ('cmnkjvf6q00323q44wwhdf1fx', 'cmnkjvf4p000s3q44es86fyoj', 'Balai coco Evolution 60 cm douille vis', 'CS-0035', NULL, 'piece', 7, '20', TRUE, FALSE, 1, NULL, NULL, NULL, NULL, NULL, 'cmnh6utu50000tgma77zj2g7h', (to_timestamp(1775320306.082))::timestamp(3), (to_timestamp(1775320306.082))::timestamp(3), NULL);
INSERT INTO "Product" ("id", "categoryId", "name", "sku", "description", "unit", "basePriceHt", "vatRate", "isActive", "portalRuptureStock", "minOrderQty", "stockQty", "weightKg", "dimensions", "imageUrls", "supplierUrl", "organizationId", "createdAt", "updatedAt", "technicalSheetUrl") VALUES ('cmnkjvf6s00343q44i21ej5kd', 'cmnkjvf4p000s3q44es86fyoj', 'Balai coco 80 cm', 'CS-0036', NULL, 'piece', 9.3, '20', TRUE, FALSE, 1, NULL, NULL, NULL, NULL, NULL, 'cmnh6utu50000tgma77zj2g7h', (to_timestamp(1775320306.084))::timestamp(3), (to_timestamp(1775320306.084))::timestamp(3), NULL);
INSERT INTO "Product" ("id", "categoryId", "name", "sku", "description", "unit", "basePriceHt", "vatRate", "isActive", "portalRuptureStock", "minOrderQty", "stockQty", "weightKg", "dimensions", "imageUrls", "supplierUrl", "organizationId", "createdAt", "updatedAt", "technicalSheetUrl") VALUES ('cmnkjvf6u00363q44694rjyag', 'cmnkjvf4p000s3q44es86fyoj', 'Balai coco 100 cm monture bois douille métal', 'CS-0037', NULL, 'piece', 12.3, '20', TRUE, FALSE, 1, NULL, NULL, NULL, NULL, NULL, 'cmnh6utu50000tgma77zj2g7h', (to_timestamp(1775320306.086))::timestamp(3), (to_timestamp(1775320306.086))::timestamp(3), NULL);
INSERT INTO "Product" ("id", "categoryId", "name", "sku", "description", "unit", "basePriceHt", "vatRate", "isActive", "portalRuptureStock", "minOrderQty", "stockQty", "weightKg", "dimensions", "imageUrls", "supplierUrl", "organizationId", "createdAt", "updatedAt", "technicalSheetUrl") VALUES ('cmnkjvf6w00383q44c04i1epo', 'cmnkjvf4o000q3q44wu92xfz7', 'Raclette sol 45 cm', 'CS-0038', NULL, 'piece', 3.75, '20', TRUE, FALSE, 1, NULL, NULL, NULL, NULL, NULL, 'cmnh6utu50000tgma77zj2g7h', (to_timestamp(1775320306.088))::timestamp(3), (to_timestamp(1775320306.088))::timestamp(3), NULL);
INSERT INTO "Product" ("id", "categoryId", "name", "sku", "description", "unit", "basePriceHt", "vatRate", "isActive", "portalRuptureStock", "minOrderQty", "stockQty", "weightKg", "dimensions", "imageUrls", "supplierUrl", "organizationId", "createdAt", "updatedAt", "technicalSheetUrl") VALUES ('cmnkjvf6y003a3q446anad64m', 'cmnkjvf4o000q3q44wu92xfz7', 'Raclette sol 55 cm', 'CS-0039', NULL, 'piece', 4.4, '20', TRUE, FALSE, 1, NULL, NULL, NULL, NULL, NULL, 'cmnh6utu50000tgma77zj2g7h', (to_timestamp(1775320306.09))::timestamp(3), (to_timestamp(1775320306.09))::timestamp(3), NULL);
INSERT INTO "Product" ("id", "categoryId", "name", "sku", "description", "unit", "basePriceHt", "vatRate", "isActive", "portalRuptureStock", "minOrderQty", "stockQty", "weightKg", "dimensions", "imageUrls", "supplierUrl", "organizationId", "createdAt", "updatedAt", "technicalSheetUrl") VALUES ('cmnkjvf71003c3q44x3slpsnx', 'cmnkjvf4o000q3q44wu92xfz7', 'Raclette sol 75 cm', 'CS-0040', NULL, 'piece', 6.7, '20', TRUE, FALSE, 1, NULL, NULL, NULL, NULL, NULL, 'cmnh6utu50000tgma77zj2g7h', (to_timestamp(1775320306.094))::timestamp(3), (to_timestamp(1775320306.094))::timestamp(3), NULL);
INSERT INTO "Product" ("id", "categoryId", "name", "sku", "description", "unit", "basePriceHt", "vatRate", "isActive", "portalRuptureStock", "minOrderQty", "stockQty", "weightKg", "dimensions", "imageUrls", "supplierUrl", "organizationId", "createdAt", "updatedAt", "technicalSheetUrl") VALUES ('cmnkjvf74003e3q44ke2gm2lr', 'cmnkjvf4p000s3q44es86fyoj', 'Ensemble pelle balayette « aéroport »', 'CS-0041', NULL, 'piece', 16.7, '20', TRUE, FALSE, 1, NULL, NULL, NULL, NULL, NULL, 'cmnh6utu50000tgma77zj2g7h', (to_timestamp(1775320306.096))::timestamp(3), (to_timestamp(1775320306.096))::timestamp(3), NULL);
INSERT INTO "Product" ("id", "categoryId", "name", "sku", "description", "unit", "basePriceHt", "vatRate", "isActive", "portalRuptureStock", "minOrderQty", "stockQty", "weightKg", "dimensions", "imageUrls", "supplierUrl", "organizationId", "createdAt", "updatedAt", "technicalSheetUrl") VALUES ('cmnkjvf76003g3q44dado0kdp', 'cmnkjvf4p000s3q44es86fyoj', 'Manche aluminium 140 cm Ø 23 mm 3 trous', 'CS-0042', NULL, 'piece', 4.3, '20', TRUE, FALSE, 1, NULL, NULL, NULL, NULL, NULL, 'cmnh6utu50000tgma77zj2g7h', (to_timestamp(1775320306.098))::timestamp(3), (to_timestamp(1775320306.098))::timestamp(3), NULL);
INSERT INTO "Product" ("id", "categoryId", "name", "sku", "description", "unit", "basePriceHt", "vatRate", "isActive", "portalRuptureStock", "minOrderQty", "stockQty", "weightKg", "dimensions", "imageUrls", "supplierUrl", "organizationId", "createdAt", "updatedAt", "technicalSheetUrl") VALUES ('cmnkjvf78003i3q447fpgwu7d', 'cmnkjvf4p000s3q44es86fyoj', 'Manche aluminium 140 cm Ø 23,5 mm à vis / trou', 'CS-0043', NULL, 'piece', 4.3, '20', TRUE, FALSE, 1, NULL, NULL, NULL, NULL, NULL, 'cmnh6utu50000tgma77zj2g7h', (to_timestamp(1775320306.1))::timestamp(3), (to_timestamp(1775320306.1))::timestamp(3), NULL);
INSERT INTO "Product" ("id", "categoryId", "name", "sku", "description", "unit", "basePriceHt", "vatRate", "isActive", "portalRuptureStock", "minOrderQty", "stockQty", "weightKg", "dimensions", "imageUrls", "supplierUrl", "organizationId", "createdAt", "updatedAt", "technicalSheetUrl") VALUES ('cmnkjvf7a003k3q44vbaizkg8', 'cmnkjvf4r000u3q4463e93lzv', 'Sacs 10 L STD HD blanc — carton 1000', 'CS-0044', NULL, 'carton', 20.2, '20', TRUE, FALSE, 1, NULL, NULL, NULL, NULL, NULL, 'cmnh6utu50000tgma77zj2g7h', (to_timestamp(1775320306.102))::timestamp(3), (to_timestamp(1775320306.102))::timestamp(3), NULL);
INSERT INTO "Product" ("id", "categoryId", "name", "sku", "description", "unit", "basePriceHt", "vatRate", "isActive", "portalRuptureStock", "minOrderQty", "stockQty", "weightKg", "dimensions", "imageUrls", "supplierUrl", "organizationId", "createdAt", "updatedAt", "technicalSheetUrl") VALUES ('cmnkjvf7c003m3q44equhhee3', 'cmnkjvf4r000u3q4463e93lzv', 'Sacs 20 L STD HD blanc — carton 1000', 'CS-0045', NULL, 'carton', 23.5, '20', TRUE, FALSE, 1, NULL, NULL, NULL, NULL, NULL, 'cmnh6utu50000tgma77zj2g7h', (to_timestamp(1775320306.104))::timestamp(3), (to_timestamp(1775320306.104))::timestamp(3), NULL);
INSERT INTO "Product" ("id", "categoryId", "name", "sku", "description", "unit", "basePriceHt", "vatRate", "isActive", "portalRuptureStock", "minOrderQty", "stockQty", "weightKg", "dimensions", "imageUrls", "supplierUrl", "organizationId", "createdAt", "updatedAt", "technicalSheetUrl") VALUES ('cmnkjvf7e003o3q446n9vltze', 'cmnkjvf4r000u3q4463e93lzv', 'Sacs 30 L STD S.E. HD blanc — carton 500', 'CS-0046', NULL, 'carton', 22.5, '20', TRUE, FALSE, 1, NULL, NULL, NULL, NULL, NULL, 'cmnh6utu50000tgma77zj2g7h', (to_timestamp(1775320306.106))::timestamp(3), (to_timestamp(1775320306.106))::timestamp(3), NULL);
INSERT INTO "Product" ("id", "categoryId", "name", "sku", "description", "unit", "basePriceHt", "vatRate", "isActive", "portalRuptureStock", "minOrderQty", "stockQty", "weightKg", "dimensions", "imageUrls", "supplierUrl", "organizationId", "createdAt", "updatedAt", "technicalSheetUrl") VALUES ('cmnkjvf7g003q3q4450ce9y95', 'cmnkjvf4r000u3q4463e93lzv', 'Sacs 30 L STD S.E. HD noir — carton 500', 'CS-0047', NULL, 'carton', 16.95, '20', TRUE, FALSE, 1, NULL, NULL, NULL, NULL, NULL, 'cmnh6utu50000tgma77zj2g7h', (to_timestamp(1775320306.108))::timestamp(3), (to_timestamp(1775320306.108))::timestamp(3), NULL);
INSERT INTO "Product" ("id", "categoryId", "name", "sku", "description", "unit", "basePriceHt", "vatRate", "isActive", "portalRuptureStock", "minOrderQty", "stockQty", "weightKg", "dimensions", "imageUrls", "supplierUrl", "organizationId", "createdAt", "updatedAt", "technicalSheetUrl") VALUES ('cmnkjvf7i003s3q44rie6fen6', 'cmnkjvf4r000u3q4463e93lzv', 'Sacs 100 L SUP BD noir — carton 200', 'CS-0048', NULL, 'carton', 26, '20', TRUE, FALSE, 1, NULL, NULL, NULL, NULL, NULL, 'cmnh6utu50000tgma77zj2g7h', (to_timestamp(1775320306.11))::timestamp(3), (to_timestamp(1775320306.11))::timestamp(3), NULL);
INSERT INTO "Product" ("id", "categoryId", "name", "sku", "description", "unit", "basePriceHt", "vatRate", "isActive", "portalRuptureStock", "minOrderQty", "stockQty", "weightKg", "dimensions", "imageUrls", "supplierUrl", "organizationId", "createdAt", "updatedAt", "technicalSheetUrl") VALUES ('cmnkjvf7j003u3q44wlfwwsbl', 'cmnkjvf4r000u3q4463e93lzv', 'Sacs 110 L RENF BD noir — carton 200', 'CS-0049', NULL, 'carton', 23.5, '20', TRUE, FALSE, 1, NULL, NULL, NULL, NULL, NULL, 'cmnh6utu50000tgma77zj2g7h', (to_timestamp(1775320306.112))::timestamp(3), (to_timestamp(1775320306.112))::timestamp(3), NULL);
INSERT INTO "Product" ("id", "categoryId", "name", "sku", "description", "unit", "basePriceHt", "vatRate", "isActive", "portalRuptureStock", "minOrderQty", "stockQty", "weightKg", "dimensions", "imageUrls", "supplierUrl", "organizationId", "createdAt", "updatedAt", "technicalSheetUrl") VALUES ('cmnkjvf7l003w3q449719lnn2', 'cmnkjvf4r000u3q4463e93lzv', 'Sacs 130 L RENF BD noir — carton 100', 'CS-0050', NULL, 'carton', 21.7, '20', TRUE, FALSE, 1, NULL, NULL, NULL, NULL, NULL, 'cmnh6utu50000tgma77zj2g7h', (to_timestamp(1775320306.113))::timestamp(3), (to_timestamp(1775320306.113))::timestamp(3), NULL);
INSERT INTO "Product" ("id", "categoryId", "name", "sku", "description", "unit", "basePriceHt", "vatRate", "isActive", "portalRuptureStock", "minOrderQty", "stockQty", "weightKg", "dimensions", "imageUrls", "supplierUrl", "organizationId", "createdAt", "updatedAt", "technicalSheetUrl") VALUES ('cmnkjvf7n003y3q44fj24qwtr', 'cmnkjvf4r000u3q4463e93lzv', 'Sacs 160 L SUP BD noir — carton 100', 'CS-0051', NULL, 'carton', 18.8, '20', TRUE, FALSE, 1, NULL, NULL, NULL, NULL, NULL, 'cmnh6utu50000tgma77zj2g7h', (to_timestamp(1775320306.115))::timestamp(3), (to_timestamp(1775320306.115))::timestamp(3), NULL);
INSERT INTO "Product" ("id", "categoryId", "name", "sku", "description", "unit", "basePriceHt", "vatRate", "isActive", "portalRuptureStock", "minOrderQty", "stockQty", "weightKg", "dimensions", "imageUrls", "supplierUrl", "organizationId", "createdAt", "updatedAt", "technicalSheetUrl") VALUES ('cmnkjvf7o00403q44cxd3lpju', 'cmnkjvf4r000u3q4463e93lzv', 'Housse 240 L XTRA PEBD noir — carton 100', 'CS-0052', NULL, 'carton', 25, '20', TRUE, FALSE, 1, NULL, NULL, NULL, NULL, NULL, 'cmnh6utu50000tgma77zj2g7h', (to_timestamp(1775320306.116))::timestamp(3), (to_timestamp(1775320306.116))::timestamp(3), NULL);
INSERT INTO "Product" ("id", "categoryId", "name", "sku", "description", "unit", "basePriceHt", "vatRate", "isActive", "portalRuptureStock", "minOrderQty", "stockQty", "weightKg", "dimensions", "imageUrls", "supplierUrl", "organizationId", "createdAt", "updatedAt", "technicalSheetUrl") VALUES ('cmnkjvf7q00423q44663yoq1b', 'cmnkjvf4r000u3q4463e93lzv', 'Housse 330 L RENF BD noir — carton 100', 'CS-0053', NULL, 'carton', 29.95, '20', TRUE, FALSE, 1, NULL, NULL, NULL, NULL, NULL, 'cmnh6utu50000tgma77zj2g7h', (to_timestamp(1775320306.118))::timestamp(3), (to_timestamp(1775320306.118))::timestamp(3), NULL);
INSERT INTO "Product" ("id", "categoryId", "name", "sku", "description", "unit", "basePriceHt", "vatRate", "isActive", "portalRuptureStock", "minOrderQty", "stockQty", "weightKg", "dimensions", "imageUrls", "supplierUrl", "organizationId", "createdAt", "updatedAt", "technicalSheetUrl") VALUES ('cmnkjvf7s00443q44mxkicwbn', 'cmnkjvf4r000u3q4463e93lzv', 'Housse 340 L XTRA PEBD noir — carton 100', 'CS-0054', NULL, 'carton', 30.9, '20', TRUE, FALSE, 1, NULL, NULL, NULL, NULL, NULL, 'cmnh6utu50000tgma77zj2g7h', (to_timestamp(1775320306.12))::timestamp(3), (to_timestamp(1775320306.12))::timestamp(3), NULL);
INSERT INTO "Product" ("id", "categoryId", "name", "sku", "description", "unit", "basePriceHt", "vatRate", "isActive", "portalRuptureStock", "minOrderQty", "stockQty", "weightKg", "dimensions", "imageUrls", "supplierUrl", "organizationId", "createdAt", "updatedAt", "technicalSheetUrl") VALUES ('cmnkjvf7u00463q44rgec9tt1', 'cmnkjvf4r000u3q4463e93lzv', 'Housse 360 L RENF BD noir — carton 100', 'CS-0055', NULL, 'carton', 34.75, '20', TRUE, FALSE, 1, NULL, NULL, NULL, NULL, NULL, 'cmnh6utu50000tgma77zj2g7h', (to_timestamp(1775320306.122))::timestamp(3), (to_timestamp(1775320306.122))::timestamp(3), NULL);
INSERT INTO "Product" ("id", "categoryId", "name", "sku", "description", "unit", "basePriceHt", "vatRate", "isActive", "portalRuptureStock", "minOrderQty", "stockQty", "weightKg", "dimensions", "imageUrls", "supplierUrl", "organizationId", "createdAt", "updatedAt", "technicalSheetUrl") VALUES ('cmnkjvf7v00483q442s3wxfwj', 'cmnkjvf4r000u3q4463e93lzv', 'Housse 660 L RENF BD noir — carton 50', 'CS-0056', NULL, 'carton', 27.8, '20', TRUE, FALSE, 1, NULL, NULL, NULL, NULL, NULL, 'cmnh6utu50000tgma77zj2g7h', (to_timestamp(1775320306.124))::timestamp(3), (to_timestamp(1775320306.124))::timestamp(3), NULL);
INSERT INTO "Product" ("id", "categoryId", "name", "sku", "description", "unit", "basePriceHt", "vatRate", "isActive", "portalRuptureStock", "minOrderQty", "stockQty", "weightKg", "dimensions", "imageUrls", "supplierUrl", "organizationId", "createdAt", "updatedAt", "technicalSheetUrl") VALUES ('cmnkjvf7x004a3q44sayrtzzq', 'cmnkjvf4r000u3q4463e93lzv', 'Housse 750 L RENF BD noir — carton 50', 'CS-0057', NULL, 'carton', 25.8, '20', TRUE, FALSE, 1, NULL, NULL, NULL, NULL, NULL, 'cmnh6utu50000tgma77zj2g7h', (to_timestamp(1775320306.125))::timestamp(3), (to_timestamp(1775320306.125))::timestamp(3), NULL);
INSERT INTO "Product" ("id", "categoryId", "name", "sku", "description", "unit", "basePriceHt", "vatRate", "isActive", "portalRuptureStock", "minOrderQty", "stockQty", "weightKg", "dimensions", "imageUrls", "supplierUrl", "organizationId", "createdAt", "updatedAt", "technicalSheetUrl") VALUES ('cmnkjvf7z004c3q44ueg8huyd', 'cmnkjvf4r000u3q4463e93lzv', 'Sacs 110 L STD BD transparent — carton 200', 'CS-0058', NULL, 'carton', 26.7, '20', TRUE, FALSE, 1, NULL, NULL, NULL, NULL, NULL, 'cmnh6utu50000tgma77zj2g7h', (to_timestamp(1775320306.127))::timestamp(3), (to_timestamp(1775320306.127))::timestamp(3), NULL);
INSERT INTO "Product" ("id", "categoryId", "name", "sku", "description", "unit", "basePriceHt", "vatRate", "isActive", "portalRuptureStock", "minOrderQty", "stockQty", "weightKg", "dimensions", "imageUrls", "supplierUrl", "organizationId", "createdAt", "updatedAt", "technicalSheetUrl") VALUES ('cmnkjvf80004e3q44a69h933b', 'cmnkjvf4r000u3q4463e93lzv', 'Sacs 130 L STD BD transparent — carton 200', 'CS-0059', NULL, 'carton', 23.9, '20', TRUE, FALSE, 1, NULL, NULL, NULL, NULL, NULL, 'cmnh6utu50000tgma77zj2g7h', (to_timestamp(1775320306.129))::timestamp(3), (to_timestamp(1775320306.129))::timestamp(3), NULL);
INSERT INTO "Product" ("id", "categoryId", "name", "sku", "description", "unit", "basePriceHt", "vatRate", "isActive", "portalRuptureStock", "minOrderQty", "stockQty", "weightKg", "dimensions", "imageUrls", "supplierUrl", "organizationId", "createdAt", "updatedAt", "technicalSheetUrl") VALUES ('cmnkjvf82004g3q44d8vg21xm', 'cmnkjvf4c000c3q44nucsxqeq', 'Rouleau abrasif vert 5 m', 'CS-0060', NULL, 'piece', 7.5, '20', TRUE, FALSE, 1, NULL, NULL, NULL, NULL, NULL, 'cmnh6utu50000tgma77zj2g7h', (to_timestamp(1775320306.131))::timestamp(3), (to_timestamp(1775320306.131))::timestamp(3), NULL);
INSERT INTO "Product" ("id", "categoryId", "name", "sku", "description", "unit", "basePriceHt", "vatRate", "isActive", "portalRuptureStock", "minOrderQty", "stockQty", "weightKg", "dimensions", "imageUrls", "supplierUrl", "organizationId", "createdAt", "updatedAt", "technicalSheetUrl") VALUES ('cmnkjvf84004i3q44dquflldx', 'cmnkjvf4c000c3q44nucsxqeq', 'Rouleau abrasif blanc 5 m', 'CS-0061', NULL, 'piece', 6.95, '20', TRUE, FALSE, 1, NULL, NULL, NULL, NULL, NULL, 'cmnh6utu50000tgma77zj2g7h', (to_timestamp(1775320306.132))::timestamp(3), (to_timestamp(1775320306.132))::timestamp(3), NULL);
INSERT INTO "Product" ("id", "categoryId", "name", "sku", "description", "unit", "basePriceHt", "vatRate", "isActive", "portalRuptureStock", "minOrderQty", "stockQty", "weightKg", "dimensions", "imageUrls", "supplierUrl", "organizationId", "createdAt", "updatedAt", "technicalSheetUrl") VALUES ('cmnkjvf85004k3q44ccunox7e', 'cmnkjvf4s000w3q4461u6uelc', 'E.M. bobine Autocut 150 m 2 plis Ecolabel — colis 6', 'CS-0062', NULL, 'carton', 14.5, '20', TRUE, FALSE, 1, NULL, NULL, NULL, NULL, NULL, 'cmnh6utu50000tgma77zj2g7h', (to_timestamp(1775320306.134))::timestamp(3), (to_timestamp(1775320306.134))::timestamp(3), NULL);
INSERT INTO "Product" ("id", "categoryId", "name", "sku", "description", "unit", "basePriceHt", "vatRate", "isActive", "portalRuptureStock", "minOrderQty", "stockQty", "weightKg", "dimensions", "imageUrls", "supplierUrl", "organizationId", "createdAt", "updatedAt", "technicalSheetUrl") VALUES ('cmnkjvf87004m3q440j83spkw', 'cmnkjvf4s000w3q4461u6uelc', 'P.H. maxi jumbo Ecolabel — colis 6', 'CS-0063', NULL, 'carton', 14.9, '20', TRUE, FALSE, 1, NULL, NULL, NULL, NULL, NULL, 'cmnh6utu50000tgma77zj2g7h', (to_timestamp(1775320306.135))::timestamp(3), (to_timestamp(1775320306.135))::timestamp(3), NULL);
INSERT INTO "Product" ("id", "categoryId", "name", "sku", "description", "unit", "basePriceHt", "vatRate", "isActive", "portalRuptureStock", "minOrderQty", "stockQty", "weightKg", "dimensions", "imageUrls", "supplierUrl", "organizationId", "createdAt", "updatedAt", "technicalSheetUrl") VALUES ('cmnkjvf89004o3q44fg6r9ml7', 'cmnkjvf4s000w3q4461u6uelc', 'P.H. rouleau 200 F ouate blanche 2 plis Ecolabel — colis 96', 'CS-0064', NULL, 'carton', 27.95, '20', TRUE, FALSE, 1, NULL, NULL, NULL, NULL, NULL, 'cmnh6utu50000tgma77zj2g7h', (to_timestamp(1775320306.137))::timestamp(3), (to_timestamp(1775320306.137))::timestamp(3), NULL);
INSERT INTO "Product" ("id", "categoryId", "name", "sku", "description", "unit", "basePriceHt", "vatRate", "isActive", "portalRuptureStock", "minOrderQty", "stockQty", "weightKg", "dimensions", "imageUrls", "supplierUrl", "organizationId", "createdAt", "updatedAt", "technicalSheetUrl") VALUES ('cmnkjvf8b004q3q44n3b1befx', 'cmnkjvf4s000w3q4461u6uelc', 'E.M. enchevêtrés Z’AQUASTREAM — carton 3630', 'CS-0065', NULL, 'carton', 32.95, '20', TRUE, FALSE, 1, NULL, NULL, NULL, NULL, NULL, 'cmnh6utu50000tgma77zj2g7h', (to_timestamp(1775320306.139))::timestamp(3), (to_timestamp(1775320306.139))::timestamp(3), NULL);
INSERT INTO "Product" ("id", "categoryId", "name", "sku", "description", "unit", "basePriceHt", "vatRate", "isActive", "portalRuptureStock", "minOrderQty", "stockQty", "weightKg", "dimensions", "imageUrls", "supplierUrl", "organizationId", "createdAt", "updatedAt", "technicalSheetUrl") VALUES ('cmnkjvf8d004s3q44wcuj4ghn', 'cmnkjvf4u000y3q447qgga8wn', 'Seau rectangulaire MERY 12 L avec essoreur', 'CS-0066', NULL, 'piece', 8.95, '20', TRUE, FALSE, 1, NULL, NULL, NULL, NULL, NULL, 'cmnh6utu50000tgma77zj2g7h', (to_timestamp(1775320306.141))::timestamp(3), (to_timestamp(1775320306.141))::timestamp(3), NULL);
INSERT INTO "Product" ("id", "categoryId", "name", "sku", "description", "unit", "basePriceHt", "vatRate", "isActive", "portalRuptureStock", "minOrderQty", "stockQty", "weightKg", "dimensions", "imageUrls", "supplierUrl", "organizationId", "createdAt", "updatedAt", "technicalSheetUrl") VALUES ('cmnkjvf8f004u3q44a648q29t', 'cmnkjvf4s000w3q4461u6uelc', 'P.H. mini jumbo Ecolabel — colis 12', 'CS-0067', NULL, 'carton', 18.75, '20', TRUE, FALSE, 1, NULL, NULL, NULL, NULL, NULL, 'cmnh6utu50000tgma77zj2g7h', (to_timestamp(1775320306.143))::timestamp(3), (to_timestamp(1775320306.143))::timestamp(3), NULL);
INSERT INTO "Product" ("id", "categoryId", "name", "sku", "description", "unit", "basePriceHt", "vatRate", "isActive", "portalRuptureStock", "minOrderQty", "stockQty", "weightKg", "dimensions", "imageUrls", "supplierUrl", "organizationId", "createdAt", "updatedAt", "technicalSheetUrl") VALUES ('cmnkjvf8h004w3q44tvvu51rz', 'cmnkjvf4u000y3q447qgga8wn', 'Seau de lavage 20 L à roulettes — presse à plat', 'CS-0068', NULL, 'piece', 6.7, '20', TRUE, FALSE, 1, NULL, NULL, NULL, NULL, NULL, 'cmnh6utu50000tgma77zj2g7h', (to_timestamp(1775320306.145))::timestamp(3), (to_timestamp(1775320306.145))::timestamp(3), NULL);
INSERT INTO "Product" ("id", "categoryId", "name", "sku", "description", "unit", "basePriceHt", "vatRate", "isActive", "portalRuptureStock", "minOrderQty", "stockQty", "weightKg", "dimensions", "imageUrls", "supplierUrl", "organizationId", "createdAt", "updatedAt", "technicalSheetUrl") VALUES ('cmnkjvf8j004y3q44yfc3zxqz', 'cmnkjvf4f000g3q443on6jfs6', 'Odor Line Indoors', 'CS-0069', NULL, 'piece', 6.5, '20', TRUE, FALSE, 1, NULL, NULL, NULL, NULL, NULL, 'cmnh6utu50000tgma77zj2g7h', (to_timestamp(1775320306.147))::timestamp(3), (to_timestamp(1775320306.147))::timestamp(3), NULL);
INSERT INTO "Product" ("id", "categoryId", "name", "sku", "description", "unit", "basePriceHt", "vatRate", "isActive", "portalRuptureStock", "minOrderQty", "stockQty", "weightKg", "dimensions", "imageUrls", "supplierUrl", "organizationId", "createdAt", "updatedAt", "technicalSheetUrl") VALUES ('cmnkjvf8k00503q44ij02rwk6', 'cmnkjvf4f000g3q443on6jfs6', 'Odor Line Sanitary', 'CS-0070', NULL, 'piece', 6.5, '20', TRUE, FALSE, 1, NULL, NULL, NULL, NULL, NULL, 'cmnh6utu50000tgma77zj2g7h', (to_timestamp(1775320306.149))::timestamp(3), (to_timestamp(1775320306.149))::timestamp(3), NULL);
INSERT INTO "Product" ("id", "categoryId", "name", "sku", "description", "unit", "basePriceHt", "vatRate", "isActive", "portalRuptureStock", "minOrderQty", "stockQty", "weightKg", "dimensions", "imageUrls", "supplierUrl", "organizationId", "createdAt", "updatedAt", "technicalSheetUrl") VALUES ('cmnkjvf8m00523q44yp7c4n3t', 'cmnkjvf4f000g3q443on6jfs6', 'Odor Line Neutral 1 L', 'CS-0071', NULL, 'litre', 6.5, '20', TRUE, FALSE, 1, NULL, NULL, NULL, NULL, NULL, 'cmnh6utu50000tgma77zj2g7h', (to_timestamp(1775320306.15))::timestamp(3), (to_timestamp(1775320306.15))::timestamp(3), NULL);
INSERT INTO "Product" ("id", "categoryId", "name", "sku", "description", "unit", "basePriceHt", "vatRate", "isActive", "portalRuptureStock", "minOrderQty", "stockQty", "weightKg", "dimensions", "imageUrls", "supplierUrl", "organizationId", "createdAt", "updatedAt", "technicalSheetUrl") VALUES ('cmnkjvf8o00543q44w0wq2qnn', 'cmnkjvf4b000a3q44s38gatcb', 'Surfglass 750 ml', 'CS-0072', NULL, 'piece', 4.5, '20', TRUE, FALSE, 1, NULL, NULL, NULL, NULL, NULL, 'cmnh6utu50000tgma77zj2g7h', (to_timestamp(1775320306.152))::timestamp(3), (to_timestamp(1775320306.152))::timestamp(3), NULL);
INSERT INTO "Product" ("id", "categoryId", "name", "sku", "description", "unit", "basePriceHt", "vatRate", "isActive", "portalRuptureStock", "minOrderQty", "stockQty", "weightKg", "dimensions", "imageUrls", "supplierUrl", "organizationId", "createdAt", "updatedAt", "technicalSheetUrl") VALUES ('cmnkjvf8p00563q447l2lurva', 'cmnkjvf4l000m3q44m7geqihl', 'Industry 10 L', 'CS-0073', NULL, 'litre', 50, '20', TRUE, FALSE, 1, NULL, NULL, NULL, NULL, NULL, 'cmnh6utu50000tgma77zj2g7h', (to_timestamp(1775320306.154))::timestamp(3), (to_timestamp(1775320306.154))::timestamp(3), NULL);
INSERT INTO "Product" ("id", "categoryId", "name", "sku", "description", "unit", "basePriceHt", "vatRate", "isActive", "portalRuptureStock", "minOrderQty", "stockQty", "weightKg", "dimensions", "imageUrls", "supplierUrl", "organizationId", "createdAt", "updatedAt", "technicalSheetUrl") VALUES ('cmnkjvf8s00583q44yn761fuh', 'cmnkjvf4900083q44nw0chysd', 'Gel WC Eco', 'CS-0074', NULL, 'litre', 3.4, '20', TRUE, FALSE, 1, NULL, NULL, NULL, NULL, NULL, 'cmnh6utu50000tgma77zj2g7h', (to_timestamp(1775320306.156))::timestamp(3), (to_timestamp(1775320306.156))::timestamp(3), NULL);
INSERT INTO "Product" ("id", "categoryId", "name", "sku", "description", "unit", "basePriceHt", "vatRate", "isActive", "portalRuptureStock", "minOrderQty", "stockQty", "weightKg", "dimensions", "imageUrls", "supplierUrl", "organizationId", "createdAt", "updatedAt", "technicalSheetUrl") VALUES ('cmnkjvf8t005a3q44899ste7z', 'cmnkjvf4v00103q442l9tk18b', 'Aspirateur (Numatic)', 'CS-0075', NULL, 'piece', 95.8, '20', TRUE, FALSE, 1, NULL, NULL, NULL, NULL, NULL, 'cmnh6utu50000tgma77zj2g7h', (to_timestamp(1775320306.158))::timestamp(3), (to_timestamp(1775320306.158))::timestamp(3), NULL);
INSERT INTO "Product" ("id", "categoryId", "name", "sku", "description", "unit", "basePriceHt", "vatRate", "isActive", "portalRuptureStock", "minOrderQty", "stockQty", "weightKg", "dimensions", "imageUrls", "supplierUrl", "organizationId", "createdAt", "updatedAt", "technicalSheetUrl") VALUES ('cmnkjvf8v005c3q44i9y7t6qn', 'cmnkjvf4u000y3q447qgga8wn', 'Chariot MM-4T Multimatic', 'CS-0076', NULL, 'piece', 179.2, '20', TRUE, FALSE, 1, NULL, NULL, NULL, NULL, NULL, 'cmnh6utu50000tgma77zj2g7h', (to_timestamp(1775320306.159))::timestamp(3), (to_timestamp(1775320306.159))::timestamp(3), NULL);
INSERT INTO "Product" ("id", "categoryId", "name", "sku", "description", "unit", "basePriceHt", "vatRate", "isActive", "portalRuptureStock", "minOrderQty", "stockQty", "weightKg", "dimensions", "imageUrls", "supplierUrl", "organizationId", "createdAt", "updatedAt", "technicalSheetUrl") VALUES ('cmnkjvf8x005e3q44j4ly4z0y', 'cmnkjvf4u000y3q447qgga8wn', 'Chariot lavage ONEFRED 2 seaux + presse mâchoires + panier', 'CS-0077', NULL, 'piece', 60, '20', TRUE, FALSE, 1, NULL, NULL, NULL, NULL, NULL, 'cmnh6utu50000tgma77zj2g7h', (to_timestamp(1775320306.161))::timestamp(3), (to_timestamp(1775320306.161))::timestamp(3), NULL);
INSERT INTO "Product" ("id", "categoryId", "name", "sku", "description", "unit", "basePriceHt", "vatRate", "isActive", "portalRuptureStock", "minOrderQty", "stockQty", "weightKg", "dimensions", "imageUrls", "supplierUrl", "organizationId", "createdAt", "updatedAt", "technicalSheetUrl") VALUES ('cmnkjvf8y005g3q44n22swtck', 'cmnkjvf4v00103q442l9tk18b', 'Disque 508 mm (20″) noir / vert / rouge', 'CS-0078', NULL, 'piece', 11.8, '20', TRUE, FALSE, 1, NULL, NULL, NULL, NULL, NULL, 'cmnh6utu50000tgma77zj2g7h', (to_timestamp(1775320306.163))::timestamp(3), (to_timestamp(1775320306.163))::timestamp(3), NULL);
INSERT INTO "Product" ("id", "categoryId", "name", "sku", "description", "unit", "basePriceHt", "vatRate", "isActive", "portalRuptureStock", "minOrderQty", "stockQty", "weightKg", "dimensions", "imageUrls", "supplierUrl", "organizationId", "createdAt", "updatedAt", "technicalSheetUrl") VALUES ('cmnkjvf90005i3q44hj52m9va', 'cmnkjvf4v00103q442l9tk18b', 'Disque 432 mm (17″) noir / vert / rouge', 'CS-0079', NULL, 'piece', 7.8, '20', TRUE, FALSE, 1, NULL, NULL, NULL, NULL, NULL, 'cmnh6utu50000tgma77zj2g7h', (to_timestamp(1775320306.164))::timestamp(3), (to_timestamp(1775320306.164))::timestamp(3), NULL);
INSERT INTO "Product" ("id", "categoryId", "name", "sku", "description", "unit", "basePriceHt", "vatRate", "isActive", "portalRuptureStock", "minOrderQty", "stockQty", "weightKg", "dimensions", "imageUrls", "supplierUrl", "organizationId", "createdAt", "updatedAt", "technicalSheetUrl") VALUES ('cmnkjvf92005k3q44153a5yg1', 'cmnkjvf4l000m3q44m7geqihl', 'Bouche pores', 'CS-0080', NULL, 'piece', 22.47, '20', TRUE, FALSE, 1, NULL, NULL, NULL, NULL, 'https://www.hygiene-et-nature.com/produit/bouche-pores/', 'cmnh6utu50000tgma77zj2g7h', (to_timestamp(1775320306.166))::timestamp(3), (to_timestamp(1775320306.166))::timestamp(3), NULL);
INSERT INTO "Product" ("id", "categoryId", "name", "sku", "description", "unit", "basePriceHt", "vatRate", "isActive", "portalRuptureStock", "minOrderQty", "stockQty", "weightKg", "dimensions", "imageUrls", "supplierUrl", "organizationId", "createdAt", "updatedAt", "technicalSheetUrl") VALUES ('cmnkjvf93005m3q44vhhaggjg', 'cmnkjvf4c000c3q44nucsxqeq', 'Émulsion grand trafic', 'CS-0081', NULL, 'litre', 14, '20', TRUE, FALSE, 1, NULL, NULL, NULL, NULL, 'https://www.hygiene-et-nature.com/produit/emulsion-grand-trafic/', 'cmnh6utu50000tgma77zj2g7h', (to_timestamp(1775320306.168))::timestamp(3), (to_timestamp(1775320306.168))::timestamp(3), NULL);
INSERT INTO "Product" ("id", "categoryId", "name", "sku", "description", "unit", "basePriceHt", "vatRate", "isActive", "portalRuptureStock", "minOrderQty", "stockQty", "weightKg", "dimensions", "imageUrls", "supplierUrl", "organizationId", "createdAt", "updatedAt", "technicalSheetUrl") VALUES ('cmnkjvf95005o3q44pmr90mjl', 'cmnkjvf4l000m3q44m7geqihl', 'Javel 2,6 % — bidon 5 L', 'CS-0082', NULL, 'litre', 4, '20', TRUE, FALSE, 1, NULL, NULL, NULL, NULL, NULL, 'cmnh6utu50000tgma77zj2g7h', (to_timestamp(1775320306.169))::timestamp(3), (to_timestamp(1775320306.169))::timestamp(3), NULL);
INSERT INTO "Product" ("id", "categoryId", "name", "sku", "description", "unit", "basePriceHt", "vatRate", "isActive", "portalRuptureStock", "minOrderQty", "stockQty", "weightKg", "dimensions", "imageUrls", "supplierUrl", "organizationId", "createdAt", "updatedAt", "technicalSheetUrl") VALUES ('cmnkjvf97005q3q44s6qqp9rq', 'cmnkjvf4f000g3q443on6jfs6', 'Starflore surodorant 1 L', 'CS-0083', NULL, 'litre', 11.67, '20', TRUE, FALSE, 1, NULL, NULL, NULL, NULL, 'https://www.hygiene-et-nature.com/produit/starflore-surodorant/', 'cmnh6utu50000tgma77zj2g7h', (to_timestamp(1775320306.172))::timestamp(3), (to_timestamp(1775320306.172))::timestamp(3), NULL);
INSERT INTO "Product" ("id", "categoryId", "name", "sku", "description", "unit", "basePriceHt", "vatRate", "isActive", "portalRuptureStock", "minOrderQty", "stockQty", "weightKg", "dimensions", "imageUrls", "supplierUrl", "organizationId", "createdAt", "updatedAt", "technicalSheetUrl") VALUES ('cmnkjvf99005s3q447df55g1f', 'cmnkjvf4l000m3q44m7geqihl', 'Nettoyant huile de lin', 'CS-0084', NULL, 'litre', 16.67, '20', TRUE, FALSE, 1, NULL, NULL, NULL, NULL, 'https://www.hygiene-et-nature.com/produit/nettoyant-huile-de-lin/', 'cmnh6utu50000tgma77zj2g7h', (to_timestamp(1775320306.174))::timestamp(3), (to_timestamp(1775320306.174))::timestamp(3), NULL);
INSERT INTO "Product" ("id", "categoryId", "name", "sku", "description", "unit", "basePriceHt", "vatRate", "isActive", "portalRuptureStock", "minOrderQty", "stockQty", "weightKg", "dimensions", "imageUrls", "supplierUrl", "organizationId", "createdAt", "updatedAt", "technicalSheetUrl") VALUES ('cmnkjvf9b005u3q44665ipkb1', 'cmnkjvf4l000m3q44m7geqihl', 'Dégraissant décapant SP alcalin boosté parfum pin — bidon 5 L', 'CS-0085', NULL, 'litre', 22.5, '20', TRUE, FALSE, 1, NULL, NULL, NULL, NULL, NULL, 'cmnh6utu50000tgma77zj2g7h', (to_timestamp(1775320306.175))::timestamp(3), (to_timestamp(1775320306.175))::timestamp(3), NULL);
INSERT INTO "Product" ("id", "categoryId", "name", "sku", "description", "unit", "basePriceHt", "vatRate", "isActive", "portalRuptureStock", "minOrderQty", "stockQty", "weightKg", "dimensions", "imageUrls", "supplierUrl", "organizationId", "createdAt", "updatedAt", "technicalSheetUrl") VALUES ('cmnkjvf9d005w3q44h1xgebqs', 'cmnkjvf4l000m3q44m7geqihl', 'Savon noir concentré ECOCERT', 'CS-0086', NULL, 'litre', 19.96, '20', TRUE, FALSE, 1, NULL, NULL, NULL, NULL, 'https://www.hygiene-et-nature.com/produit/savon-noir-concentre-ecocert/', 'cmnh6utu50000tgma77zj2g7h', (to_timestamp(1775320306.177))::timestamp(3), (to_timestamp(1775320306.177))::timestamp(3), NULL);
INSERT INTO "Product" ("id", "categoryId", "name", "sku", "description", "unit", "basePriceHt", "vatRate", "isActive", "portalRuptureStock", "minOrderQty", "stockQty", "weightKg", "dimensions", "imageUrls", "supplierUrl", "organizationId", "createdAt", "updatedAt", "technicalSheetUrl") VALUES ('cmnkjvf9e005y3q440pwbp9f7', 'cmnkjvf4l000m3q44m7geqihl', 'EchoClean Neutral 5 L', 'CS-0087', NULL, 'litre', 10, '20', TRUE, FALSE, 1, NULL, NULL, NULL, NULL, 'https://be-fr.pollet.eu/produit/echoclean-neutral-pomme/', 'cmnh6utu50000tgma77zj2g7h', (to_timestamp(1775320306.179))::timestamp(3), (to_timestamp(1775320306.179))::timestamp(3), NULL);
INSERT INTO "Product" ("id", "categoryId", "name", "sku", "description", "unit", "basePriceHt", "vatRate", "isActive", "portalRuptureStock", "minOrderQty", "stockQty", "weightKg", "dimensions", "imageUrls", "supplierUrl", "organizationId", "createdAt", "updatedAt", "technicalSheetUrl") VALUES ('cmnkjvf9g00603q447alliw2b', 'cmnkjvf4l000m3q44m7geqihl', 'PolTech Grease Spray', 'CS-0088', NULL, 'piece', 5.75, '20', TRUE, FALSE, 1, NULL, NULL, NULL, NULL, 'https://be-fr.pollet.eu/produit/poltech-grease-spray/', 'cmnh6utu50000tgma77zj2g7h', (to_timestamp(1775320306.18))::timestamp(3), (to_timestamp(1775320306.18))::timestamp(3), NULL);
INSERT INTO "Product" ("id", "categoryId", "name", "sku", "description", "unit", "basePriceHt", "vatRate", "isActive", "portalRuptureStock", "minOrderQty", "stockQty", "weightKg", "dimensions", "imageUrls", "supplierUrl", "organizationId", "createdAt", "updatedAt", "technicalSheetUrl") VALUES ('cmnkjvf9h00623q44kxoc7l7h', 'cmnkjvf4l000m3q44m7geqihl', 'Vinaigre blanc de nettoyage surpuissant ECOCERT', 'CS-0089', NULL, 'litre', 3.67, '20', TRUE, FALSE, 1, NULL, NULL, NULL, NULL, 'https://www.hygiene-et-nature.com/produit/vinaigre-blanc-de-nettoyage-surpuissant-ecocert/', 'cmnh6utu50000tgma77zj2g7h', (to_timestamp(1775320306.182))::timestamp(3), (to_timestamp(1775320306.182))::timestamp(3), NULL);
INSERT INTO "Product" ("id", "categoryId", "name", "sku", "description", "unit", "basePriceHt", "vatRate", "isActive", "portalRuptureStock", "minOrderQty", "stockQty", "weightKg", "dimensions", "imageUrls", "supplierUrl", "organizationId", "createdAt", "updatedAt", "technicalSheetUrl") VALUES ('cmnkjvf9j00643q44vo5g48ug', 'cmnkjvf4l000m3q44m7geqihl', 'Brillant Breton bleu — bidon 1 L', 'CS-0090', NULL, 'litre', 10.75, '20', TRUE, FALSE, 1, NULL, NULL, NULL, NULL, NULL, 'cmnh6utu50000tgma77zj2g7h', (to_timestamp(1775320306.183))::timestamp(3), (to_timestamp(1775320306.183))::timestamp(3), NULL);
INSERT INTO "Product" ("id", "categoryId", "name", "sku", "description", "unit", "basePriceHt", "vatRate", "isActive", "portalRuptureStock", "minOrderQty", "stockQty", "weightKg", "dimensions", "imageUrls", "supplierUrl", "organizationId", "createdAt", "updatedAt", "technicalSheetUrl") VALUES ('cmnkjvf9l00663q445r03l69x', 'cmnkjvf4l000m3q44m7geqihl', 'Désinfect’Alim SR V ECOCERT', 'CS-0091', NULL, 'litre', 5.83, '20', TRUE, FALSE, 1, NULL, NULL, NULL, NULL, 'https://www.hygiene-et-nature.com/produit/desinfectalim-sr-v-ecocert/', 'cmnh6utu50000tgma77zj2g7h', (to_timestamp(1775320306.185))::timestamp(3), (to_timestamp(1775320306.185))::timestamp(3), NULL);
INSERT INTO "Product" ("id", "categoryId", "name", "sku", "description", "unit", "basePriceHt", "vatRate", "isActive", "portalRuptureStock", "minOrderQty", "stockQty", "weightKg", "dimensions", "imageUrls", "supplierUrl", "organizationId", "createdAt", "updatedAt", "technicalSheetUrl") VALUES ('cmnkjvf9n00683q44dtwngp5h', 'cmnkjvf4l000m3q44m7geqihl', 'Polish sans silicone sans parfum', 'CS-0092', NULL, 'litre', 8.33, '20', TRUE, FALSE, 1, NULL, NULL, NULL, NULL, 'https://www.hygiene-et-nature.com/produit/polish-sans-silicone-sans-parfum/', 'cmnh6utu50000tgma77zj2g7h', (to_timestamp(1775320306.187))::timestamp(3), (to_timestamp(1775320306.187))::timestamp(3), NULL);
INSERT INTO "Product" ("id", "categoryId", "name", "sku", "description", "unit", "basePriceHt", "vatRate", "isActive", "portalRuptureStock", "minOrderQty", "stockQty", "weightKg", "dimensions", "imageUrls", "supplierUrl", "organizationId", "createdAt", "updatedAt", "technicalSheetUrl") VALUES ('cmnkjvf9p006a3q44kar2n2n6', 'cmnkjvf4n000o3q44ghlaa1f5', 'Éponge végétale n°4 — paquet', 'CS-0093', NULL, 'piece', 8, '20', TRUE, FALSE, 1, NULL, NULL, NULL, NULL, NULL, 'cmnh6utu50000tgma77zj2g7h', (to_timestamp(1775320306.189))::timestamp(3), (to_timestamp(1775320306.189))::timestamp(3), NULL);
INSERT INTO "Product" ("id", "categoryId", "name", "sku", "description", "unit", "basePriceHt", "vatRate", "isActive", "portalRuptureStock", "minOrderQty", "stockQty", "weightKg", "dimensions", "imageUrls", "supplierUrl", "organizationId", "createdAt", "updatedAt", "technicalSheetUrl") VALUES ('cmnkjvf9r006c3q4480zn6ou5', 'cmnkjvf4n000o3q44ghlaa1f5', 'Éponge mélamine — paquet', 'CS-0094', NULL, 'piece', 8, '20', TRUE, FALSE, 1, NULL, NULL, NULL, NULL, NULL, 'cmnh6utu50000tgma77zj2g7h', (to_timestamp(1775320306.191))::timestamp(3), (to_timestamp(1775320306.191))::timestamp(3), NULL);
INSERT INTO "Product" ("id", "categoryId", "name", "sku", "description", "unit", "basePriceHt", "vatRate", "isActive", "portalRuptureStock", "minOrderQty", "stockQty", "weightKg", "dimensions", "imageUrls", "supplierUrl", "organizationId", "createdAt", "updatedAt", "technicalSheetUrl") VALUES ('cmnkjvf9s006e3q44tpbtpj7a', 'cmnkjvf4y00143q44t8pv7twz', 'ACTO — aérosol punaises de lit (PUNAIS11)', 'CS-0095', NULL, 'piece', 15.42, '20', TRUE, FALSE, 1, NULL, NULL, NULL, NULL, NULL, 'cmnh6utu50000tgma77zj2g7h', (to_timestamp(1775320306.193))::timestamp(3), (to_timestamp(1775320306.193))::timestamp(3), NULL);
INSERT INTO "Product" ("id", "categoryId", "name", "sku", "description", "unit", "basePriceHt", "vatRate", "isActive", "portalRuptureStock", "minOrderQty", "stockQty", "weightKg", "dimensions", "imageUrls", "supplierUrl", "organizationId", "createdAt", "updatedAt", "technicalSheetUrl") VALUES ('cmnkjvf9u006g3q44gpz2tjpc', 'cmnkjvf4y00143q44t8pv7twz', 'ACTO Foudroyant — pâte appât souris (SOU3)', 'CS-0096', NULL, 'piece', 6.67, '20', TRUE, FALSE, 1, NULL, NULL, NULL, NULL, NULL, 'cmnh6utu50000tgma77zj2g7h', (to_timestamp(1775320306.195))::timestamp(3), (to_timestamp(1775320306.195))::timestamp(3), NULL);
INSERT INTO "Product" ("id", "categoryId", "name", "sku", "description", "unit", "basePriceHt", "vatRate", "isActive", "portalRuptureStock", "minOrderQty", "stockQty", "weightKg", "dimensions", "imageUrls", "supplierUrl", "organizationId", "createdAt", "updatedAt", "technicalSheetUrl") VALUES ('cmnkjvf9w006i3q44dp20rch6', 'cmnkjvf4y00143q44t8pv7twz', 'ACTO — pièges à glu rats & souris support bois (noisette)', 'CS-0097', 'Référence catalogue PDF — prix sur demande.', 'piece', 0, '20', FALSE, FALSE, 1, NULL, NULL, NULL, NULL, NULL, 'cmnh6utu50000tgma77zj2g7h', (to_timestamp(1775320306.196))::timestamp(3), (to_timestamp(1775320306.196))::timestamp(3), NULL);
INSERT INTO "Product" ("id", "categoryId", "name", "sku", "description", "unit", "basePriceHt", "vatRate", "isActive", "portalRuptureStock", "minOrderQty", "stockQty", "weightKg", "dimensions", "imageUrls", "supplierUrl", "organizationId", "createdAt", "updatedAt", "technicalSheetUrl") VALUES ('cmnkjvf9x006k3q44jg03sxvp', 'cmnkjvf4y00143q44t8pv7twz', 'Poudre de chabasite insectes rampants 100 g', 'CS-0098', 'Référence catalogue PDF — prix sur demande.', 'piece', 0, '20', FALSE, FALSE, 1, NULL, NULL, NULL, NULL, NULL, 'cmnh6utu50000tgma77zj2g7h', (to_timestamp(1775320306.198))::timestamp(3), (to_timestamp(1775320306.198))::timestamp(3), NULL);
INSERT INTO "Product" ("id", "categoryId", "name", "sku", "description", "unit", "basePriceHt", "vatRate", "isActive", "portalRuptureStock", "minOrderQty", "stockQty", "weightKg", "dimensions", "imageUrls", "supplierUrl", "organizationId", "createdAt", "updatedAt", "technicalSheetUrl") VALUES ('cmnkjvf9z006m3q44p3bofv94', 'cmnkjvf4y00143q44t8pv7twz', 'ACTO — tube gel-appât fourmis (FOUR6)', 'CS-0099', 'Référence catalogue PDF — prix sur demande.', 'piece', 0, '20', FALSE, FALSE, 1, NULL, NULL, NULL, NULL, NULL, 'cmnh6utu50000tgma77zj2g7h', (to_timestamp(1775320306.199))::timestamp(3), (to_timestamp(1775320306.199))::timestamp(3), NULL);
INSERT INTO "Product" ("id", "categoryId", "name", "sku", "description", "unit", "basePriceHt", "vatRate", "isActive", "portalRuptureStock", "minOrderQty", "stockQty", "weightKg", "dimensions", "imageUrls", "supplierUrl", "organizationId", "createdAt", "updatedAt", "technicalSheetUrl") VALUES ('cmnkjvfa1006o3q44n47qemh3', 'cmnkjvf4y00143q44t8pv7twz', 'ACTO — plaquette punaises de lit (lot de 2)', 'CS-0100', 'Référence catalogue PDF — prix sur demande.', 'piece', 0, '20', FALSE, FALSE, 1, NULL, NULL, NULL, NULL, NULL, 'cmnh6utu50000tgma77zj2g7h', (to_timestamp(1775320306.201))::timestamp(3), (to_timestamp(1775320306.201))::timestamp(3), NULL);
INSERT INTO "Product" ("id", "categoryId", "name", "sku", "description", "unit", "basePriceHt", "vatRate", "isActive", "portalRuptureStock", "minOrderQty", "stockQty", "weightKg", "dimensions", "imageUrls", "supplierUrl", "organizationId", "createdAt", "updatedAt", "technicalSheetUrl") VALUES ('cmnkjvfa3006q3q44loreh9kv', 'cmnkjvf4y00143q44t8pv7twz', 'ACTO — diffuseur électrique moustiques (SET3)', 'CS-0101', 'Référence catalogue PDF — prix sur demande.', 'piece', 0, '20', FALSE, FALSE, 1, NULL, NULL, NULL, NULL, NULL, 'cmnh6utu50000tgma77zj2g7h', (to_timestamp(1775320306.203))::timestamp(3), (to_timestamp(1775320306.203))::timestamp(3), NULL);
INSERT INTO "Product" ("id", "categoryId", "name", "sku", "description", "unit", "basePriceHt", "vatRate", "isActive", "portalRuptureStock", "minOrderQty", "stockQty", "weightKg", "dimensions", "imageUrls", "supplierUrl", "organizationId", "createdAt", "updatedAt", "technicalSheetUrl") VALUES ('cmnkjvfa5006s3q44t4iaba4g', 'cmnkjvf4y00143q44t8pv7twz', 'ACTO — attrapes-mouches piège à glu fenêtre', 'CS-0102', 'Référence catalogue PDF — prix sur demande.', 'piece', 0, '20', FALSE, FALSE, 1, NULL, NULL, NULL, NULL, NULL, 'cmnh6utu50000tgma77zj2g7h', (to_timestamp(1775320306.205))::timestamp(3), (to_timestamp(1775320306.205))::timestamp(3), NULL);
INSERT INTO "Product" ("id", "categoryId", "name", "sku", "description", "unit", "basePriceHt", "vatRate", "isActive", "portalRuptureStock", "minOrderQty", "stockQty", "weightKg", "dimensions", "imageUrls", "supplierUrl", "organizationId", "createdAt", "updatedAt", "technicalSheetUrl") VALUES ('cmnkjvfa7006u3q44klgo7dde', 'cmnkjvf4w00123q444g1s8ito', 'Support mouilleur 35 cm', 'CS-0103', 'Référence catalogue PDF — prix sur demande.', 'piece', 0, '20', FALSE, FALSE, 1, NULL, NULL, NULL, NULL, NULL, 'cmnh6utu50000tgma77zj2g7h', (to_timestamp(1775320306.207))::timestamp(3), (to_timestamp(1775320306.207))::timestamp(3), NULL);
INSERT INTO "Product" ("id", "categoryId", "name", "sku", "description", "unit", "basePriceHt", "vatRate", "isActive", "portalRuptureStock", "minOrderQty", "stockQty", "weightKg", "dimensions", "imageUrls", "supplierUrl", "organizationId", "createdAt", "updatedAt", "technicalSheetUrl") VALUES ('cmnkjvfa8006w3q449wrr4i8p', 'cmnkjvf4w00123q444g1s8ito', 'Support mouilleur 24 cm', 'CS-0104', 'Référence catalogue PDF — prix sur demande.', 'piece', 0, '20', FALSE, FALSE, 1, NULL, NULL, NULL, NULL, NULL, 'cmnh6utu50000tgma77zj2g7h', (to_timestamp(1775320306.209))::timestamp(3), (to_timestamp(1775320306.209))::timestamp(3), NULL);
INSERT INTO "Product" ("id", "categoryId", "name", "sku", "description", "unit", "basePriceHt", "vatRate", "isActive", "portalRuptureStock", "minOrderQty", "stockQty", "weightKg", "dimensions", "imageUrls", "supplierUrl", "organizationId", "createdAt", "updatedAt", "technicalSheetUrl") VALUES ('cmnkjvfaa006y3q44544kbh8s', 'cmnkjvf4w00123q444g1s8ito', 'Support mouilleur 45 cm', 'CS-0105', 'Référence catalogue PDF — prix sur demande.', 'piece', 0, '20', FALSE, FALSE, 1, NULL, NULL, NULL, NULL, NULL, 'cmnh6utu50000tgma77zj2g7h', (to_timestamp(1775320306.21))::timestamp(3), (to_timestamp(1775320306.21))::timestamp(3), NULL);
INSERT INTO "Product" ("id", "categoryId", "name", "sku", "description", "unit", "basePriceHt", "vatRate", "isActive", "portalRuptureStock", "minOrderQty", "stockQty", "weightKg", "dimensions", "imageUrls", "supplierUrl", "organizationId", "createdAt", "updatedAt", "technicalSheetUrl") VALUES ('cmnkjvfac00703q44xpmeywhx', 'cmnkjvf4w00123q444g1s8ito', 'Caoutchouc SOFT 25 cm Unger', 'CS-0106', 'Référence catalogue PDF — prix sur demande.', 'piece', 0, '20', FALSE, FALSE, 1, NULL, NULL, NULL, NULL, NULL, 'cmnh6utu50000tgma77zj2g7h', (to_timestamp(1775320306.212))::timestamp(3), (to_timestamp(1775320306.212))::timestamp(3), NULL);
INSERT INTO "Product" ("id", "categoryId", "name", "sku", "description", "unit", "basePriceHt", "vatRate", "isActive", "portalRuptureStock", "minOrderQty", "stockQty", "weightKg", "dimensions", "imageUrls", "supplierUrl", "organizationId", "createdAt", "updatedAt", "technicalSheetUrl") VALUES ('cmnkjvfae00723q44qyd84vmg', 'cmnkjvf4w00123q444g1s8ito', 'Barrette inox + caoutchouc SOFT 24 / 35 / 45 cm Unger', 'CS-0107', 'Référence catalogue PDF — prix sur demande.', 'piece', 0, '20', FALSE, FALSE, 1, NULL, NULL, NULL, NULL, NULL, 'cmnh6utu50000tgma77zj2g7h', (to_timestamp(1775320306.214))::timestamp(3), (to_timestamp(1775320306.214))::timestamp(3), NULL);
INSERT INTO "Product" ("id", "categoryId", "name", "sku", "description", "unit", "basePriceHt", "vatRate", "isActive", "portalRuptureStock", "minOrderQty", "stockQty", "weightKg", "dimensions", "imageUrls", "supplierUrl", "organizationId", "createdAt", "updatedAt", "technicalSheetUrl") VALUES ('cmnkjvfaf00743q44e6386vj7', 'cmnkjvf4w00123q444g1s8ito', 'Recharge mouilleur 25 / 35 / 45 cm', 'CS-0108', 'Référence catalogue PDF — prix sur demande.', 'piece', 0, '20', FALSE, FALSE, 1, NULL, NULL, NULL, NULL, NULL, 'cmnh6utu50000tgma77zj2g7h', (to_timestamp(1775320306.215))::timestamp(3), (to_timestamp(1775320306.215))::timestamp(3), NULL);
INSERT INTO "Product" ("id", "categoryId", "name", "sku", "description", "unit", "basePriceHt", "vatRate", "isActive", "portalRuptureStock", "minOrderQty", "stockQty", "weightKg", "dimensions", "imageUrls", "supplierUrl", "organizationId", "createdAt", "updatedAt", "technicalSheetUrl") VALUES ('cmnkjvfah00763q44rfg7ldvc', 'cmnkjvf4p000s3q44es86fyoj', 'Manche bois 130 cm Ø 23,5 mm à vis', 'CS-0109', 'Référence catalogue PDF — prix sur demande.', 'piece', 0, '20', FALSE, FALSE, 1, NULL, NULL, NULL, NULL, NULL, 'cmnh6utu50000tgma77zj2g7h', (to_timestamp(1775320306.217))::timestamp(3), (to_timestamp(1775320306.217))::timestamp(3), NULL);
INSERT INTO "Product" ("id", "categoryId", "name", "sku", "description", "unit", "basePriceHt", "vatRate", "isActive", "portalRuptureStock", "minOrderQty", "stockQty", "weightKg", "dimensions", "imageUrls", "supplierUrl", "organizationId", "createdAt", "updatedAt", "technicalSheetUrl") VALUES ('cmnkjvfai00783q44758v1jt2', 'cmnkjvf4p000s3q44es86fyoj', 'Manche bois 130 cm Ø 23,5 mm sans vis', 'CS-0110', 'Référence catalogue PDF — prix sur demande.', 'piece', 0, '20', FALSE, FALSE, 1, NULL, NULL, NULL, NULL, NULL, 'cmnh6utu50000tgma77zj2g7h', (to_timestamp(1775320306.219))::timestamp(3), (to_timestamp(1775320306.219))::timestamp(3), NULL);
INSERT INTO "Product" ("id", "categoryId", "name", "sku", "description", "unit", "basePriceHt", "vatRate", "isActive", "portalRuptureStock", "minOrderQty", "stockQty", "weightKg", "dimensions", "imageUrls", "supplierUrl", "organizationId", "createdAt", "updatedAt", "technicalSheetUrl") VALUES ('cmnkjvfak007a3q44vlxp5w8x', 'cmnkjvf4p000s3q44es86fyoj', 'Manche bois cantonnier 140 cm Ø 28 mm', 'CS-0111', 'Référence catalogue PDF — prix sur demande.', 'piece', 0, '20', FALSE, FALSE, 1, NULL, NULL, NULL, NULL, NULL, 'cmnh6utu50000tgma77zj2g7h', (to_timestamp(1775320306.221))::timestamp(3), (to_timestamp(1775320306.221))::timestamp(3), NULL);
INSERT INTO "Product" ("id", "categoryId", "name", "sku", "description", "unit", "basePriceHt", "vatRate", "isActive", "portalRuptureStock", "minOrderQty", "stockQty", "weightKg", "dimensions", "imageUrls", "supplierUrl", "organizationId", "createdAt", "updatedAt", "technicalSheetUrl") VALUES ('cmnkjvfan007c3q44k686we5l', 'cmnkjvf4p000s3q44es86fyoj', 'Ensemble pelle balayette bord caoutchouc', 'CS-0112', 'Référence catalogue PDF — prix sur demande.', 'piece', 0, '20', FALSE, FALSE, 1, NULL, NULL, NULL, NULL, NULL, 'cmnh6utu50000tgma77zj2g7h', (to_timestamp(1775320306.223))::timestamp(3), (to_timestamp(1775320306.223))::timestamp(3), NULL);
INSERT INTO "Product" ("id", "categoryId", "name", "sku", "description", "unit", "basePriceHt", "vatRate", "isActive", "portalRuptureStock", "minOrderQty", "stockQty", "weightKg", "dimensions", "imageUrls", "supplierUrl", "organizationId", "createdAt", "updatedAt", "technicalSheetUrl") VALUES ('cmnkjvfao007e3q44dv05ae4z', 'cmnkjvf4p000s3q44es86fyoj', 'Ensemble pelle balayette « aéroport » MAXI', 'CS-0113', 'Référence catalogue PDF — prix sur demande.', 'piece', 0, '20', FALSE, FALSE, 1, NULL, NULL, NULL, NULL, NULL, 'cmnh6utu50000tgma77zj2g7h', (to_timestamp(1775320306.225))::timestamp(3), (to_timestamp(1775320306.225))::timestamp(3), NULL);
INSERT INTO "Product" ("id", "categoryId", "name", "sku", "description", "unit", "basePriceHt", "vatRate", "isActive", "portalRuptureStock", "minOrderQty", "stockQty", "weightKg", "dimensions", "imageUrls", "supplierUrl", "organizationId", "createdAt", "updatedAt", "technicalSheetUrl") VALUES ('cmnkjvfaq007g3q44gx2lgcuo', 'cmnkjvf4o000q3q44wu92xfz7', 'Armature balai à frange 40 / 60 / 80 / 100 cm', 'CS-0114', 'Référence catalogue PDF — prix sur demande.', 'piece', 0, '20', FALSE, FALSE, 1, NULL, NULL, NULL, NULL, NULL, 'cmnh6utu50000tgma77zj2g7h', (to_timestamp(1775320306.226))::timestamp(3), (to_timestamp(1775320306.226))::timestamp(3), NULL);
INSERT INTO "Product" ("id", "categoryId", "name", "sku", "description", "unit", "basePriceHt", "vatRate", "isActive", "portalRuptureStock", "minOrderQty", "stockQty", "weightKg", "dimensions", "imageUrls", "supplierUrl", "organizationId", "createdAt", "updatedAt", "technicalSheetUrl") VALUES ('cmnkjvfas007i3q44z96vn9vw', 'cmnkjvf4o000q3q44wu92xfz7', 'Raclette industrielle 45 / 55 / 75 cm mousse rouge', 'CS-0115', 'Référence catalogue PDF — prix sur demande.', 'piece', 0, '20', FALSE, FALSE, 1, NULL, NULL, NULL, NULL, NULL, 'cmnh6utu50000tgma77zj2g7h', (to_timestamp(1775320306.228))::timestamp(3), (to_timestamp(1775320306.228))::timestamp(3), NULL);
INSERT INTO "Product" ("id", "categoryId", "name", "sku", "description", "unit", "basePriceHt", "vatRate", "isActive", "portalRuptureStock", "minOrderQty", "stockQty", "weightKg", "dimensions", "imageUrls", "supplierUrl", "organizationId", "createdAt", "updatedAt", "technicalSheetUrl") VALUES ('cmnkjvfat007k3q44oo5p1a29', 'cmnkjvf4o000q3q44wu92xfz7', 'Raclette sol alimentaire 45 cm bleue', 'CS-0116', 'Référence catalogue PDF — prix sur demande.', 'piece', 0, '20', FALSE, FALSE, 1, NULL, NULL, NULL, NULL, NULL, 'cmnh6utu50000tgma77zj2g7h', (to_timestamp(1775320306.229))::timestamp(3), (to_timestamp(1775320306.229))::timestamp(3), NULL);
INSERT INTO "Product" ("id", "categoryId", "name", "sku", "description", "unit", "basePriceHt", "vatRate", "isActive", "portalRuptureStock", "minOrderQty", "stockQty", "weightKg", "dimensions", "imageUrls", "supplierUrl", "organizationId", "createdAt", "updatedAt", "technicalSheetUrl") VALUES ('cmnkjvfav007m3q44tz221z2g', 'cmnkjvf4o000q3q44wu92xfz7', 'Raclette sol alimentaire 75 cm mousse blanche', 'CS-0117', 'Référence catalogue PDF — prix sur demande.', 'piece', 0, '20', FALSE, FALSE, 1, NULL, NULL, NULL, NULL, NULL, 'cmnh6utu50000tgma77zj2g7h', (to_timestamp(1775320306.231))::timestamp(3), (to_timestamp(1775320306.231))::timestamp(3), NULL);
INSERT INTO "Product" ("id", "categoryId", "name", "sku", "description", "unit", "basePriceHt", "vatRate", "isActive", "portalRuptureStock", "minOrderQty", "stockQty", "weightKg", "dimensions", "imageUrls", "supplierUrl", "organizationId", "createdAt", "updatedAt", "technicalSheetUrl") VALUES ('cmnkjvfaw007o3q44aab63d7s', 'cmnkjvf4o000q3q44wu92xfz7', 'Raclette sol alimentaire 55 cm mousse blanche', 'CS-0118', 'Référence catalogue PDF — prix sur demande.', 'piece', 0, '20', FALSE, FALSE, 1, NULL, NULL, NULL, NULL, NULL, 'cmnh6utu50000tgma77zj2g7h', (to_timestamp(1775320306.232))::timestamp(3), (to_timestamp(1775320306.232))::timestamp(3), NULL);
INSERT INTO "Product" ("id", "categoryId", "name", "sku", "description", "unit", "basePriceHt", "vatRate", "isActive", "portalRuptureStock", "minOrderQty", "stockQty", "weightKg", "dimensions", "imageUrls", "supplierUrl", "organizationId", "createdAt", "updatedAt", "technicalSheetUrl") VALUES ('cmnkjvfay007q3q44aeopbtmo', 'cmnkjvf4w00123q444g1s8ito', 'Tête de loup vinyle 1/2 ronde + manche télescopique 150 cm', 'CS-0119', 'Référence catalogue PDF — prix sur demande.', 'piece', 0, '20', FALSE, FALSE, 1, NULL, NULL, NULL, NULL, NULL, 'cmnh6utu50000tgma77zj2g7h', (to_timestamp(1775320306.234))::timestamp(3), (to_timestamp(1775320306.234))::timestamp(3), NULL);
INSERT INTO "Product" ("id", "categoryId", "name", "sku", "description", "unit", "basePriceHt", "vatRate", "isActive", "portalRuptureStock", "minOrderQty", "stockQty", "weightKg", "dimensions", "imageUrls", "supplierUrl", "organizationId", "createdAt", "updatedAt", "technicalSheetUrl") VALUES ('cmnkjvfb0007s3q4476zd00zr', 'cmnkjvf4w00123q444g1s8ito', 'Sabre microfibre flexible', 'CS-0120', 'Référence catalogue PDF — prix sur demande.', 'piece', 0, '20', FALSE, FALSE, 1, NULL, NULL, NULL, NULL, NULL, 'cmnh6utu50000tgma77zj2g7h', (to_timestamp(1775320306.237))::timestamp(3), (to_timestamp(1775320306.237))::timestamp(3), NULL);
INSERT INTO "Product" ("id", "categoryId", "name", "sku", "description", "unit", "basePriceHt", "vatRate", "isActive", "portalRuptureStock", "minOrderQty", "stockQty", "weightKg", "dimensions", "imageUrls", "supplierUrl", "organizationId", "createdAt", "updatedAt", "technicalSheetUrl") VALUES ('cmnkjvfb2007u3q44gptk2gyg', 'cmnkjvf4w00123q444g1s8ito', 'Recharge sabre microfibre', 'CS-0121', 'Référence catalogue PDF — prix sur demande.', 'piece', 0, '20', FALSE, FALSE, 1, NULL, NULL, NULL, NULL, NULL, 'cmnh6utu50000tgma77zj2g7h', (to_timestamp(1775320306.239))::timestamp(3), (to_timestamp(1775320306.239))::timestamp(3), NULL);
INSERT INTO "Product" ("id", "categoryId", "name", "sku", "description", "unit", "basePriceHt", "vatRate", "isActive", "portalRuptureStock", "minOrderQty", "stockQty", "weightKg", "dimensions", "imageUrls", "supplierUrl", "organizationId", "createdAt", "updatedAt", "technicalSheetUrl") VALUES ('cmnkjvfb4007w3q44at0vo5dg', 'cmnkjvf4n000o3q44ghlaa1f5', 'Brosse à ongles blanche à poignée', 'CS-0122', 'Référence catalogue PDF — prix sur demande.', 'piece', 0, '20', FALSE, FALSE, 1, NULL, NULL, NULL, NULL, NULL, 'cmnh6utu50000tgma77zj2g7h', (to_timestamp(1775320306.241))::timestamp(3), (to_timestamp(1775320306.241))::timestamp(3), NULL);
INSERT INTO "Product" ("id", "categoryId", "name", "sku", "description", "unit", "basePriceHt", "vatRate", "isActive", "portalRuptureStock", "minOrderQty", "stockQty", "weightKg", "dimensions", "imageUrls", "supplierUrl", "organizationId", "createdAt", "updatedAt", "technicalSheetUrl") VALUES ('cmnkjvfb6007y3q44prcmuxhh', 'cmnkjvf4o000q3q44wu92xfz7', 'Frottoir alimentaire rouge', 'CS-0123', 'Référence catalogue PDF — prix sur demande.', 'piece', 0, '20', FALSE, FALSE, 1, NULL, NULL, NULL, NULL, NULL, 'cmnh6utu50000tgma77zj2g7h', (to_timestamp(1775320306.242))::timestamp(3), (to_timestamp(1775320306.242))::timestamp(3), NULL);
INSERT INTO "Product" ("id", "categoryId", "name", "sku", "description", "unit", "basePriceHt", "vatRate", "isActive", "portalRuptureStock", "minOrderQty", "stockQty", "weightKg", "dimensions", "imageUrls", "supplierUrl", "organizationId", "createdAt", "updatedAt", "technicalSheetUrl") VALUES ('cmnkjvfb800803q44jvd7aw1s', 'cmnkjvf4o000q3q44wu92xfz7', 'Frottoir alimentaire 30 cm blanc', 'CS-0124', 'Référence catalogue PDF — prix sur demande.', 'piece', 0, '20', FALSE, FALSE, 1, NULL, NULL, NULL, NULL, NULL, 'cmnh6utu50000tgma77zj2g7h', (to_timestamp(1775320306.244))::timestamp(3), (to_timestamp(1775320306.244))::timestamp(3), NULL);
INSERT INTO "Product" ("id", "categoryId", "name", "sku", "description", "unit", "basePriceHt", "vatRate", "isActive", "portalRuptureStock", "minOrderQty", "stockQty", "weightKg", "dimensions", "imageUrls", "supplierUrl", "organizationId", "createdAt", "updatedAt", "technicalSheetUrl") VALUES ('cmnkjvfb900823q44718at5hh', 'cmnkjvf4p000s3q44es86fyoj', 'Balai paille de riz synthétique vert + manche 140 cm', 'CS-0125', 'Référence catalogue PDF — prix sur demande.', 'piece', 0, '20', FALSE, FALSE, 1, NULL, NULL, NULL, NULL, NULL, 'cmnh6utu50000tgma77zj2g7h', (to_timestamp(1775320306.245))::timestamp(3), (to_timestamp(1775320306.245))::timestamp(3), NULL);
INSERT INTO "Product" ("id", "categoryId", "name", "sku", "description", "unit", "basePriceHt", "vatRate", "isActive", "portalRuptureStock", "minOrderQty", "stockQty", "weightKg", "dimensions", "imageUrls", "supplierUrl", "organizationId", "createdAt", "updatedAt", "technicalSheetUrl") VALUES ('cmnkjvfbb00843q44sdsrn8u6', 'cmnkjvf4p000s3q44es86fyoj', 'Balai cantonnier 32 cm monture bois douille fer', 'CS-0126', 'Référence catalogue PDF — prix sur demande.', 'piece', 0, '20', FALSE, FALSE, 1, NULL, NULL, NULL, NULL, NULL, 'cmnh6utu50000tgma77zj2g7h', (to_timestamp(1775320306.247))::timestamp(3), (to_timestamp(1775320306.247))::timestamp(3), NULL);
INSERT INTO "Product" ("id", "categoryId", "name", "sku", "description", "unit", "basePriceHt", "vatRate", "isActive", "portalRuptureStock", "minOrderQty", "stockQty", "weightKg", "dimensions", "imageUrls", "supplierUrl", "organizationId", "createdAt", "updatedAt", "technicalSheetUrl") VALUES ('cmnkjvfbc00863q44xixltfyr', 'cmnkjvf4p000s3q44es86fyoj', 'Balai alimentaire 40 cm souple douille droite', 'CS-0127', 'Référence catalogue PDF — prix sur demande.', 'piece', 0, '20', FALSE, FALSE, 1, NULL, NULL, NULL, NULL, NULL, 'cmnh6utu50000tgma77zj2g7h', (to_timestamp(1775320306.248))::timestamp(3), (to_timestamp(1775320306.248))::timestamp(3), NULL);
INSERT INTO "Product" ("id", "categoryId", "name", "sku", "description", "unit", "basePriceHt", "vatRate", "isActive", "portalRuptureStock", "minOrderQty", "stockQty", "weightKg", "dimensions", "imageUrls", "supplierUrl", "organizationId", "createdAt", "updatedAt", "technicalSheetUrl") VALUES ('cmnkjvfbe00883q44bpg1mvoh', 'cmnkjvf4u000y3q447qgga8wn', 'Chariot caréné MXTOP 303 S/P', 'CS-0128', 'Référence catalogue PDF — prix sur demande.', 'piece', 0, '20', FALSE, FALSE, 1, NULL, NULL, NULL, NULL, NULL, 'cmnh6utu50000tgma77zj2g7h', (to_timestamp(1775320306.25))::timestamp(3), (to_timestamp(1775320306.25))::timestamp(3), NULL);
INSERT INTO "Product" ("id", "categoryId", "name", "sku", "description", "unit", "basePriceHt", "vatRate", "isActive", "portalRuptureStock", "minOrderQty", "stockQty", "weightKg", "dimensions", "imageUrls", "supplierUrl", "organizationId", "createdAt", "updatedAt", "technicalSheetUrl") VALUES ('cmnkkma1x0016zfwaa5h837ol', 'cmnkkma180008zfwa7q6oimuc', 'Détartrant WC', 'CS-0001', NULL, 'litre', 2.75, '20', TRUE, FALSE, 1, NULL, NULL, NULL, NULL, NULL, 'cmnhay2dx0009cbcbf7fu3dzf', (to_timestamp(1775321559.141))::timestamp(3), (to_timestamp(1775321559.141))::timestamp(3), NULL);
INSERT INTO "Product" ("id", "categoryId", "name", "sku", "description", "unit", "basePriceHt", "vatRate", "isActive", "portalRuptureStock", "minOrderQty", "stockQty", "weightKg", "dimensions", "imageUrls", "supplierUrl", "organizationId", "createdAt", "updatedAt", "technicalSheetUrl") VALUES ('cmnkkma200018zfwamdb60bwq', 'cmnkkma180008zfwa7q6oimuc', 'Anti-calcaire', 'CS-0002', NULL, 'litre', 5.3, '20', TRUE, FALSE, 1, NULL, NULL, NULL, NULL, NULL, 'cmnhay2dx0009cbcbf7fu3dzf', (to_timestamp(1775321559.145))::timestamp(3), (to_timestamp(1775321559.145))::timestamp(3), NULL);
INSERT INTO "Product" ("id", "categoryId", "name", "sku", "description", "unit", "basePriceHt", "vatRate", "isActive", "portalRuptureStock", "minOrderQty", "stockQty", "weightKg", "dimensions", "imageUrls", "supplierUrl", "organizationId", "createdAt", "updatedAt", "technicalSheetUrl") VALUES ('cmnkkma22001azfwacok4ngub', 'cmnkkma180008zfwa7q6oimuc', 'Saniforte', 'CS-0003', NULL, 'litre', 5.3, '20', TRUE, FALSE, 1, NULL, NULL, NULL, NULL, NULL, 'cmnhay2dx0009cbcbf7fu3dzf', (to_timestamp(1775321559.146))::timestamp(3), (to_timestamp(1775321559.146))::timestamp(3), NULL);
INSERT INTO "Product" ("id", "categoryId", "name", "sku", "description", "unit", "basePriceHt", "vatRate", "isActive", "portalRuptureStock", "minOrderQty", "stockQty", "weightKg", "dimensions", "imageUrls", "supplierUrl", "organizationId", "createdAt", "updatedAt", "technicalSheetUrl") VALUES ('cmnkkma24001czfwaaccsao82', 'cmnkkma1a000azfwaziyuj31c', 'Nettoyant vitres 750 ml', 'CS-0004', NULL, 'piece', 4.5, '20', TRUE, FALSE, 1, NULL, NULL, NULL, NULL, NULL, 'cmnhay2dx0009cbcbf7fu3dzf', (to_timestamp(1775321559.148))::timestamp(3), (to_timestamp(1775321559.148))::timestamp(3), NULL);
INSERT INTO "Product" ("id", "categoryId", "name", "sku", "description", "unit", "basePriceHt", "vatRate", "isActive", "portalRuptureStock", "minOrderQty", "stockQty", "weightKg", "dimensions", "imageUrls", "supplierUrl", "organizationId", "createdAt", "updatedAt", "technicalSheetUrl") VALUES ('cmnkkma25001ezfwacg17it01', 'cmnkkma1a000azfwaziyuj31c', 'Nettoyant vitres 5 L', 'CS-0005', NULL, 'litre', 8.5, '20', TRUE, FALSE, 1, NULL, NULL, NULL, NULL, NULL, 'cmnhay2dx0009cbcbf7fu3dzf', (to_timestamp(1775321559.149))::timestamp(3), (to_timestamp(1775321559.149))::timestamp(3), NULL);
INSERT INTO "Product" ("id", "categoryId", "name", "sku", "description", "unit", "basePriceHt", "vatRate", "isActive", "portalRuptureStock", "minOrderQty", "stockQty", "weightKg", "dimensions", "imageUrls", "supplierUrl", "organizationId", "createdAt", "updatedAt", "technicalSheetUrl") VALUES ('cmnkkma27001gzfwapl23ns1n', 'cmnkkma1a000azfwaziyuj31c', 'Power spray 750 ml', 'CS-0006', NULL, 'piece', 5.7, '20', TRUE, FALSE, 1, NULL, NULL, NULL, NULL, NULL, 'cmnhay2dx0009cbcbf7fu3dzf', (to_timestamp(1775321559.151))::timestamp(3), (to_timestamp(1775321559.151))::timestamp(3), NULL);
INSERT INTO "Product" ("id", "categoryId", "name", "sku", "description", "unit", "basePriceHt", "vatRate", "isActive", "portalRuptureStock", "minOrderQty", "stockQty", "weightKg", "dimensions", "imageUrls", "supplierUrl", "organizationId", "createdAt", "updatedAt", "technicalSheetUrl") VALUES ('cmnkkma28001izfwakxr8j7cp', 'cmnkkma1a000azfwaziyuj31c', 'Power spray 5 L', 'CS-0007', NULL, 'litre', 32.3, '20', TRUE, FALSE, 1, NULL, NULL, NULL, NULL, NULL, 'cmnhay2dx0009cbcbf7fu3dzf', (to_timestamp(1775321559.153))::timestamp(3), (to_timestamp(1775321559.153))::timestamp(3), NULL);
INSERT INTO "Product" ("id", "categoryId", "name", "sku", "description", "unit", "basePriceHt", "vatRate", "isActive", "portalRuptureStock", "minOrderQty", "stockQty", "weightKg", "dimensions", "imageUrls", "supplierUrl", "organizationId", "createdAt", "updatedAt", "technicalSheetUrl") VALUES ('cmnkkma2a001kzfwax6jafp7e', 'cmnkkma1b000czfwa3ptsd7ml', 'Décappol 750 ml', 'CS-0008', NULL, 'piece', 5.75, '20', TRUE, FALSE, 1, NULL, NULL, NULL, NULL, NULL, 'cmnhay2dx0009cbcbf7fu3dzf', (to_timestamp(1775321559.154))::timestamp(3), (to_timestamp(1775321559.154))::timestamp(3), NULL);
INSERT INTO "Product" ("id", "categoryId", "name", "sku", "description", "unit", "basePriceHt", "vatRate", "isActive", "portalRuptureStock", "minOrderQty", "stockQty", "weightKg", "dimensions", "imageUrls", "supplierUrl", "organizationId", "createdAt", "updatedAt", "technicalSheetUrl") VALUES ('cmnkkma2b001mzfwaunqpyjn9', 'cmnkkma1b000czfwa3ptsd7ml', 'Décappol 5 L', 'CS-0009', NULL, 'litre', 28.75, '20', TRUE, FALSE, 1, NULL, NULL, NULL, NULL, NULL, 'cmnhay2dx0009cbcbf7fu3dzf', (to_timestamp(1775321559.156))::timestamp(3), (to_timestamp(1775321559.156))::timestamp(3), NULL);
INSERT INTO "Product" ("id", "categoryId", "name", "sku", "description", "unit", "basePriceHt", "vatRate", "isActive", "portalRuptureStock", "minOrderQty", "stockQty", "weightKg", "dimensions", "imageUrls", "supplierUrl", "organizationId", "createdAt", "updatedAt", "technicalSheetUrl") VALUES ('cmnkkma2e001ozfwaofpi8q18', 'cmnkkma1d000ezfwa05h2u3p9', 'Net’inox', 'CS-0010', NULL, 'litre', 10.4, '20', TRUE, FALSE, 1, NULL, NULL, NULL, NULL, NULL, 'cmnhay2dx0009cbcbf7fu3dzf', (to_timestamp(1775321559.158))::timestamp(3), (to_timestamp(1775321559.158))::timestamp(3), NULL);
INSERT INTO "Product" ("id", "categoryId", "name", "sku", "description", "unit", "basePriceHt", "vatRate", "isActive", "portalRuptureStock", "minOrderQty", "stockQty", "weightKg", "dimensions", "imageUrls", "supplierUrl", "organizationId", "createdAt", "updatedAt", "technicalSheetUrl") VALUES ('cmnkkma2g001qzfwag0m1fzrr', 'cmnkkma1g000izfwavtv0kgau', '2D (carton)', 'CS-0011', NULL, 'carton', 30, '20', TRUE, FALSE, 1, NULL, NULL, NULL, NULL, NULL, 'cmnhay2dx0009cbcbf7fu3dzf', (to_timestamp(1775321559.16))::timestamp(3), (to_timestamp(1775321559.16))::timestamp(3), NULL);
INSERT INTO "Product" ("id", "categoryId", "name", "sku", "description", "unit", "basePriceHt", "vatRate", "isActive", "portalRuptureStock", "minOrderQty", "stockQty", "weightKg", "dimensions", "imageUrls", "supplierUrl", "organizationId", "createdAt", "updatedAt", "technicalSheetUrl") VALUES ('cmnkkma2i001szfwaphwqhsex', 'cmnkkma1g000izfwavtv0kgau', '2D 5 L', 'CS-0012', NULL, 'litre', 7.4, '20', TRUE, FALSE, 1, NULL, NULL, NULL, NULL, NULL, 'cmnhay2dx0009cbcbf7fu3dzf', (to_timestamp(1775321559.162))::timestamp(3), (to_timestamp(1775321559.162))::timestamp(3), NULL);
INSERT INTO "Product" ("id", "categoryId", "name", "sku", "description", "unit", "basePriceHt", "vatRate", "isActive", "portalRuptureStock", "minOrderQty", "stockQty", "weightKg", "dimensions", "imageUrls", "supplierUrl", "organizationId", "createdAt", "updatedAt", "technicalSheetUrl") VALUES ('cmnkkma2k001uzfwaiuhz2e9i', 'cmnkkma1f000gzfwaxlr38v8g', 'Starflore 1 L', 'CS-0013', NULL, 'litre', 11.7, '20', TRUE, FALSE, 1, NULL, NULL, NULL, NULL, NULL, 'cmnhay2dx0009cbcbf7fu3dzf', (to_timestamp(1775321559.164))::timestamp(3), (to_timestamp(1775321559.164))::timestamp(3), NULL);
INSERT INTO "Product" ("id", "categoryId", "name", "sku", "description", "unit", "basePriceHt", "vatRate", "isActive", "portalRuptureStock", "minOrderQty", "stockQty", "weightKg", "dimensions", "imageUrls", "supplierUrl", "organizationId", "createdAt", "updatedAt", "technicalSheetUrl") VALUES ('cmnkkma2m001wzfwa6s4iijue', 'cmnkkma1f000gzfwaxlr38v8g', 'Starflore 750 ml', 'CS-0014', NULL, 'piece', 7.4, '20', TRUE, FALSE, 1, NULL, NULL, NULL, NULL, NULL, 'cmnhay2dx0009cbcbf7fu3dzf', (to_timestamp(1775321559.167))::timestamp(3), (to_timestamp(1775321559.167))::timestamp(3), NULL);
INSERT INTO "Product" ("id", "categoryId", "name", "sku", "description", "unit", "basePriceHt", "vatRate", "isActive", "portalRuptureStock", "minOrderQty", "stockQty", "weightKg", "dimensions", "imageUrls", "supplierUrl", "organizationId", "createdAt", "updatedAt", "technicalSheetUrl") VALUES ('cmnkkma2o001yzfwadwe8tt9h', 'cmnkkma1f000gzfwaxlr38v8g', 'Starflore 200 ml', 'CS-0015', NULL, 'piece', 4.7, '20', TRUE, FALSE, 1, NULL, NULL, NULL, NULL, NULL, 'cmnhay2dx0009cbcbf7fu3dzf', (to_timestamp(1775321559.169))::timestamp(3), (to_timestamp(1775321559.169))::timestamp(3), NULL);
INSERT INTO "Product" ("id", "categoryId", "name", "sku", "description", "unit", "basePriceHt", "vatRate", "isActive", "portalRuptureStock", "minOrderQty", "stockQty", "weightKg", "dimensions", "imageUrls", "supplierUrl", "organizationId", "createdAt", "updatedAt", "technicalSheetUrl") VALUES ('cmnkkma2q0020zfwa24mjcgoi', 'cmnkkma1b000czfwa3ptsd7ml', 'Décapant ciment 5 L', 'CS-0016', NULL, 'litre', 32.4, '20', TRUE, FALSE, 1, NULL, NULL, NULL, NULL, NULL, 'cmnhay2dx0009cbcbf7fu3dzf', (to_timestamp(1775321559.17))::timestamp(3), (to_timestamp(1775321559.17))::timestamp(3), NULL);
INSERT INTO "Product" ("id", "categoryId", "name", "sku", "description", "unit", "basePriceHt", "vatRate", "isActive", "portalRuptureStock", "minOrderQty", "stockQty", "weightKg", "dimensions", "imageUrls", "supplierUrl", "organizationId", "createdAt", "updatedAt", "technicalSheetUrl") VALUES ('cmnkkma2r0022zfwatxyzftfx', 'cmnkkma1h000kzfwa4slv5cjk', 'Crème mains blanche — bidon 5 L', 'CS-0017', NULL, 'litre', 10.4, '20', TRUE, FALSE, 1, NULL, NULL, NULL, NULL, NULL, 'cmnhay2dx0009cbcbf7fu3dzf', (to_timestamp(1775321559.172))::timestamp(3), (to_timestamp(1775321559.172))::timestamp(3), NULL);
INSERT INTO "Product" ("id", "categoryId", "name", "sku", "description", "unit", "basePriceHt", "vatRate", "isActive", "portalRuptureStock", "minOrderQty", "stockQty", "weightKg", "dimensions", "imageUrls", "supplierUrl", "organizationId", "createdAt", "updatedAt", "technicalSheetUrl") VALUES ('cmnkkma2t0024zfwa7469wy5g', 'cmnkkma1h000kzfwa4slv5cjk', 'Liquide vaisselle main standard — bidon 5 L', 'CS-0018', NULL, 'litre', 10.4, '20', TRUE, FALSE, 1, NULL, NULL, NULL, NULL, NULL, 'cmnhay2dx0009cbcbf7fu3dzf', (to_timestamp(1775321559.173))::timestamp(3), (to_timestamp(1775321559.173))::timestamp(3), NULL);
INSERT INTO "Product" ("id", "categoryId", "name", "sku", "description", "unit", "basePriceHt", "vatRate", "isActive", "portalRuptureStock", "minOrderQty", "stockQty", "weightKg", "dimensions", "imageUrls", "supplierUrl", "organizationId", "createdAt", "updatedAt", "technicalSheetUrl") VALUES ('cmnkkma2u0026zfwa19odk2xa', 'cmnkkma1b000czfwa3ptsd7ml', 'Parquet’net V 5 L', 'CS-0019', NULL, 'litre', 19, '20', TRUE, FALSE, 1, NULL, NULL, NULL, NULL, NULL, 'cmnhay2dx0009cbcbf7fu3dzf', (to_timestamp(1775321559.175))::timestamp(3), (to_timestamp(1775321559.175))::timestamp(3), NULL);
INSERT INTO "Product" ("id", "categoryId", "name", "sku", "description", "unit", "basePriceHt", "vatRate", "isActive", "portalRuptureStock", "minOrderQty", "stockQty", "weightKg", "dimensions", "imageUrls", "supplierUrl", "organizationId", "createdAt", "updatedAt", "technicalSheetUrl") VALUES ('cmnkkma2w0028zfwahur2d0fl', 'cmnkkma1b000czfwa3ptsd7ml', 'Tapi cleanet 5 L', 'CS-0020', NULL, 'litre', 16.6, '20', TRUE, FALSE, 1, NULL, NULL, NULL, NULL, NULL, 'cmnhay2dx0009cbcbf7fu3dzf', (to_timestamp(1775321559.176))::timestamp(3), (to_timestamp(1775321559.176))::timestamp(3), NULL);
INSERT INTO "Product" ("id", "categoryId", "name", "sku", "description", "unit", "basePriceHt", "vatRate", "isActive", "portalRuptureStock", "minOrderQty", "stockQty", "weightKg", "dimensions", "imageUrls", "supplierUrl", "organizationId", "createdAt", "updatedAt", "technicalSheetUrl") VALUES ('cmnkkma2y002azfwae2him81a', 'cmnkkma1f000gzfwaxlr38v8g', 'Citronnelle 5 L', 'CS-0021', NULL, 'litre', 12, '20', TRUE, FALSE, 1, NULL, NULL, NULL, NULL, NULL, 'cmnhay2dx0009cbcbf7fu3dzf', (to_timestamp(1775321559.178))::timestamp(3), (to_timestamp(1775321559.178))::timestamp(3), NULL);
INSERT INTO "Product" ("id", "categoryId", "name", "sku", "description", "unit", "basePriceHt", "vatRate", "isActive", "portalRuptureStock", "minOrderQty", "stockQty", "weightKg", "dimensions", "imageUrls", "supplierUrl", "organizationId", "createdAt", "updatedAt", "technicalSheetUrl") VALUES ('cmnkkma31002czfwag0jnsr1s', 'cmnkkma1k000ozfwacgczspqf', 'Lavette microfibre (5 × 40 × 40 cm)', 'CS-0022', NULL, 'piece', 4.6, '20', TRUE, FALSE, 1, NULL, NULL, NULL, NULL, NULL, 'cmnhay2dx0009cbcbf7fu3dzf', (to_timestamp(1775321559.181))::timestamp(3), (to_timestamp(1775321559.181))::timestamp(3), NULL);
INSERT INTO "Product" ("id", "categoryId", "name", "sku", "description", "unit", "basePriceHt", "vatRate", "isActive", "portalRuptureStock", "minOrderQty", "stockQty", "weightKg", "dimensions", "imageUrls", "supplierUrl", "organizationId", "createdAt", "updatedAt", "technicalSheetUrl") VALUES ('cmnkkma34002ezfwaepfzbbjq', 'cmnkkma1k000ozfwacgczspqf', 'Éponge végétale', 'CS-0023', NULL, 'piece', 0.9, '20', TRUE, FALSE, 1, NULL, NULL, NULL, NULL, NULL, 'cmnhay2dx0009cbcbf7fu3dzf', (to_timestamp(1775321559.184))::timestamp(3), (to_timestamp(1775321559.184))::timestamp(3), NULL);
INSERT INTO "Product" ("id", "categoryId", "name", "sku", "description", "unit", "basePriceHt", "vatRate", "isActive", "portalRuptureStock", "minOrderQty", "stockQty", "weightKg", "dimensions", "imageUrls", "supplierUrl", "organizationId", "createdAt", "updatedAt", "technicalSheetUrl") VALUES ('cmnkkma36002gzfwasvc9ohzi', 'cmnkkma1k000ozfwacgczspqf', 'Tampon abrasif', 'CS-0024', NULL, 'piece', 0.9, '20', TRUE, FALSE, 1, NULL, NULL, NULL, NULL, NULL, 'cmnhay2dx0009cbcbf7fu3dzf', (to_timestamp(1775321559.187))::timestamp(3), (to_timestamp(1775321559.187))::timestamp(3), NULL);
INSERT INTO "Product" ("id", "categoryId", "name", "sku", "description", "unit", "basePriceHt", "vatRate", "isActive", "portalRuptureStock", "minOrderQty", "stockQty", "weightKg", "dimensions", "imageUrls", "supplierUrl", "organizationId", "createdAt", "updatedAt", "technicalSheetUrl") VALUES ('cmnkkma39002izfwal05ewhnb', 'cmnkkma1k000ozfwacgczspqf', 'Tampon décapage 25 × 12 × 2 cm noir', 'CS-0025', NULL, 'piece', 0.92, '20', TRUE, FALSE, 1, NULL, NULL, NULL, NULL, NULL, 'cmnhay2dx0009cbcbf7fu3dzf', (to_timestamp(1775321559.189))::timestamp(3), (to_timestamp(1775321559.189))::timestamp(3), NULL);
INSERT INTO "Product" ("id", "categoryId", "name", "sku", "description", "unit", "basePriceHt", "vatRate", "isActive", "portalRuptureStock", "minOrderQty", "stockQty", "weightKg", "dimensions", "imageUrls", "supplierUrl", "organizationId", "createdAt", "updatedAt", "technicalSheetUrl") VALUES ('cmnkkma3b002kzfwa4du0pteu', 'cmnkkma1l000qzfwajpi26sey', 'Frange faubert', 'CS-0026', NULL, 'piece', 5.4, '20', TRUE, FALSE, 1, NULL, NULL, NULL, NULL, NULL, 'cmnhay2dx0009cbcbf7fu3dzf', (to_timestamp(1775321559.191))::timestamp(3), (to_timestamp(1775321559.191))::timestamp(3), NULL);
INSERT INTO "Product" ("id", "categoryId", "name", "sku", "description", "unit", "basePriceHt", "vatRate", "isActive", "portalRuptureStock", "minOrderQty", "stockQty", "weightKg", "dimensions", "imageUrls", "supplierUrl", "organizationId", "createdAt", "updatedAt", "technicalSheetUrl") VALUES ('cmnkkma3d002mzfwai4c3v1qw', 'cmnkkma1l000qzfwajpi26sey', 'Frange espagnole', 'CS-0027', NULL, 'piece', 4, '20', TRUE, FALSE, 1, NULL, NULL, NULL, NULL, NULL, 'cmnhay2dx0009cbcbf7fu3dzf', (to_timestamp(1775321559.193))::timestamp(3), (to_timestamp(1775321559.193))::timestamp(3), NULL);
INSERT INTO "Product" ("id", "categoryId", "name", "sku", "description", "unit", "basePriceHt", "vatRate", "isActive", "portalRuptureStock", "minOrderQty", "stockQty", "weightKg", "dimensions", "imageUrls", "supplierUrl", "organizationId", "createdAt", "updatedAt", "technicalSheetUrl") VALUES ('cmnkkma3f002ozfwak0ljl722', 'cmnkkma1l000qzfwajpi26sey', 'Bandeau microfibre velcro', 'CS-0028', NULL, 'piece', 3.7, '20', TRUE, FALSE, 1, NULL, NULL, NULL, NULL, NULL, 'cmnhay2dx0009cbcbf7fu3dzf', (to_timestamp(1775321559.195))::timestamp(3), (to_timestamp(1775321559.195))::timestamp(3), NULL);
INSERT INTO "Product" ("id", "categoryId", "name", "sku", "description", "unit", "basePriceHt", "vatRate", "isActive", "portalRuptureStock", "minOrderQty", "stockQty", "weightKg", "dimensions", "imageUrls", "supplierUrl", "organizationId", "createdAt", "updatedAt", "technicalSheetUrl") VALUES ('cmnkkma3h002qzfwa2ts7btgf', 'cmnkkma1l000qzfwajpi26sey', 'Frange microfibre 40 cm mixte poches et languettes', 'CS-0029', NULL, 'piece', 4, '20', TRUE, FALSE, 1, NULL, NULL, NULL, NULL, NULL, 'cmnhay2dx0009cbcbf7fu3dzf', (to_timestamp(1775321559.197))::timestamp(3), (to_timestamp(1775321559.197))::timestamp(3), NULL);
INSERT INTO "Product" ("id", "categoryId", "name", "sku", "description", "unit", "basePriceHt", "vatRate", "isActive", "portalRuptureStock", "minOrderQty", "stockQty", "weightKg", "dimensions", "imageUrls", "supplierUrl", "organizationId", "createdAt", "updatedAt", "technicalSheetUrl") VALUES ('cmnkkma3j002szfwawbh6iuww', 'cmnkkma1l000qzfwajpi26sey', 'Frange microfibre 60 cm mixte poches et languettes', 'CS-0030', NULL, 'piece', 4.7, '20', TRUE, FALSE, 1, NULL, NULL, NULL, NULL, NULL, 'cmnhay2dx0009cbcbf7fu3dzf', (to_timestamp(1775321559.2))::timestamp(3), (to_timestamp(1775321559.2))::timestamp(3), NULL);
INSERT INTO "Product" ("id", "categoryId", "name", "sku", "description", "unit", "basePriceHt", "vatRate", "isActive", "portalRuptureStock", "minOrderQty", "stockQty", "weightKg", "dimensions", "imageUrls", "supplierUrl", "organizationId", "createdAt", "updatedAt", "technicalSheetUrl") VALUES ('cmnkkma3l002uzfwag49zhavg', 'cmnkkma1l000qzfwajpi26sey', 'Support lavage à languette 40 cm fermeture automatique', 'CS-0031', NULL, 'piece', 14, '20', TRUE, FALSE, 1, NULL, NULL, NULL, NULL, NULL, 'cmnhay2dx0009cbcbf7fu3dzf', (to_timestamp(1775321559.202))::timestamp(3), (to_timestamp(1775321559.202))::timestamp(3), NULL);
INSERT INTO "Product" ("id", "categoryId", "name", "sku", "description", "unit", "basePriceHt", "vatRate", "isActive", "portalRuptureStock", "minOrderQty", "stockQty", "weightKg", "dimensions", "imageUrls", "supplierUrl", "organizationId", "createdAt", "updatedAt", "technicalSheetUrl") VALUES ('cmnkkma3n002wzfwa5fm92ast', 'cmnkkma1l000qzfwajpi26sey', 'Support trapèze velcro 40 cm', 'CS-0032', NULL, 'piece', 16.5, '20', TRUE, FALSE, 1, NULL, NULL, NULL, NULL, NULL, 'cmnhay2dx0009cbcbf7fu3dzf', (to_timestamp(1775321559.203))::timestamp(3), (to_timestamp(1775321559.203))::timestamp(3), NULL);
INSERT INTO "Product" ("id", "categoryId", "name", "sku", "description", "unit", "basePriceHt", "vatRate", "isActive", "portalRuptureStock", "minOrderQty", "stockQty", "weightKg", "dimensions", "imageUrls", "supplierUrl", "organizationId", "createdAt", "updatedAt", "technicalSheetUrl") VALUES ('cmnkkma3o002yzfwa8gk7ifa7', 'cmnkkma1n000szfwahjpb7wnc', 'Balai coco Evolution 29 cm douille vis', 'CS-0033', NULL, 'piece', 2.9, '20', TRUE, FALSE, 1, NULL, NULL, NULL, NULL, NULL, 'cmnhay2dx0009cbcbf7fu3dzf', (to_timestamp(1775321559.205))::timestamp(3), (to_timestamp(1775321559.205))::timestamp(3), NULL);
INSERT INTO "Product" ("id", "categoryId", "name", "sku", "description", "unit", "basePriceHt", "vatRate", "isActive", "portalRuptureStock", "minOrderQty", "stockQty", "weightKg", "dimensions", "imageUrls", "supplierUrl", "organizationId", "createdAt", "updatedAt", "technicalSheetUrl") VALUES ('cmnkkma3q0030zfwavyxpgjlo', 'cmnkkma1n000szfwahjpb7wnc', 'Balai coco Evolution 38 cm douille vis', 'CS-0034', NULL, 'piece', 3.95, '20', TRUE, FALSE, 1, NULL, NULL, NULL, NULL, NULL, 'cmnhay2dx0009cbcbf7fu3dzf', (to_timestamp(1775321559.206))::timestamp(3), (to_timestamp(1775321559.206))::timestamp(3), NULL);
INSERT INTO "Product" ("id", "categoryId", "name", "sku", "description", "unit", "basePriceHt", "vatRate", "isActive", "portalRuptureStock", "minOrderQty", "stockQty", "weightKg", "dimensions", "imageUrls", "supplierUrl", "organizationId", "createdAt", "updatedAt", "technicalSheetUrl") VALUES ('cmnkkma3r0032zfwat10onm96', 'cmnkkma1n000szfwahjpb7wnc', 'Balai coco Evolution 60 cm douille vis', 'CS-0035', NULL, 'piece', 7, '20', TRUE, FALSE, 1, NULL, NULL, NULL, NULL, NULL, 'cmnhay2dx0009cbcbf7fu3dzf', (to_timestamp(1775321559.208))::timestamp(3), (to_timestamp(1775321559.208))::timestamp(3), NULL);
INSERT INTO "Product" ("id", "categoryId", "name", "sku", "description", "unit", "basePriceHt", "vatRate", "isActive", "portalRuptureStock", "minOrderQty", "stockQty", "weightKg", "dimensions", "imageUrls", "supplierUrl", "organizationId", "createdAt", "updatedAt", "technicalSheetUrl") VALUES ('cmnkkma3t0034zfwa0mqq4etn', 'cmnkkma1n000szfwahjpb7wnc', 'Balai coco 80 cm', 'CS-0036', NULL, 'piece', 9.3, '20', TRUE, FALSE, 1, NULL, NULL, NULL, NULL, NULL, 'cmnhay2dx0009cbcbf7fu3dzf', (to_timestamp(1775321559.209))::timestamp(3), (to_timestamp(1775321559.209))::timestamp(3), NULL);
INSERT INTO "Product" ("id", "categoryId", "name", "sku", "description", "unit", "basePriceHt", "vatRate", "isActive", "portalRuptureStock", "minOrderQty", "stockQty", "weightKg", "dimensions", "imageUrls", "supplierUrl", "organizationId", "createdAt", "updatedAt", "technicalSheetUrl") VALUES ('cmnkkma3v0036zfwa9rg4zewm', 'cmnkkma1n000szfwahjpb7wnc', 'Balai coco 100 cm monture bois douille métal', 'CS-0037', NULL, 'piece', 12.3, '20', TRUE, FALSE, 1, NULL, NULL, NULL, NULL, NULL, 'cmnhay2dx0009cbcbf7fu3dzf', (to_timestamp(1775321559.211))::timestamp(3), (to_timestamp(1775321559.211))::timestamp(3), NULL);
INSERT INTO "Product" ("id", "categoryId", "name", "sku", "description", "unit", "basePriceHt", "vatRate", "isActive", "portalRuptureStock", "minOrderQty", "stockQty", "weightKg", "dimensions", "imageUrls", "supplierUrl", "organizationId", "createdAt", "updatedAt", "technicalSheetUrl") VALUES ('cmnkkma3x0038zfwabd1zep66', 'cmnkkma1l000qzfwajpi26sey', 'Raclette sol 45 cm', 'CS-0038', NULL, 'piece', 3.75, '20', TRUE, FALSE, 1, NULL, NULL, NULL, NULL, NULL, 'cmnhay2dx0009cbcbf7fu3dzf', (to_timestamp(1775321559.213))::timestamp(3), (to_timestamp(1775321559.213))::timestamp(3), NULL);
INSERT INTO "Product" ("id", "categoryId", "name", "sku", "description", "unit", "basePriceHt", "vatRate", "isActive", "portalRuptureStock", "minOrderQty", "stockQty", "weightKg", "dimensions", "imageUrls", "supplierUrl", "organizationId", "createdAt", "updatedAt", "technicalSheetUrl") VALUES ('cmnkkma40003azfwax3lj9mzc', 'cmnkkma1l000qzfwajpi26sey', 'Raclette sol 55 cm', 'CS-0039', NULL, 'piece', 4.4, '20', TRUE, FALSE, 1, NULL, NULL, NULL, NULL, NULL, 'cmnhay2dx0009cbcbf7fu3dzf', (to_timestamp(1775321559.216))::timestamp(3), (to_timestamp(1775321559.216))::timestamp(3), NULL);
INSERT INTO "Product" ("id", "categoryId", "name", "sku", "description", "unit", "basePriceHt", "vatRate", "isActive", "portalRuptureStock", "minOrderQty", "stockQty", "weightKg", "dimensions", "imageUrls", "supplierUrl", "organizationId", "createdAt", "updatedAt", "technicalSheetUrl") VALUES ('cmnkkma42003czfwal4dxp143', 'cmnkkma1l000qzfwajpi26sey', 'Raclette sol 75 cm', 'CS-0040', NULL, 'piece', 6.7, '20', TRUE, FALSE, 1, NULL, NULL, NULL, NULL, NULL, 'cmnhay2dx0009cbcbf7fu3dzf', (to_timestamp(1775321559.218))::timestamp(3), (to_timestamp(1775321559.218))::timestamp(3), NULL);
INSERT INTO "Product" ("id", "categoryId", "name", "sku", "description", "unit", "basePriceHt", "vatRate", "isActive", "portalRuptureStock", "minOrderQty", "stockQty", "weightKg", "dimensions", "imageUrls", "supplierUrl", "organizationId", "createdAt", "updatedAt", "technicalSheetUrl") VALUES ('cmnkkma44003ezfwaj2u3ub21', 'cmnkkma1n000szfwahjpb7wnc', 'Ensemble pelle balayette « aéroport »', 'CS-0041', NULL, 'piece', 16.7, '20', TRUE, FALSE, 1, NULL, NULL, NULL, NULL, NULL, 'cmnhay2dx0009cbcbf7fu3dzf', (to_timestamp(1775321559.22))::timestamp(3), (to_timestamp(1775321559.22))::timestamp(3), NULL);
INSERT INTO "Product" ("id", "categoryId", "name", "sku", "description", "unit", "basePriceHt", "vatRate", "isActive", "portalRuptureStock", "minOrderQty", "stockQty", "weightKg", "dimensions", "imageUrls", "supplierUrl", "organizationId", "createdAt", "updatedAt", "technicalSheetUrl") VALUES ('cmnkkma46003gzfwapex6a766', 'cmnkkma1n000szfwahjpb7wnc', 'Manche aluminium 140 cm Ø 23 mm 3 trous', 'CS-0042', NULL, 'piece', 4.3, '20', TRUE, FALSE, 1, NULL, NULL, NULL, NULL, NULL, 'cmnhay2dx0009cbcbf7fu3dzf', (to_timestamp(1775321559.222))::timestamp(3), (to_timestamp(1775321559.222))::timestamp(3), NULL);
INSERT INTO "Product" ("id", "categoryId", "name", "sku", "description", "unit", "basePriceHt", "vatRate", "isActive", "portalRuptureStock", "minOrderQty", "stockQty", "weightKg", "dimensions", "imageUrls", "supplierUrl", "organizationId", "createdAt", "updatedAt", "technicalSheetUrl") VALUES ('cmnkkma48003izfwaqvl1c74d', 'cmnkkma1n000szfwahjpb7wnc', 'Manche aluminium 140 cm Ø 23,5 mm à vis / trou', 'CS-0043', NULL, 'piece', 4.3, '20', TRUE, FALSE, 1, NULL, NULL, NULL, NULL, NULL, 'cmnhay2dx0009cbcbf7fu3dzf', (to_timestamp(1775321559.224))::timestamp(3), (to_timestamp(1775321559.224))::timestamp(3), NULL);
INSERT INTO "Product" ("id", "categoryId", "name", "sku", "description", "unit", "basePriceHt", "vatRate", "isActive", "portalRuptureStock", "minOrderQty", "stockQty", "weightKg", "dimensions", "imageUrls", "supplierUrl", "organizationId", "createdAt", "updatedAt", "technicalSheetUrl") VALUES ('cmnkkma49003kzfwa74tl6no4', 'cmnkkma1o000uzfwajc3qdqv3', 'Sacs 10 L STD HD blanc — carton 1000', 'CS-0044', NULL, 'carton', 20.2, '20', TRUE, FALSE, 1, NULL, NULL, NULL, NULL, NULL, 'cmnhay2dx0009cbcbf7fu3dzf', (to_timestamp(1775321559.226))::timestamp(3), (to_timestamp(1775321559.226))::timestamp(3), NULL);
INSERT INTO "Product" ("id", "categoryId", "name", "sku", "description", "unit", "basePriceHt", "vatRate", "isActive", "portalRuptureStock", "minOrderQty", "stockQty", "weightKg", "dimensions", "imageUrls", "supplierUrl", "organizationId", "createdAt", "updatedAt", "technicalSheetUrl") VALUES ('cmnkkma4b003mzfwa7mlq7t7t', 'cmnkkma1o000uzfwajc3qdqv3', 'Sacs 20 L STD HD blanc — carton 1000', 'CS-0045', NULL, 'carton', 23.5, '20', TRUE, FALSE, 1, NULL, NULL, NULL, NULL, NULL, 'cmnhay2dx0009cbcbf7fu3dzf', (to_timestamp(1775321559.227))::timestamp(3), (to_timestamp(1775321559.227))::timestamp(3), NULL);
INSERT INTO "Product" ("id", "categoryId", "name", "sku", "description", "unit", "basePriceHt", "vatRate", "isActive", "portalRuptureStock", "minOrderQty", "stockQty", "weightKg", "dimensions", "imageUrls", "supplierUrl", "organizationId", "createdAt", "updatedAt", "technicalSheetUrl") VALUES ('cmnkkma4d003ozfwatarqc71j', 'cmnkkma1o000uzfwajc3qdqv3', 'Sacs 30 L STD S.E. HD blanc — carton 500', 'CS-0046', NULL, 'carton', 22.5, '20', TRUE, FALSE, 1, NULL, NULL, NULL, NULL, NULL, 'cmnhay2dx0009cbcbf7fu3dzf', (to_timestamp(1775321559.229))::timestamp(3), (to_timestamp(1775321559.229))::timestamp(3), NULL);
INSERT INTO "Product" ("id", "categoryId", "name", "sku", "description", "unit", "basePriceHt", "vatRate", "isActive", "portalRuptureStock", "minOrderQty", "stockQty", "weightKg", "dimensions", "imageUrls", "supplierUrl", "organizationId", "createdAt", "updatedAt", "technicalSheetUrl") VALUES ('cmnkkma4f003qzfwavwl0vkl1', 'cmnkkma1o000uzfwajc3qdqv3', 'Sacs 30 L STD S.E. HD noir — carton 500', 'CS-0047', NULL, 'carton', 16.95, '20', TRUE, FALSE, 1, NULL, NULL, NULL, NULL, NULL, 'cmnhay2dx0009cbcbf7fu3dzf', (to_timestamp(1775321559.231))::timestamp(3), (to_timestamp(1775321559.231))::timestamp(3), NULL);
INSERT INTO "Product" ("id", "categoryId", "name", "sku", "description", "unit", "basePriceHt", "vatRate", "isActive", "portalRuptureStock", "minOrderQty", "stockQty", "weightKg", "dimensions", "imageUrls", "supplierUrl", "organizationId", "createdAt", "updatedAt", "technicalSheetUrl") VALUES ('cmnkkma4h003szfwafl1extd8', 'cmnkkma1o000uzfwajc3qdqv3', 'Sacs 100 L SUP BD noir — carton 200', 'CS-0048', NULL, 'carton', 26, '20', TRUE, FALSE, 1, NULL, NULL, NULL, NULL, NULL, 'cmnhay2dx0009cbcbf7fu3dzf', (to_timestamp(1775321559.233))::timestamp(3), (to_timestamp(1775321559.233))::timestamp(3), NULL);
INSERT INTO "Product" ("id", "categoryId", "name", "sku", "description", "unit", "basePriceHt", "vatRate", "isActive", "portalRuptureStock", "minOrderQty", "stockQty", "weightKg", "dimensions", "imageUrls", "supplierUrl", "organizationId", "createdAt", "updatedAt", "technicalSheetUrl") VALUES ('cmnkkma4j003uzfwaypvcxun2', 'cmnkkma1o000uzfwajc3qdqv3', 'Sacs 110 L RENF BD noir — carton 200', 'CS-0049', NULL, 'carton', 23.5, '20', TRUE, FALSE, 1, NULL, NULL, NULL, NULL, NULL, 'cmnhay2dx0009cbcbf7fu3dzf', (to_timestamp(1775321559.235))::timestamp(3), (to_timestamp(1775321559.235))::timestamp(3), NULL);
INSERT INTO "Product" ("id", "categoryId", "name", "sku", "description", "unit", "basePriceHt", "vatRate", "isActive", "portalRuptureStock", "minOrderQty", "stockQty", "weightKg", "dimensions", "imageUrls", "supplierUrl", "organizationId", "createdAt", "updatedAt", "technicalSheetUrl") VALUES ('cmnkkma4l003wzfwa7w3vfncf', 'cmnkkma1o000uzfwajc3qdqv3', 'Sacs 130 L RENF BD noir — carton 100', 'CS-0050', NULL, 'carton', 21.7, '20', TRUE, FALSE, 1, NULL, NULL, NULL, NULL, NULL, 'cmnhay2dx0009cbcbf7fu3dzf', (to_timestamp(1775321559.237))::timestamp(3), (to_timestamp(1775321559.237))::timestamp(3), NULL);
INSERT INTO "Product" ("id", "categoryId", "name", "sku", "description", "unit", "basePriceHt", "vatRate", "isActive", "portalRuptureStock", "minOrderQty", "stockQty", "weightKg", "dimensions", "imageUrls", "supplierUrl", "organizationId", "createdAt", "updatedAt", "technicalSheetUrl") VALUES ('cmnkkma4m003yzfwa919j9vl1', 'cmnkkma1o000uzfwajc3qdqv3', 'Sacs 160 L SUP BD noir — carton 100', 'CS-0051', NULL, 'carton', 18.8, '20', TRUE, FALSE, 1, NULL, NULL, NULL, NULL, NULL, 'cmnhay2dx0009cbcbf7fu3dzf', (to_timestamp(1775321559.239))::timestamp(3), (to_timestamp(1775321559.239))::timestamp(3), NULL);
INSERT INTO "Product" ("id", "categoryId", "name", "sku", "description", "unit", "basePriceHt", "vatRate", "isActive", "portalRuptureStock", "minOrderQty", "stockQty", "weightKg", "dimensions", "imageUrls", "supplierUrl", "organizationId", "createdAt", "updatedAt", "technicalSheetUrl") VALUES ('cmnkkma4o0040zfwarf6rn0il', 'cmnkkma1o000uzfwajc3qdqv3', 'Housse 240 L XTRA PEBD noir — carton 100', 'CS-0052', NULL, 'carton', 25, '20', TRUE, FALSE, 1, NULL, NULL, NULL, NULL, NULL, 'cmnhay2dx0009cbcbf7fu3dzf', (to_timestamp(1775321559.24))::timestamp(3), (to_timestamp(1775321559.24))::timestamp(3), NULL);
INSERT INTO "Product" ("id", "categoryId", "name", "sku", "description", "unit", "basePriceHt", "vatRate", "isActive", "portalRuptureStock", "minOrderQty", "stockQty", "weightKg", "dimensions", "imageUrls", "supplierUrl", "organizationId", "createdAt", "updatedAt", "technicalSheetUrl") VALUES ('cmnkkma4q0042zfwaquf1284z', 'cmnkkma1o000uzfwajc3qdqv3', 'Housse 330 L RENF BD noir — carton 100', 'CS-0053', NULL, 'carton', 29.95, '20', TRUE, FALSE, 1, NULL, NULL, NULL, NULL, NULL, 'cmnhay2dx0009cbcbf7fu3dzf', (to_timestamp(1775321559.242))::timestamp(3), (to_timestamp(1775321559.242))::timestamp(3), NULL);
INSERT INTO "Product" ("id", "categoryId", "name", "sku", "description", "unit", "basePriceHt", "vatRate", "isActive", "portalRuptureStock", "minOrderQty", "stockQty", "weightKg", "dimensions", "imageUrls", "supplierUrl", "organizationId", "createdAt", "updatedAt", "technicalSheetUrl") VALUES ('cmnkkma4s0044zfwains6dyk5', 'cmnkkma1o000uzfwajc3qdqv3', 'Housse 340 L XTRA PEBD noir — carton 100', 'CS-0054', NULL, 'carton', 30.9, '20', TRUE, FALSE, 1, NULL, NULL, NULL, NULL, NULL, 'cmnhay2dx0009cbcbf7fu3dzf', (to_timestamp(1775321559.244))::timestamp(3), (to_timestamp(1775321559.244))::timestamp(3), NULL);
INSERT INTO "Product" ("id", "categoryId", "name", "sku", "description", "unit", "basePriceHt", "vatRate", "isActive", "portalRuptureStock", "minOrderQty", "stockQty", "weightKg", "dimensions", "imageUrls", "supplierUrl", "organizationId", "createdAt", "updatedAt", "technicalSheetUrl") VALUES ('cmnkkma4u0046zfwaa85h3sd7', 'cmnkkma1o000uzfwajc3qdqv3', 'Housse 360 L RENF BD noir — carton 100', 'CS-0055', NULL, 'carton', 34.75, '20', TRUE, FALSE, 1, NULL, NULL, NULL, NULL, NULL, 'cmnhay2dx0009cbcbf7fu3dzf', (to_timestamp(1775321559.246))::timestamp(3), (to_timestamp(1775321559.246))::timestamp(3), NULL);
INSERT INTO "Product" ("id", "categoryId", "name", "sku", "description", "unit", "basePriceHt", "vatRate", "isActive", "portalRuptureStock", "minOrderQty", "stockQty", "weightKg", "dimensions", "imageUrls", "supplierUrl", "organizationId", "createdAt", "updatedAt", "technicalSheetUrl") VALUES ('cmnkkma4v0048zfwabx9qo09t', 'cmnkkma1o000uzfwajc3qdqv3', 'Housse 660 L RENF BD noir — carton 50', 'CS-0056', NULL, 'carton', 27.8, '20', TRUE, FALSE, 1, NULL, NULL, NULL, NULL, NULL, 'cmnhay2dx0009cbcbf7fu3dzf', (to_timestamp(1775321559.248))::timestamp(3), (to_timestamp(1775321559.248))::timestamp(3), NULL);
INSERT INTO "Product" ("id", "categoryId", "name", "sku", "description", "unit", "basePriceHt", "vatRate", "isActive", "portalRuptureStock", "minOrderQty", "stockQty", "weightKg", "dimensions", "imageUrls", "supplierUrl", "organizationId", "createdAt", "updatedAt", "technicalSheetUrl") VALUES ('cmnkkma4x004azfwauxkgnrmx', 'cmnkkma1o000uzfwajc3qdqv3', 'Housse 750 L RENF BD noir — carton 50', 'CS-0057', NULL, 'carton', 25.8, '20', TRUE, FALSE, 1, NULL, NULL, NULL, NULL, NULL, 'cmnhay2dx0009cbcbf7fu3dzf', (to_timestamp(1775321559.25))::timestamp(3), (to_timestamp(1775321559.25))::timestamp(3), NULL);
INSERT INTO "Product" ("id", "categoryId", "name", "sku", "description", "unit", "basePriceHt", "vatRate", "isActive", "portalRuptureStock", "minOrderQty", "stockQty", "weightKg", "dimensions", "imageUrls", "supplierUrl", "organizationId", "createdAt", "updatedAt", "technicalSheetUrl") VALUES ('cmnkkma50004czfwaruwh1os2', 'cmnkkma1o000uzfwajc3qdqv3', 'Sacs 110 L STD BD transparent — carton 200', 'CS-0058', NULL, 'carton', 26.7, '20', TRUE, FALSE, 1, NULL, NULL, NULL, NULL, NULL, 'cmnhay2dx0009cbcbf7fu3dzf', (to_timestamp(1775321559.252))::timestamp(3), (to_timestamp(1775321559.252))::timestamp(3), NULL);
INSERT INTO "Product" ("id", "categoryId", "name", "sku", "description", "unit", "basePriceHt", "vatRate", "isActive", "portalRuptureStock", "minOrderQty", "stockQty", "weightKg", "dimensions", "imageUrls", "supplierUrl", "organizationId", "createdAt", "updatedAt", "technicalSheetUrl") VALUES ('cmnkkma51004ezfwaw4kkgkso', 'cmnkkma1o000uzfwajc3qdqv3', 'Sacs 130 L STD BD transparent — carton 200', 'CS-0059', NULL, 'carton', 23.9, '20', TRUE, FALSE, 1, NULL, NULL, NULL, NULL, NULL, 'cmnhay2dx0009cbcbf7fu3dzf', (to_timestamp(1775321559.254))::timestamp(3), (to_timestamp(1775321559.254))::timestamp(3), NULL);
INSERT INTO "Product" ("id", "categoryId", "name", "sku", "description", "unit", "basePriceHt", "vatRate", "isActive", "portalRuptureStock", "minOrderQty", "stockQty", "weightKg", "dimensions", "imageUrls", "supplierUrl", "organizationId", "createdAt", "updatedAt", "technicalSheetUrl") VALUES ('cmnkkma53004gzfwarx5hbee4', 'cmnkkma1b000czfwa3ptsd7ml', 'Rouleau abrasif vert 5 m', 'CS-0060', NULL, 'piece', 7.5, '20', TRUE, FALSE, 1, NULL, NULL, NULL, NULL, NULL, 'cmnhay2dx0009cbcbf7fu3dzf', (to_timestamp(1775321559.255))::timestamp(3), (to_timestamp(1775321559.255))::timestamp(3), NULL);
INSERT INTO "Product" ("id", "categoryId", "name", "sku", "description", "unit", "basePriceHt", "vatRate", "isActive", "portalRuptureStock", "minOrderQty", "stockQty", "weightKg", "dimensions", "imageUrls", "supplierUrl", "organizationId", "createdAt", "updatedAt", "technicalSheetUrl") VALUES ('cmnkkma54004izfwa31l9gdxz', 'cmnkkma1b000czfwa3ptsd7ml', 'Rouleau abrasif blanc 5 m', 'CS-0061', NULL, 'piece', 6.95, '20', TRUE, FALSE, 1, NULL, NULL, NULL, NULL, NULL, 'cmnhay2dx0009cbcbf7fu3dzf', (to_timestamp(1775321559.257))::timestamp(3), (to_timestamp(1775321559.257))::timestamp(3), NULL);
INSERT INTO "Product" ("id", "categoryId", "name", "sku", "description", "unit", "basePriceHt", "vatRate", "isActive", "portalRuptureStock", "minOrderQty", "stockQty", "weightKg", "dimensions", "imageUrls", "supplierUrl", "organizationId", "createdAt", "updatedAt", "technicalSheetUrl") VALUES ('cmnkkma56004kzfwag56h7ao0', 'cmnkkma1p000wzfwa3mp7rlwu', 'E.M. bobine Autocut 150 m 2 plis Ecolabel — colis 6', 'CS-0062', NULL, 'carton', 14.5, '20', TRUE, FALSE, 1, NULL, NULL, NULL, NULL, NULL, 'cmnhay2dx0009cbcbf7fu3dzf', (to_timestamp(1775321559.258))::timestamp(3), (to_timestamp(1775321559.258))::timestamp(3), NULL);
INSERT INTO "Product" ("id", "categoryId", "name", "sku", "description", "unit", "basePriceHt", "vatRate", "isActive", "portalRuptureStock", "minOrderQty", "stockQty", "weightKg", "dimensions", "imageUrls", "supplierUrl", "organizationId", "createdAt", "updatedAt", "technicalSheetUrl") VALUES ('cmnkkma58004mzfwazavm1w1r', 'cmnkkma1p000wzfwa3mp7rlwu', 'P.H. maxi jumbo Ecolabel — colis 6', 'CS-0063', NULL, 'carton', 14.9, '20', TRUE, FALSE, 1, NULL, NULL, NULL, NULL, NULL, 'cmnhay2dx0009cbcbf7fu3dzf', (to_timestamp(1775321559.26))::timestamp(3), (to_timestamp(1775321559.26))::timestamp(3), NULL);
INSERT INTO "Product" ("id", "categoryId", "name", "sku", "description", "unit", "basePriceHt", "vatRate", "isActive", "portalRuptureStock", "minOrderQty", "stockQty", "weightKg", "dimensions", "imageUrls", "supplierUrl", "organizationId", "createdAt", "updatedAt", "technicalSheetUrl") VALUES ('cmnkkma5a004ozfwarpkx3bbd', 'cmnkkma1p000wzfwa3mp7rlwu', 'P.H. rouleau 200 F ouate blanche 2 plis Ecolabel — colis 96', 'CS-0064', NULL, 'carton', 27.95, '20', TRUE, FALSE, 1, NULL, NULL, NULL, NULL, NULL, 'cmnhay2dx0009cbcbf7fu3dzf', (to_timestamp(1775321559.262))::timestamp(3), (to_timestamp(1775321559.262))::timestamp(3), NULL);
INSERT INTO "Product" ("id", "categoryId", "name", "sku", "description", "unit", "basePriceHt", "vatRate", "isActive", "portalRuptureStock", "minOrderQty", "stockQty", "weightKg", "dimensions", "imageUrls", "supplierUrl", "organizationId", "createdAt", "updatedAt", "technicalSheetUrl") VALUES ('cmnkkma5b004qzfwapbghazpp', 'cmnkkma1p000wzfwa3mp7rlwu', 'E.M. enchevêtrés Z’AQUASTREAM — carton 3630', 'CS-0065', NULL, 'carton', 32.95, '20', TRUE, FALSE, 1, NULL, NULL, NULL, NULL, NULL, 'cmnhay2dx0009cbcbf7fu3dzf', (to_timestamp(1775321559.264))::timestamp(3), (to_timestamp(1775321559.264))::timestamp(3), NULL);
INSERT INTO "Product" ("id", "categoryId", "name", "sku", "description", "unit", "basePriceHt", "vatRate", "isActive", "portalRuptureStock", "minOrderQty", "stockQty", "weightKg", "dimensions", "imageUrls", "supplierUrl", "organizationId", "createdAt", "updatedAt", "technicalSheetUrl") VALUES ('cmnkkma5d004szfwavga721rg', 'cmnkkma1r000yzfwae6dlbj4d', 'Seau rectangulaire MERY 12 L avec essoreur', 'CS-0066', NULL, 'piece', 8.95, '20', TRUE, FALSE, 1, NULL, NULL, NULL, NULL, NULL, 'cmnhay2dx0009cbcbf7fu3dzf', (to_timestamp(1775321559.265))::timestamp(3), (to_timestamp(1775321559.265))::timestamp(3), NULL);
INSERT INTO "Product" ("id", "categoryId", "name", "sku", "description", "unit", "basePriceHt", "vatRate", "isActive", "portalRuptureStock", "minOrderQty", "stockQty", "weightKg", "dimensions", "imageUrls", "supplierUrl", "organizationId", "createdAt", "updatedAt", "technicalSheetUrl") VALUES ('cmnkkma5f004uzfwaz4qmsjo7', 'cmnkkma1p000wzfwa3mp7rlwu', 'P.H. mini jumbo Ecolabel — colis 12', 'CS-0067', NULL, 'carton', 18.75, '20', TRUE, FALSE, 1, NULL, NULL, NULL, NULL, NULL, 'cmnhay2dx0009cbcbf7fu3dzf', (to_timestamp(1775321559.268))::timestamp(3), (to_timestamp(1775321559.268))::timestamp(3), NULL);
INSERT INTO "Product" ("id", "categoryId", "name", "sku", "description", "unit", "basePriceHt", "vatRate", "isActive", "portalRuptureStock", "minOrderQty", "stockQty", "weightKg", "dimensions", "imageUrls", "supplierUrl", "organizationId", "createdAt", "updatedAt", "technicalSheetUrl") VALUES ('cmnkkma5h004wzfwanforfanp', 'cmnkkma1r000yzfwae6dlbj4d', 'Seau de lavage 20 L à roulettes — presse à plat', 'CS-0068', NULL, 'piece', 6.7, '20', TRUE, FALSE, 1, NULL, NULL, NULL, NULL, NULL, 'cmnhay2dx0009cbcbf7fu3dzf', (to_timestamp(1775321559.269))::timestamp(3), (to_timestamp(1775321559.269))::timestamp(3), NULL);
INSERT INTO "Product" ("id", "categoryId", "name", "sku", "description", "unit", "basePriceHt", "vatRate", "isActive", "portalRuptureStock", "minOrderQty", "stockQty", "weightKg", "dimensions", "imageUrls", "supplierUrl", "organizationId", "createdAt", "updatedAt", "technicalSheetUrl") VALUES ('cmnkkma5j004yzfwa8135z5f4', 'cmnkkma1f000gzfwaxlr38v8g', 'Odor Line Indoors', 'CS-0069', NULL, 'piece', 6.5, '20', TRUE, FALSE, 1, NULL, NULL, NULL, NULL, NULL, 'cmnhay2dx0009cbcbf7fu3dzf', (to_timestamp(1775321559.271))::timestamp(3), (to_timestamp(1775321559.271))::timestamp(3), NULL);
INSERT INTO "Product" ("id", "categoryId", "name", "sku", "description", "unit", "basePriceHt", "vatRate", "isActive", "portalRuptureStock", "minOrderQty", "stockQty", "weightKg", "dimensions", "imageUrls", "supplierUrl", "organizationId", "createdAt", "updatedAt", "technicalSheetUrl") VALUES ('cmnkkma5k0050zfwasmi3tt0f', 'cmnkkma1f000gzfwaxlr38v8g', 'Odor Line Sanitary', 'CS-0070', NULL, 'piece', 6.5, '20', TRUE, FALSE, 1, NULL, NULL, NULL, NULL, NULL, 'cmnhay2dx0009cbcbf7fu3dzf', (to_timestamp(1775321559.272))::timestamp(3), (to_timestamp(1775321559.272))::timestamp(3), NULL);
INSERT INTO "Product" ("id", "categoryId", "name", "sku", "description", "unit", "basePriceHt", "vatRate", "isActive", "portalRuptureStock", "minOrderQty", "stockQty", "weightKg", "dimensions", "imageUrls", "supplierUrl", "organizationId", "createdAt", "updatedAt", "technicalSheetUrl") VALUES ('cmnkkma5m0052zfwagpumq7ax', 'cmnkkma1f000gzfwaxlr38v8g', 'Odor Line Neutral 1 L', 'CS-0071', NULL, 'litre', 6.5, '20', TRUE, FALSE, 1, NULL, NULL, NULL, NULL, NULL, 'cmnhay2dx0009cbcbf7fu3dzf', (to_timestamp(1775321559.274))::timestamp(3), (to_timestamp(1775321559.274))::timestamp(3), NULL);
INSERT INTO "Product" ("id", "categoryId", "name", "sku", "description", "unit", "basePriceHt", "vatRate", "isActive", "portalRuptureStock", "minOrderQty", "stockQty", "weightKg", "dimensions", "imageUrls", "supplierUrl", "organizationId", "createdAt", "updatedAt", "technicalSheetUrl") VALUES ('cmnkkma5o0054zfwa7uyo99s2', 'cmnkkma1a000azfwaziyuj31c', 'Surfglass 750 ml', 'CS-0072', NULL, 'piece', 4.5, '20', TRUE, FALSE, 1, NULL, NULL, NULL, NULL, NULL, 'cmnhay2dx0009cbcbf7fu3dzf', (to_timestamp(1775321559.276))::timestamp(3), (to_timestamp(1775321559.276))::timestamp(3), NULL);
INSERT INTO "Product" ("id", "categoryId", "name", "sku", "description", "unit", "basePriceHt", "vatRate", "isActive", "portalRuptureStock", "minOrderQty", "stockQty", "weightKg", "dimensions", "imageUrls", "supplierUrl", "organizationId", "createdAt", "updatedAt", "technicalSheetUrl") VALUES ('cmnkkma5q0056zfwa9g0zn458', 'cmnkkma1j000mzfwa91bqirxz', 'Industry 10 L', 'CS-0073', NULL, 'litre', 50, '20', TRUE, FALSE, 1, NULL, NULL, NULL, NULL, NULL, 'cmnhay2dx0009cbcbf7fu3dzf', (to_timestamp(1775321559.278))::timestamp(3), (to_timestamp(1775321559.278))::timestamp(3), NULL);
INSERT INTO "Product" ("id", "categoryId", "name", "sku", "description", "unit", "basePriceHt", "vatRate", "isActive", "portalRuptureStock", "minOrderQty", "stockQty", "weightKg", "dimensions", "imageUrls", "supplierUrl", "organizationId", "createdAt", "updatedAt", "technicalSheetUrl") VALUES ('cmnkkma5s0058zfwakrgeft62', 'cmnkkma180008zfwa7q6oimuc', 'Gel WC Eco', 'CS-0074', NULL, 'litre', 3.4, '20', TRUE, FALSE, 1, NULL, NULL, NULL, NULL, NULL, 'cmnhay2dx0009cbcbf7fu3dzf', (to_timestamp(1775321559.28))::timestamp(3), (to_timestamp(1775321559.28))::timestamp(3), NULL);
INSERT INTO "Product" ("id", "categoryId", "name", "sku", "description", "unit", "basePriceHt", "vatRate", "isActive", "portalRuptureStock", "minOrderQty", "stockQty", "weightKg", "dimensions", "imageUrls", "supplierUrl", "organizationId", "createdAt", "updatedAt", "technicalSheetUrl") VALUES ('cmnkkma5t005azfwac6xc7ol1', 'cmnkkma1s0010zfwadctec5so', 'Aspirateur (Numatic)', 'CS-0075', NULL, 'piece', 95.8, '20', TRUE, FALSE, 1, NULL, NULL, NULL, NULL, NULL, 'cmnhay2dx0009cbcbf7fu3dzf', (to_timestamp(1775321559.282))::timestamp(3), (to_timestamp(1775321559.282))::timestamp(3), NULL);
INSERT INTO "Product" ("id", "categoryId", "name", "sku", "description", "unit", "basePriceHt", "vatRate", "isActive", "portalRuptureStock", "minOrderQty", "stockQty", "weightKg", "dimensions", "imageUrls", "supplierUrl", "organizationId", "createdAt", "updatedAt", "technicalSheetUrl") VALUES ('cmnkkma5v005czfwawy21inex', 'cmnkkma1r000yzfwae6dlbj4d', 'Chariot MM-4T Multimatic', 'CS-0076', NULL, 'piece', 179.2, '20', TRUE, FALSE, 1, NULL, NULL, NULL, NULL, NULL, 'cmnhay2dx0009cbcbf7fu3dzf', (to_timestamp(1775321559.283))::timestamp(3), (to_timestamp(1775321559.283))::timestamp(3), NULL);
INSERT INTO "Product" ("id", "categoryId", "name", "sku", "description", "unit", "basePriceHt", "vatRate", "isActive", "portalRuptureStock", "minOrderQty", "stockQty", "weightKg", "dimensions", "imageUrls", "supplierUrl", "organizationId", "createdAt", "updatedAt", "technicalSheetUrl") VALUES ('cmnkkma5w005ezfwara9d8rs5', 'cmnkkma1r000yzfwae6dlbj4d', 'Chariot lavage ONEFRED 2 seaux + presse mâchoires + panier', 'CS-0077', NULL, 'piece', 60, '20', TRUE, FALSE, 1, NULL, NULL, NULL, NULL, NULL, 'cmnhay2dx0009cbcbf7fu3dzf', (to_timestamp(1775321559.285))::timestamp(3), (to_timestamp(1775321559.285))::timestamp(3), NULL);
INSERT INTO "Product" ("id", "categoryId", "name", "sku", "description", "unit", "basePriceHt", "vatRate", "isActive", "portalRuptureStock", "minOrderQty", "stockQty", "weightKg", "dimensions", "imageUrls", "supplierUrl", "organizationId", "createdAt", "updatedAt", "technicalSheetUrl") VALUES ('cmnkkma5y005gzfwa3jeb8bwm', 'cmnkkma1s0010zfwadctec5so', 'Disque 508 mm (20″) noir / vert / rouge', 'CS-0078', NULL, 'piece', 11.8, '20', TRUE, FALSE, 1, NULL, NULL, NULL, NULL, NULL, 'cmnhay2dx0009cbcbf7fu3dzf', (to_timestamp(1775321559.287))::timestamp(3), (to_timestamp(1775321559.287))::timestamp(3), NULL);
INSERT INTO "Product" ("id", "categoryId", "name", "sku", "description", "unit", "basePriceHt", "vatRate", "isActive", "portalRuptureStock", "minOrderQty", "stockQty", "weightKg", "dimensions", "imageUrls", "supplierUrl", "organizationId", "createdAt", "updatedAt", "technicalSheetUrl") VALUES ('cmnkkma60005izfwadsbpzrud', 'cmnkkma1s0010zfwadctec5so', 'Disque 432 mm (17″) noir / vert / rouge', 'CS-0079', NULL, 'piece', 7.8, '20', TRUE, FALSE, 1, NULL, NULL, NULL, NULL, NULL, 'cmnhay2dx0009cbcbf7fu3dzf', (to_timestamp(1775321559.288))::timestamp(3), (to_timestamp(1775321559.288))::timestamp(3), NULL);
INSERT INTO "Product" ("id", "categoryId", "name", "sku", "description", "unit", "basePriceHt", "vatRate", "isActive", "portalRuptureStock", "minOrderQty", "stockQty", "weightKg", "dimensions", "imageUrls", "supplierUrl", "organizationId", "createdAt", "updatedAt", "technicalSheetUrl") VALUES ('cmnkkma62005kzfwa3tsokkpf', 'cmnkkma1j000mzfwa91bqirxz', 'Bouche pores', 'CS-0080', NULL, 'piece', 22.47, '20', TRUE, FALSE, 1, NULL, NULL, NULL, NULL, 'https://www.hygiene-et-nature.com/produit/bouche-pores/', 'cmnhay2dx0009cbcbf7fu3dzf', (to_timestamp(1775321559.29))::timestamp(3), (to_timestamp(1775321559.29))::timestamp(3), NULL);
INSERT INTO "Product" ("id", "categoryId", "name", "sku", "description", "unit", "basePriceHt", "vatRate", "isActive", "portalRuptureStock", "minOrderQty", "stockQty", "weightKg", "dimensions", "imageUrls", "supplierUrl", "organizationId", "createdAt", "updatedAt", "technicalSheetUrl") VALUES ('cmnkkma64005mzfwajtigvrzf', 'cmnkkma1b000czfwa3ptsd7ml', 'Émulsion grand trafic', 'CS-0081', NULL, 'litre', 14, '20', TRUE, FALSE, 1, NULL, NULL, NULL, NULL, 'https://www.hygiene-et-nature.com/produit/emulsion-grand-trafic/', 'cmnhay2dx0009cbcbf7fu3dzf', (to_timestamp(1775321559.292))::timestamp(3), (to_timestamp(1775321559.292))::timestamp(3), NULL);
INSERT INTO "Product" ("id", "categoryId", "name", "sku", "description", "unit", "basePriceHt", "vatRate", "isActive", "portalRuptureStock", "minOrderQty", "stockQty", "weightKg", "dimensions", "imageUrls", "supplierUrl", "organizationId", "createdAt", "updatedAt", "technicalSheetUrl") VALUES ('cmnkkma66005ozfwazph9yn02', 'cmnkkma1j000mzfwa91bqirxz', 'Javel 2,6 % — bidon 5 L', 'CS-0082', NULL, 'litre', 4, '20', TRUE, FALSE, 1, NULL, NULL, NULL, NULL, NULL, 'cmnhay2dx0009cbcbf7fu3dzf', (to_timestamp(1775321559.294))::timestamp(3), (to_timestamp(1775321559.294))::timestamp(3), NULL);
INSERT INTO "Product" ("id", "categoryId", "name", "sku", "description", "unit", "basePriceHt", "vatRate", "isActive", "portalRuptureStock", "minOrderQty", "stockQty", "weightKg", "dimensions", "imageUrls", "supplierUrl", "organizationId", "createdAt", "updatedAt", "technicalSheetUrl") VALUES ('cmnkkma68005qzfwa4kvx8k8y', 'cmnkkma1f000gzfwaxlr38v8g', 'Starflore surodorant 1 L', 'CS-0083', NULL, 'litre', 11.67, '20', TRUE, FALSE, 1, NULL, NULL, NULL, NULL, 'https://www.hygiene-et-nature.com/produit/starflore-surodorant/', 'cmnhay2dx0009cbcbf7fu3dzf', (to_timestamp(1775321559.296))::timestamp(3), (to_timestamp(1775321559.296))::timestamp(3), NULL);
INSERT INTO "Product" ("id", "categoryId", "name", "sku", "description", "unit", "basePriceHt", "vatRate", "isActive", "portalRuptureStock", "minOrderQty", "stockQty", "weightKg", "dimensions", "imageUrls", "supplierUrl", "organizationId", "createdAt", "updatedAt", "technicalSheetUrl") VALUES ('cmnkkma69005szfwazajp03c1', 'cmnkkma1j000mzfwa91bqirxz', 'Nettoyant huile de lin', 'CS-0084', NULL, 'litre', 16.67, '20', TRUE, FALSE, 1, NULL, NULL, NULL, NULL, 'https://www.hygiene-et-nature.com/produit/nettoyant-huile-de-lin/', 'cmnhay2dx0009cbcbf7fu3dzf', (to_timestamp(1775321559.298))::timestamp(3), (to_timestamp(1775321559.298))::timestamp(3), NULL);
INSERT INTO "Product" ("id", "categoryId", "name", "sku", "description", "unit", "basePriceHt", "vatRate", "isActive", "portalRuptureStock", "minOrderQty", "stockQty", "weightKg", "dimensions", "imageUrls", "supplierUrl", "organizationId", "createdAt", "updatedAt", "technicalSheetUrl") VALUES ('cmnkkma6c005uzfwad38qr6te', 'cmnkkma1j000mzfwa91bqirxz', 'Dégraissant décapant SP alcalin boosté parfum pin — bidon 5 L', 'CS-0085', NULL, 'litre', 22.5, '20', TRUE, FALSE, 1, NULL, NULL, NULL, NULL, NULL, 'cmnhay2dx0009cbcbf7fu3dzf', (to_timestamp(1775321559.3))::timestamp(3), (to_timestamp(1775321559.3))::timestamp(3), NULL);
INSERT INTO "Product" ("id", "categoryId", "name", "sku", "description", "unit", "basePriceHt", "vatRate", "isActive", "portalRuptureStock", "minOrderQty", "stockQty", "weightKg", "dimensions", "imageUrls", "supplierUrl", "organizationId", "createdAt", "updatedAt", "technicalSheetUrl") VALUES ('cmnkkma6e005wzfwaze149x4q', 'cmnkkma1j000mzfwa91bqirxz', 'Savon noir concentré ECOCERT', 'CS-0086', NULL, 'litre', 19.96, '20', TRUE, FALSE, 1, NULL, NULL, NULL, NULL, 'https://www.hygiene-et-nature.com/produit/savon-noir-concentre-ecocert/', 'cmnhay2dx0009cbcbf7fu3dzf', (to_timestamp(1775321559.302))::timestamp(3), (to_timestamp(1775321559.302))::timestamp(3), NULL);
INSERT INTO "Product" ("id", "categoryId", "name", "sku", "description", "unit", "basePriceHt", "vatRate", "isActive", "portalRuptureStock", "minOrderQty", "stockQty", "weightKg", "dimensions", "imageUrls", "supplierUrl", "organizationId", "createdAt", "updatedAt", "technicalSheetUrl") VALUES ('cmnkkma6h005yzfwa462oqg13', 'cmnkkma1j000mzfwa91bqirxz', 'EchoClean Neutral 5 L', 'CS-0087', NULL, 'litre', 10, '20', TRUE, FALSE, 1, NULL, NULL, NULL, NULL, 'https://be-fr.pollet.eu/produit/echoclean-neutral-pomme/', 'cmnhay2dx0009cbcbf7fu3dzf', (to_timestamp(1775321559.305))::timestamp(3), (to_timestamp(1775321559.305))::timestamp(3), NULL);
INSERT INTO "Product" ("id", "categoryId", "name", "sku", "description", "unit", "basePriceHt", "vatRate", "isActive", "portalRuptureStock", "minOrderQty", "stockQty", "weightKg", "dimensions", "imageUrls", "supplierUrl", "organizationId", "createdAt", "updatedAt", "technicalSheetUrl") VALUES ('cmnkkma6k0060zfwayhkvz62m', 'cmnkkma1j000mzfwa91bqirxz', 'PolTech Grease Spray', 'CS-0088', NULL, 'piece', 5.75, '20', TRUE, FALSE, 1, NULL, NULL, NULL, NULL, 'https://be-fr.pollet.eu/produit/poltech-grease-spray/', 'cmnhay2dx0009cbcbf7fu3dzf', (to_timestamp(1775321559.309))::timestamp(3), (to_timestamp(1775321559.309))::timestamp(3), NULL);
INSERT INTO "Product" ("id", "categoryId", "name", "sku", "description", "unit", "basePriceHt", "vatRate", "isActive", "portalRuptureStock", "minOrderQty", "stockQty", "weightKg", "dimensions", "imageUrls", "supplierUrl", "organizationId", "createdAt", "updatedAt", "technicalSheetUrl") VALUES ('cmnkkma6n0062zfwa5ihz5137', 'cmnkkma1j000mzfwa91bqirxz', 'Vinaigre blanc de nettoyage surpuissant ECOCERT', 'CS-0089', NULL, 'litre', 3.67, '20', TRUE, FALSE, 1, NULL, NULL, NULL, NULL, 'https://www.hygiene-et-nature.com/produit/vinaigre-blanc-de-nettoyage-surpuissant-ecocert/', 'cmnhay2dx0009cbcbf7fu3dzf', (to_timestamp(1775321559.311))::timestamp(3), (to_timestamp(1775321559.311))::timestamp(3), NULL);
INSERT INTO "Product" ("id", "categoryId", "name", "sku", "description", "unit", "basePriceHt", "vatRate", "isActive", "portalRuptureStock", "minOrderQty", "stockQty", "weightKg", "dimensions", "imageUrls", "supplierUrl", "organizationId", "createdAt", "updatedAt", "technicalSheetUrl") VALUES ('cmnkkma6p0064zfwasntohhln', 'cmnkkma1j000mzfwa91bqirxz', 'Brillant Breton bleu — bidon 1 L', 'CS-0090', NULL, 'litre', 10.75, '20', TRUE, FALSE, 1, NULL, NULL, NULL, NULL, NULL, 'cmnhay2dx0009cbcbf7fu3dzf', (to_timestamp(1775321559.313))::timestamp(3), (to_timestamp(1775321559.313))::timestamp(3), NULL);
INSERT INTO "Product" ("id", "categoryId", "name", "sku", "description", "unit", "basePriceHt", "vatRate", "isActive", "portalRuptureStock", "minOrderQty", "stockQty", "weightKg", "dimensions", "imageUrls", "supplierUrl", "organizationId", "createdAt", "updatedAt", "technicalSheetUrl") VALUES ('cmnkkma6s0066zfwas3nnytag', 'cmnkkma1j000mzfwa91bqirxz', 'Désinfect’Alim SR V ECOCERT', 'CS-0091', NULL, 'litre', 5.83, '20', TRUE, FALSE, 1, NULL, NULL, NULL, NULL, 'https://www.hygiene-et-nature.com/produit/desinfectalim-sr-v-ecocert/', 'cmnhay2dx0009cbcbf7fu3dzf', (to_timestamp(1775321559.316))::timestamp(3), (to_timestamp(1775321559.316))::timestamp(3), NULL);
INSERT INTO "Product" ("id", "categoryId", "name", "sku", "description", "unit", "basePriceHt", "vatRate", "isActive", "portalRuptureStock", "minOrderQty", "stockQty", "weightKg", "dimensions", "imageUrls", "supplierUrl", "organizationId", "createdAt", "updatedAt", "technicalSheetUrl") VALUES ('cmnkkma6u0068zfwamjum05s2', 'cmnkkma1j000mzfwa91bqirxz', 'Polish sans silicone sans parfum', 'CS-0092', NULL, 'litre', 8.33, '20', TRUE, FALSE, 1, NULL, NULL, NULL, NULL, 'https://www.hygiene-et-nature.com/produit/polish-sans-silicone-sans-parfum/', 'cmnhay2dx0009cbcbf7fu3dzf', (to_timestamp(1775321559.318))::timestamp(3), (to_timestamp(1775321559.318))::timestamp(3), NULL);
INSERT INTO "Product" ("id", "categoryId", "name", "sku", "description", "unit", "basePriceHt", "vatRate", "isActive", "portalRuptureStock", "minOrderQty", "stockQty", "weightKg", "dimensions", "imageUrls", "supplierUrl", "organizationId", "createdAt", "updatedAt", "technicalSheetUrl") VALUES ('cmnkkma6w006azfwam3sim5io', 'cmnkkma1k000ozfwacgczspqf', 'Éponge végétale n°4 — paquet', 'CS-0093', NULL, 'piece', 8, '20', TRUE, FALSE, 1, NULL, NULL, NULL, NULL, NULL, 'cmnhay2dx0009cbcbf7fu3dzf', (to_timestamp(1775321559.321))::timestamp(3), (to_timestamp(1775321559.321))::timestamp(3), NULL);
INSERT INTO "Product" ("id", "categoryId", "name", "sku", "description", "unit", "basePriceHt", "vatRate", "isActive", "portalRuptureStock", "minOrderQty", "stockQty", "weightKg", "dimensions", "imageUrls", "supplierUrl", "organizationId", "createdAt", "updatedAt", "technicalSheetUrl") VALUES ('cmnkkma6y006czfwamd745b8i', 'cmnkkma1k000ozfwacgczspqf', 'Éponge mélamine — paquet', 'CS-0094', NULL, 'piece', 8, '20', TRUE, FALSE, 1, NULL, NULL, NULL, NULL, NULL, 'cmnhay2dx0009cbcbf7fu3dzf', (to_timestamp(1775321559.322))::timestamp(3), (to_timestamp(1775321559.322))::timestamp(3), NULL);
INSERT INTO "Product" ("id", "categoryId", "name", "sku", "description", "unit", "basePriceHt", "vatRate", "isActive", "portalRuptureStock", "minOrderQty", "stockQty", "weightKg", "dimensions", "imageUrls", "supplierUrl", "organizationId", "createdAt", "updatedAt", "technicalSheetUrl") VALUES ('cmnkkma70006ezfwa0cpecom7', 'cmnkkma1u0014zfwa0z5a1j9a', 'ACTO — aérosol punaises de lit (PUNAIS11)', 'CS-0095', NULL, 'piece', 15.42, '20', TRUE, FALSE, 1, NULL, NULL, NULL, NULL, NULL, 'cmnhay2dx0009cbcbf7fu3dzf', (to_timestamp(1775321559.324))::timestamp(3), (to_timestamp(1775321559.324))::timestamp(3), NULL);
INSERT INTO "Product" ("id", "categoryId", "name", "sku", "description", "unit", "basePriceHt", "vatRate", "isActive", "portalRuptureStock", "minOrderQty", "stockQty", "weightKg", "dimensions", "imageUrls", "supplierUrl", "organizationId", "createdAt", "updatedAt", "technicalSheetUrl") VALUES ('cmnkkma72006gzfwahhjhf0kk', 'cmnkkma1u0014zfwa0z5a1j9a', 'ACTO Foudroyant — pâte appât souris (SOU3)', 'CS-0096', NULL, 'piece', 6.67, '20', TRUE, FALSE, 1, NULL, NULL, NULL, NULL, NULL, 'cmnhay2dx0009cbcbf7fu3dzf', (to_timestamp(1775321559.326))::timestamp(3), (to_timestamp(1775321559.326))::timestamp(3), NULL);
INSERT INTO "Product" ("id", "categoryId", "name", "sku", "description", "unit", "basePriceHt", "vatRate", "isActive", "portalRuptureStock", "minOrderQty", "stockQty", "weightKg", "dimensions", "imageUrls", "supplierUrl", "organizationId", "createdAt", "updatedAt", "technicalSheetUrl") VALUES ('cmnkkma74006izfwaz508o0tf', 'cmnkkma1u0014zfwa0z5a1j9a', 'ACTO — pièges à glu rats & souris support bois (noisette)', 'CS-0097', 'Référence catalogue PDF — prix sur demande.', 'piece', 0, '20', FALSE, FALSE, 1, NULL, NULL, NULL, NULL, NULL, 'cmnhay2dx0009cbcbf7fu3dzf', (to_timestamp(1775321559.328))::timestamp(3), (to_timestamp(1775321559.328))::timestamp(3), NULL);
INSERT INTO "Product" ("id", "categoryId", "name", "sku", "description", "unit", "basePriceHt", "vatRate", "isActive", "portalRuptureStock", "minOrderQty", "stockQty", "weightKg", "dimensions", "imageUrls", "supplierUrl", "organizationId", "createdAt", "updatedAt", "technicalSheetUrl") VALUES ('cmnkkma76006kzfwaobis2y0g', 'cmnkkma1u0014zfwa0z5a1j9a', 'Poudre de chabasite insectes rampants 100 g', 'CS-0098', 'Référence catalogue PDF — prix sur demande.', 'piece', 0, '20', FALSE, FALSE, 1, NULL, NULL, NULL, NULL, NULL, 'cmnhay2dx0009cbcbf7fu3dzf', (to_timestamp(1775321559.33))::timestamp(3), (to_timestamp(1775321559.33))::timestamp(3), NULL);
INSERT INTO "Product" ("id", "categoryId", "name", "sku", "description", "unit", "basePriceHt", "vatRate", "isActive", "portalRuptureStock", "minOrderQty", "stockQty", "weightKg", "dimensions", "imageUrls", "supplierUrl", "organizationId", "createdAt", "updatedAt", "technicalSheetUrl") VALUES ('cmnkkma78006mzfwapd0ktgln', 'cmnkkma1u0014zfwa0z5a1j9a', 'ACTO — tube gel-appât fourmis (FOUR6)', 'CS-0099', 'Référence catalogue PDF — prix sur demande.', 'piece', 0, '20', FALSE, FALSE, 1, NULL, NULL, NULL, NULL, NULL, 'cmnhay2dx0009cbcbf7fu3dzf', (to_timestamp(1775321559.333))::timestamp(3), (to_timestamp(1775321559.333))::timestamp(3), NULL);
INSERT INTO "Product" ("id", "categoryId", "name", "sku", "description", "unit", "basePriceHt", "vatRate", "isActive", "portalRuptureStock", "minOrderQty", "stockQty", "weightKg", "dimensions", "imageUrls", "supplierUrl", "organizationId", "createdAt", "updatedAt", "technicalSheetUrl") VALUES ('cmnkkma7a006ozfwakrtmxvs1', 'cmnkkma1u0014zfwa0z5a1j9a', 'ACTO — plaquette punaises de lit (lot de 2)', 'CS-0100', 'Référence catalogue PDF — prix sur demande.', 'piece', 0, '20', FALSE, FALSE, 1, NULL, NULL, NULL, NULL, NULL, 'cmnhay2dx0009cbcbf7fu3dzf', (to_timestamp(1775321559.335))::timestamp(3), (to_timestamp(1775321559.335))::timestamp(3), NULL);
INSERT INTO "Product" ("id", "categoryId", "name", "sku", "description", "unit", "basePriceHt", "vatRate", "isActive", "portalRuptureStock", "minOrderQty", "stockQty", "weightKg", "dimensions", "imageUrls", "supplierUrl", "organizationId", "createdAt", "updatedAt", "technicalSheetUrl") VALUES ('cmnkkma7c006qzfwamcmw2u1d', 'cmnkkma1u0014zfwa0z5a1j9a', 'ACTO — diffuseur électrique moustiques (SET3)', 'CS-0101', 'Référence catalogue PDF — prix sur demande.', 'piece', 0, '20', FALSE, FALSE, 1, NULL, NULL, NULL, NULL, NULL, 'cmnhay2dx0009cbcbf7fu3dzf', (to_timestamp(1775321559.336))::timestamp(3), (to_timestamp(1775321559.336))::timestamp(3), NULL);
INSERT INTO "Product" ("id", "categoryId", "name", "sku", "description", "unit", "basePriceHt", "vatRate", "isActive", "portalRuptureStock", "minOrderQty", "stockQty", "weightKg", "dimensions", "imageUrls", "supplierUrl", "organizationId", "createdAt", "updatedAt", "technicalSheetUrl") VALUES ('cmnkkma7e006szfwa9vzt91xd', 'cmnkkma1u0014zfwa0z5a1j9a', 'ACTO — attrapes-mouches piège à glu fenêtre', 'CS-0102', 'Référence catalogue PDF — prix sur demande.', 'piece', 0, '20', FALSE, FALSE, 1, NULL, NULL, NULL, NULL, NULL, 'cmnhay2dx0009cbcbf7fu3dzf', (to_timestamp(1775321559.338))::timestamp(3), (to_timestamp(1775321559.338))::timestamp(3), NULL);
INSERT INTO "Product" ("id", "categoryId", "name", "sku", "description", "unit", "basePriceHt", "vatRate", "isActive", "portalRuptureStock", "minOrderQty", "stockQty", "weightKg", "dimensions", "imageUrls", "supplierUrl", "organizationId", "createdAt", "updatedAt", "technicalSheetUrl") VALUES ('cmnkkma7g006uzfwaa310x18o', 'cmnkkma1t0012zfwazvrt2ls1', 'Support mouilleur 35 cm', 'CS-0103', 'Référence catalogue PDF — prix sur demande.', 'piece', 0, '20', FALSE, FALSE, 1, NULL, NULL, NULL, NULL, NULL, 'cmnhay2dx0009cbcbf7fu3dzf', (to_timestamp(1775321559.34))::timestamp(3), (to_timestamp(1775321559.34))::timestamp(3), NULL);
INSERT INTO "Product" ("id", "categoryId", "name", "sku", "description", "unit", "basePriceHt", "vatRate", "isActive", "portalRuptureStock", "minOrderQty", "stockQty", "weightKg", "dimensions", "imageUrls", "supplierUrl", "organizationId", "createdAt", "updatedAt", "technicalSheetUrl") VALUES ('cmnkkma7h006wzfwamt0oh0oi', 'cmnkkma1t0012zfwazvrt2ls1', 'Support mouilleur 24 cm', 'CS-0104', 'Référence catalogue PDF — prix sur demande.', 'piece', 0, '20', FALSE, FALSE, 1, NULL, NULL, NULL, NULL, NULL, 'cmnhay2dx0009cbcbf7fu3dzf', (to_timestamp(1775321559.342))::timestamp(3), (to_timestamp(1775321559.342))::timestamp(3), NULL);
INSERT INTO "Product" ("id", "categoryId", "name", "sku", "description", "unit", "basePriceHt", "vatRate", "isActive", "portalRuptureStock", "minOrderQty", "stockQty", "weightKg", "dimensions", "imageUrls", "supplierUrl", "organizationId", "createdAt", "updatedAt", "technicalSheetUrl") VALUES ('cmnkkma7j006yzfwap7lh7ua4', 'cmnkkma1t0012zfwazvrt2ls1', 'Support mouilleur 45 cm', 'CS-0105', 'Référence catalogue PDF — prix sur demande.', 'piece', 0, '20', FALSE, FALSE, 1, NULL, NULL, NULL, NULL, NULL, 'cmnhay2dx0009cbcbf7fu3dzf', (to_timestamp(1775321559.343))::timestamp(3), (to_timestamp(1775321559.343))::timestamp(3), NULL);
INSERT INTO "Product" ("id", "categoryId", "name", "sku", "description", "unit", "basePriceHt", "vatRate", "isActive", "portalRuptureStock", "minOrderQty", "stockQty", "weightKg", "dimensions", "imageUrls", "supplierUrl", "organizationId", "createdAt", "updatedAt", "technicalSheetUrl") VALUES ('cmnkkma7l0070zfwapdmx2tyz', 'cmnkkma1t0012zfwazvrt2ls1', 'Caoutchouc SOFT 25 cm Unger', 'CS-0106', 'Référence catalogue PDF — prix sur demande.', 'piece', 0, '20', FALSE, FALSE, 1, NULL, NULL, NULL, NULL, NULL, 'cmnhay2dx0009cbcbf7fu3dzf', (to_timestamp(1775321559.345))::timestamp(3), (to_timestamp(1775321559.345))::timestamp(3), NULL);
INSERT INTO "Product" ("id", "categoryId", "name", "sku", "description", "unit", "basePriceHt", "vatRate", "isActive", "portalRuptureStock", "minOrderQty", "stockQty", "weightKg", "dimensions", "imageUrls", "supplierUrl", "organizationId", "createdAt", "updatedAt", "technicalSheetUrl") VALUES ('cmnkkma7n0072zfwaohvf8mqc', 'cmnkkma1t0012zfwazvrt2ls1', 'Barrette inox + caoutchouc SOFT 24 / 35 / 45 cm Unger', 'CS-0107', 'Référence catalogue PDF — prix sur demande.', 'piece', 0, '20', FALSE, FALSE, 1, NULL, NULL, NULL, NULL, NULL, 'cmnhay2dx0009cbcbf7fu3dzf', (to_timestamp(1775321559.347))::timestamp(3), (to_timestamp(1775321559.347))::timestamp(3), NULL);
INSERT INTO "Product" ("id", "categoryId", "name", "sku", "description", "unit", "basePriceHt", "vatRate", "isActive", "portalRuptureStock", "minOrderQty", "stockQty", "weightKg", "dimensions", "imageUrls", "supplierUrl", "organizationId", "createdAt", "updatedAt", "technicalSheetUrl") VALUES ('cmnkkma7p0074zfwarl1yemqs', 'cmnkkma1t0012zfwazvrt2ls1', 'Recharge mouilleur 25 / 35 / 45 cm', 'CS-0108', 'Référence catalogue PDF — prix sur demande.', 'piece', 0, '20', FALSE, FALSE, 1, NULL, NULL, NULL, NULL, NULL, 'cmnhay2dx0009cbcbf7fu3dzf', (to_timestamp(1775321559.35))::timestamp(3), (to_timestamp(1775321559.35))::timestamp(3), NULL);
INSERT INTO "Product" ("id", "categoryId", "name", "sku", "description", "unit", "basePriceHt", "vatRate", "isActive", "portalRuptureStock", "minOrderQty", "stockQty", "weightKg", "dimensions", "imageUrls", "supplierUrl", "organizationId", "createdAt", "updatedAt", "technicalSheetUrl") VALUES ('cmnkkma7r0076zfwanncdvn04', 'cmnkkma1n000szfwahjpb7wnc', 'Manche bois 130 cm Ø 23,5 mm à vis', 'CS-0109', 'Référence catalogue PDF — prix sur demande.', 'piece', 0, '20', FALSE, FALSE, 1, NULL, NULL, NULL, NULL, NULL, 'cmnhay2dx0009cbcbf7fu3dzf', (to_timestamp(1775321559.351))::timestamp(3), (to_timestamp(1775321559.351))::timestamp(3), NULL);
INSERT INTO "Product" ("id", "categoryId", "name", "sku", "description", "unit", "basePriceHt", "vatRate", "isActive", "portalRuptureStock", "minOrderQty", "stockQty", "weightKg", "dimensions", "imageUrls", "supplierUrl", "organizationId", "createdAt", "updatedAt", "technicalSheetUrl") VALUES ('cmnkkma7t0078zfwabji8tw0d', 'cmnkkma1n000szfwahjpb7wnc', 'Manche bois 130 cm Ø 23,5 mm sans vis', 'CS-0110', 'Référence catalogue PDF — prix sur demande.', 'piece', 0, '20', FALSE, FALSE, 1, NULL, NULL, NULL, NULL, NULL, 'cmnhay2dx0009cbcbf7fu3dzf', (to_timestamp(1775321559.353))::timestamp(3), (to_timestamp(1775321559.353))::timestamp(3), NULL);
INSERT INTO "Product" ("id", "categoryId", "name", "sku", "description", "unit", "basePriceHt", "vatRate", "isActive", "portalRuptureStock", "minOrderQty", "stockQty", "weightKg", "dimensions", "imageUrls", "supplierUrl", "organizationId", "createdAt", "updatedAt", "technicalSheetUrl") VALUES ('cmnkkma7v007azfwavefgh6wd', 'cmnkkma1n000szfwahjpb7wnc', 'Manche bois cantonnier 140 cm Ø 28 mm', 'CS-0111', 'Référence catalogue PDF — prix sur demande.', 'piece', 0, '20', FALSE, FALSE, 1, NULL, NULL, NULL, NULL, NULL, 'cmnhay2dx0009cbcbf7fu3dzf', (to_timestamp(1775321559.355))::timestamp(3), (to_timestamp(1775321559.355))::timestamp(3), NULL);
INSERT INTO "Product" ("id", "categoryId", "name", "sku", "description", "unit", "basePriceHt", "vatRate", "isActive", "portalRuptureStock", "minOrderQty", "stockQty", "weightKg", "dimensions", "imageUrls", "supplierUrl", "organizationId", "createdAt", "updatedAt", "technicalSheetUrl") VALUES ('cmnkkma7w007czfwaorzwidcg', 'cmnkkma1n000szfwahjpb7wnc', 'Ensemble pelle balayette bord caoutchouc', 'CS-0112', 'Référence catalogue PDF — prix sur demande.', 'piece', 0, '20', FALSE, FALSE, 1, NULL, NULL, NULL, NULL, NULL, 'cmnhay2dx0009cbcbf7fu3dzf', (to_timestamp(1775321559.357))::timestamp(3), (to_timestamp(1775321559.357))::timestamp(3), NULL);
INSERT INTO "Product" ("id", "categoryId", "name", "sku", "description", "unit", "basePriceHt", "vatRate", "isActive", "portalRuptureStock", "minOrderQty", "stockQty", "weightKg", "dimensions", "imageUrls", "supplierUrl", "organizationId", "createdAt", "updatedAt", "technicalSheetUrl") VALUES ('cmnkkma7y007ezfwa8dj4sjc0', 'cmnkkma1n000szfwahjpb7wnc', 'Ensemble pelle balayette « aéroport » MAXI', 'CS-0113', 'Référence catalogue PDF — prix sur demande.', 'piece', 0, '20', FALSE, FALSE, 1, NULL, NULL, NULL, NULL, NULL, 'cmnhay2dx0009cbcbf7fu3dzf', (to_timestamp(1775321559.358))::timestamp(3), (to_timestamp(1775321559.358))::timestamp(3), NULL);
INSERT INTO "Product" ("id", "categoryId", "name", "sku", "description", "unit", "basePriceHt", "vatRate", "isActive", "portalRuptureStock", "minOrderQty", "stockQty", "weightKg", "dimensions", "imageUrls", "supplierUrl", "organizationId", "createdAt", "updatedAt", "technicalSheetUrl") VALUES ('cmnkkma80007gzfwaln5oo27c', 'cmnkkma1l000qzfwajpi26sey', 'Armature balai à frange 40 / 60 / 80 / 100 cm', 'CS-0114', 'Référence catalogue PDF — prix sur demande.', 'piece', 0, '20', FALSE, FALSE, 1, NULL, NULL, NULL, NULL, NULL, 'cmnhay2dx0009cbcbf7fu3dzf', (to_timestamp(1775321559.36))::timestamp(3), (to_timestamp(1775321559.36))::timestamp(3), NULL);
INSERT INTO "Product" ("id", "categoryId", "name", "sku", "description", "unit", "basePriceHt", "vatRate", "isActive", "portalRuptureStock", "minOrderQty", "stockQty", "weightKg", "dimensions", "imageUrls", "supplierUrl", "organizationId", "createdAt", "updatedAt", "technicalSheetUrl") VALUES ('cmnkkma82007izfwaaz9r9fhn', 'cmnkkma1l000qzfwajpi26sey', 'Raclette industrielle 45 / 55 / 75 cm mousse rouge', 'CS-0115', 'Référence catalogue PDF — prix sur demande.', 'piece', 0, '20', FALSE, FALSE, 1, NULL, NULL, NULL, NULL, NULL, 'cmnhay2dx0009cbcbf7fu3dzf', (to_timestamp(1775321559.362))::timestamp(3), (to_timestamp(1775321559.362))::timestamp(3), NULL);
INSERT INTO "Product" ("id", "categoryId", "name", "sku", "description", "unit", "basePriceHt", "vatRate", "isActive", "portalRuptureStock", "minOrderQty", "stockQty", "weightKg", "dimensions", "imageUrls", "supplierUrl", "organizationId", "createdAt", "updatedAt", "technicalSheetUrl") VALUES ('cmnkkma84007kzfwawfi30yls', 'cmnkkma1l000qzfwajpi26sey', 'Raclette sol alimentaire 45 cm bleue', 'CS-0116', 'Référence catalogue PDF — prix sur demande.', 'piece', 0, '20', FALSE, FALSE, 1, NULL, NULL, NULL, NULL, NULL, 'cmnhay2dx0009cbcbf7fu3dzf', (to_timestamp(1775321559.364))::timestamp(3), (to_timestamp(1775321559.364))::timestamp(3), NULL);
INSERT INTO "Product" ("id", "categoryId", "name", "sku", "description", "unit", "basePriceHt", "vatRate", "isActive", "portalRuptureStock", "minOrderQty", "stockQty", "weightKg", "dimensions", "imageUrls", "supplierUrl", "organizationId", "createdAt", "updatedAt", "technicalSheetUrl") VALUES ('cmnkkma86007mzfwaajgrptt1', 'cmnkkma1l000qzfwajpi26sey', 'Raclette sol alimentaire 75 cm mousse blanche', 'CS-0117', 'Référence catalogue PDF — prix sur demande.', 'piece', 0, '20', FALSE, FALSE, 1, NULL, NULL, NULL, NULL, NULL, 'cmnhay2dx0009cbcbf7fu3dzf', (to_timestamp(1775321559.366))::timestamp(3), (to_timestamp(1775321559.366))::timestamp(3), NULL);
INSERT INTO "Product" ("id", "categoryId", "name", "sku", "description", "unit", "basePriceHt", "vatRate", "isActive", "portalRuptureStock", "minOrderQty", "stockQty", "weightKg", "dimensions", "imageUrls", "supplierUrl", "organizationId", "createdAt", "updatedAt", "technicalSheetUrl") VALUES ('cmnkkma88007ozfwapizmpl5i', 'cmnkkma1l000qzfwajpi26sey', 'Raclette sol alimentaire 55 cm mousse blanche', 'CS-0118', 'Référence catalogue PDF — prix sur demande.', 'piece', 0, '20', FALSE, FALSE, 1, NULL, NULL, NULL, NULL, NULL, 'cmnhay2dx0009cbcbf7fu3dzf', (to_timestamp(1775321559.368))::timestamp(3), (to_timestamp(1775321559.368))::timestamp(3), NULL);
INSERT INTO "Product" ("id", "categoryId", "name", "sku", "description", "unit", "basePriceHt", "vatRate", "isActive", "portalRuptureStock", "minOrderQty", "stockQty", "weightKg", "dimensions", "imageUrls", "supplierUrl", "organizationId", "createdAt", "updatedAt", "technicalSheetUrl") VALUES ('cmnkkma89007qzfwa2rusn1pt', 'cmnkkma1t0012zfwazvrt2ls1', 'Tête de loup vinyle 1/2 ronde + manche télescopique 150 cm', 'CS-0119', 'Référence catalogue PDF — prix sur demande.', 'piece', 0, '20', FALSE, FALSE, 1, NULL, NULL, NULL, NULL, NULL, 'cmnhay2dx0009cbcbf7fu3dzf', (to_timestamp(1775321559.37))::timestamp(3), (to_timestamp(1775321559.37))::timestamp(3), NULL);
INSERT INTO "Product" ("id", "categoryId", "name", "sku", "description", "unit", "basePriceHt", "vatRate", "isActive", "portalRuptureStock", "minOrderQty", "stockQty", "weightKg", "dimensions", "imageUrls", "supplierUrl", "organizationId", "createdAt", "updatedAt", "technicalSheetUrl") VALUES ('cmnkkma8b007szfwa7y3orayj', 'cmnkkma1t0012zfwazvrt2ls1', 'Sabre microfibre flexible', 'CS-0120', 'Référence catalogue PDF — prix sur demande.', 'piece', 0, '20', FALSE, FALSE, 1, NULL, NULL, NULL, NULL, NULL, 'cmnhay2dx0009cbcbf7fu3dzf', (to_timestamp(1775321559.372))::timestamp(3), (to_timestamp(1775321559.372))::timestamp(3), NULL);
INSERT INTO "Product" ("id", "categoryId", "name", "sku", "description", "unit", "basePriceHt", "vatRate", "isActive", "portalRuptureStock", "minOrderQty", "stockQty", "weightKg", "dimensions", "imageUrls", "supplierUrl", "organizationId", "createdAt", "updatedAt", "technicalSheetUrl") VALUES ('cmnkkma8d007uzfwauv1a6r19', 'cmnkkma1t0012zfwazvrt2ls1', 'Recharge sabre microfibre', 'CS-0121', 'Référence catalogue PDF — prix sur demande.', 'piece', 0, '20', FALSE, FALSE, 1, NULL, NULL, NULL, NULL, NULL, 'cmnhay2dx0009cbcbf7fu3dzf', (to_timestamp(1775321559.373))::timestamp(3), (to_timestamp(1775321559.373))::timestamp(3), NULL);
INSERT INTO "Product" ("id", "categoryId", "name", "sku", "description", "unit", "basePriceHt", "vatRate", "isActive", "portalRuptureStock", "minOrderQty", "stockQty", "weightKg", "dimensions", "imageUrls", "supplierUrl", "organizationId", "createdAt", "updatedAt", "technicalSheetUrl") VALUES ('cmnkkma8f007wzfwajo2a9bbx', 'cmnkkma1k000ozfwacgczspqf', 'Brosse à ongles blanche à poignée', 'CS-0122', 'Référence catalogue PDF — prix sur demande.', 'piece', 0, '20', FALSE, FALSE, 1, NULL, NULL, NULL, NULL, NULL, 'cmnhay2dx0009cbcbf7fu3dzf', (to_timestamp(1775321559.375))::timestamp(3), (to_timestamp(1775321559.375))::timestamp(3), NULL);
INSERT INTO "Product" ("id", "categoryId", "name", "sku", "description", "unit", "basePriceHt", "vatRate", "isActive", "portalRuptureStock", "minOrderQty", "stockQty", "weightKg", "dimensions", "imageUrls", "supplierUrl", "organizationId", "createdAt", "updatedAt", "technicalSheetUrl") VALUES ('cmnkkma8g007yzfwa80mml6yi', 'cmnkkma1l000qzfwajpi26sey', 'Frottoir alimentaire rouge', 'CS-0123', 'Référence catalogue PDF — prix sur demande.', 'piece', 0, '20', FALSE, FALSE, 1, NULL, NULL, NULL, NULL, NULL, 'cmnhay2dx0009cbcbf7fu3dzf', (to_timestamp(1775321559.377))::timestamp(3), (to_timestamp(1775321559.377))::timestamp(3), NULL);
INSERT INTO "Product" ("id", "categoryId", "name", "sku", "description", "unit", "basePriceHt", "vatRate", "isActive", "portalRuptureStock", "minOrderQty", "stockQty", "weightKg", "dimensions", "imageUrls", "supplierUrl", "organizationId", "createdAt", "updatedAt", "technicalSheetUrl") VALUES ('cmnkkma8i0080zfwa62uvkexi', 'cmnkkma1l000qzfwajpi26sey', 'Frottoir alimentaire 30 cm blanc', 'CS-0124', 'Référence catalogue PDF — prix sur demande.', 'piece', 0, '20', FALSE, FALSE, 1, NULL, NULL, NULL, NULL, NULL, 'cmnhay2dx0009cbcbf7fu3dzf', (to_timestamp(1775321559.378))::timestamp(3), (to_timestamp(1775321559.378))::timestamp(3), NULL);
INSERT INTO "Product" ("id", "categoryId", "name", "sku", "description", "unit", "basePriceHt", "vatRate", "isActive", "portalRuptureStock", "minOrderQty", "stockQty", "weightKg", "dimensions", "imageUrls", "supplierUrl", "organizationId", "createdAt", "updatedAt", "technicalSheetUrl") VALUES ('cmnkkma8k0082zfwaq1sij4p8', 'cmnkkma1n000szfwahjpb7wnc', 'Balai paille de riz synthétique vert + manche 140 cm', 'CS-0125', 'Référence catalogue PDF — prix sur demande.', 'piece', 0, '20', TRUE, TRUE, 1, NULL, NULL, NULL, '/uploads/1775323460258-1812.jpg', NULL, 'cmnhay2dx0009cbcbf7fu3dzf', (to_timestamp(1775321559.38))::timestamp(3), (to_timestamp(1775326516.937))::timestamp(3), NULL);
INSERT INTO "Product" ("id", "categoryId", "name", "sku", "description", "unit", "basePriceHt", "vatRate", "isActive", "portalRuptureStock", "minOrderQty", "stockQty", "weightKg", "dimensions", "imageUrls", "supplierUrl", "organizationId", "createdAt", "updatedAt", "technicalSheetUrl") VALUES ('cmnkkma8m0084zfwai6x0xwo5', 'cmnkkma1n000szfwahjpb7wnc', 'Balai cantonnier 32 cm monture bois douille fer', 'CS-0126', 'Référence catalogue PDF — prix sur demande.', 'piece', 0, '20', TRUE, FALSE, 1, NULL, NULL, NULL, '/uploads/1775323443774-1804.jpg', NULL, 'cmnhay2dx0009cbcbf7fu3dzf', (to_timestamp(1775321559.382))::timestamp(3), (to_timestamp(1775326100.73))::timestamp(3), NULL);
INSERT INTO "Product" ("id", "categoryId", "name", "sku", "description", "unit", "basePriceHt", "vatRate", "isActive", "portalRuptureStock", "minOrderQty", "stockQty", "weightKg", "dimensions", "imageUrls", "supplierUrl", "organizationId", "createdAt", "updatedAt", "technicalSheetUrl") VALUES ('cmnkkma8o0086zfwaw4r9xsu0', 'cmnkkma1n000szfwahjpb7wnc', 'Balai alimentaire 40 cm souple douille droite', 'CS-0127', 'Référence catalogue PDF — prix sur demande.', 'piece', 0, '20', TRUE, FALSE, 1, NULL, NULL, NULL, '/uploads/1775323343178-1728.jpg', NULL, 'cmnhay2dx0009cbcbf7fu3dzf', (to_timestamp(1775321559.384))::timestamp(3), (to_timestamp(1775326093.179))::timestamp(3), NULL);
INSERT INTO "Product" ("id", "categoryId", "name", "sku", "description", "unit", "basePriceHt", "vatRate", "isActive", "portalRuptureStock", "minOrderQty", "stockQty", "weightKg", "dimensions", "imageUrls", "supplierUrl", "organizationId", "createdAt", "updatedAt", "technicalSheetUrl") VALUES ('cmnkkma8q0088zfwail1sr4di', 'cmnkkma1r000yzfwae6dlbj4d', 'Chariot caréné MXTOP 303 S/P', 'CS-0128', 'Référence catalogue PDF — prix sur demande.', 'piece', 100, '20', TRUE, FALSE, 1, NULL, NULL, NULL, '/uploads/1775323252413-2101.jpg', NULL, 'cmnhay2dx0009cbcbf7fu3dzf', (to_timestamp(1775321559.386))::timestamp(3), (to_timestamp(1775324254.127))::timestamp(3), NULL);
INSERT INTO "Customer" ("id", "organizationId", "code", "companyName", "countryCode", "siret", "vatNumber", "email", "phone", "website", "notes", "paymentTerms", "isActive", "portalPasswordHash", "createdAt", "updatedAt") VALUES ('cmnh6uxkh002ztgma7bxs5szq', 'cmnh6utu50000tgma77zj2g7h', 'CLI-0001', 'Alpha Client 1', 'FR', '10000000000001', 'FR1000000001', 'client1@alpha.test', '0600000001', 'https://alpha-client-1.test', 'Client seed CRM', 'NET_15', TRUE, NULL, (to_timestamp(1775117049.713))::timestamp(3), (to_timestamp(1775117049.713))::timestamp(3));
INSERT INTO "Customer" ("id", "organizationId", "code", "companyName", "countryCode", "siret", "vatNumber", "email", "phone", "website", "notes", "paymentTerms", "isActive", "portalPasswordHash", "createdAt", "updatedAt") VALUES ('cmnh6uxm20037tgmak2d00pht', 'cmnh6utu50000tgma77zj2g7h', 'CLI-0002', 'Alpha Client 2', 'FR', '10000000000002', 'FR1000000002', 'client2@alpha.test', '0600000002', 'https://alpha-client-2.test', 'Client seed CRM', 'NET_30', TRUE, NULL, (to_timestamp(1775117049.77))::timestamp(3), (to_timestamp(1775117049.77))::timestamp(3));
INSERT INTO "Customer" ("id", "organizationId", "code", "companyName", "countryCode", "siret", "vatNumber", "email", "phone", "website", "notes", "paymentTerms", "isActive", "portalPasswordHash", "createdAt", "updatedAt") VALUES ('cmnh6uxn0003dtgma06ce7d1l', 'cmnh6utu50000tgma77zj2g7h', 'CLI-0003', 'Alpha Client 3', 'FR', '10000000000003', 'FR1000000003', 'client3@alpha.test', '0600000003', 'https://alpha-client-3.test', 'Client seed CRM', 'NET_45', TRUE, NULL, (to_timestamp(1775117049.804))::timestamp(3), (to_timestamp(1775117049.804))::timestamp(3));
INSERT INTO "Customer" ("id", "organizationId", "code", "companyName", "countryCode", "siret", "vatNumber", "email", "phone", "website", "notes", "paymentTerms", "isActive", "portalPasswordHash", "createdAt", "updatedAt") VALUES ('cmnh6uxo6003ltgmadm0h47cf', 'cmnh6utu50000tgma77zj2g7h', 'CLI-0004', 'Alpha Client 4', 'FR', '10000000000004', 'FR1000000004', 'client4@alpha.test', '0600000004', 'https://alpha-client-4.test', 'Client seed CRM', 'NET_60', FALSE, NULL, (to_timestamp(1775117049.846))::timestamp(3), (to_timestamp(1775117049.846))::timestamp(3));
INSERT INTO "Customer" ("id", "organizationId", "code", "companyName", "countryCode", "siret", "vatNumber", "email", "phone", "website", "notes", "paymentTerms", "isActive", "portalPasswordHash", "createdAt", "updatedAt") VALUES ('cmnh6uxp5003rtgmafvn605ef', 'cmnh6utu50000tgma77zj2g7h', 'CLI-0005', 'Alpha Client 5', 'FR', '10000000000005', 'FR1000000005', 'client5@alpha.test', '0600000005', 'https://alpha-client-5.test', 'Client seed CRM', 'IMMEDIATE', TRUE, NULL, (to_timestamp(1775117049.881))::timestamp(3), (to_timestamp(1775117049.881))::timestamp(3));
INSERT INTO "Customer" ("id", "organizationId", "code", "companyName", "countryCode", "siret", "vatNumber", "email", "phone", "website", "notes", "paymentTerms", "isActive", "portalPasswordHash", "createdAt", "updatedAt") VALUES ('cmnh6uxqd003ztgmakc7irewt', 'cmnh6uvha0007tgmakp0p2vac', 'CLI-0001', 'Beta Client 1', 'FR', '10000000000001', 'FR1000000001', 'client1@beta.test', '0600000001', 'https://beta-client-1.test', 'Client seed CRM', 'NET_15', TRUE, NULL, (to_timestamp(1775117049.925))::timestamp(3), (to_timestamp(1775117049.925))::timestamp(3));
INSERT INTO "Customer" ("id", "organizationId", "code", "companyName", "countryCode", "siret", "vatNumber", "email", "phone", "website", "notes", "paymentTerms", "isActive", "portalPasswordHash", "createdAt", "updatedAt") VALUES ('cmnh6uxs60047tgmax51mz5sz', 'cmnh6uvha0007tgmakp0p2vac', 'CLI-0002', 'Beta Client 2', 'FR', '10000000000002', 'FR1000000002', 'client2@beta.test', '0600000002', 'https://beta-client-2.test', 'Client seed CRM', 'NET_30', TRUE, NULL, (to_timestamp(1775117049.99))::timestamp(3), (to_timestamp(1775117049.99))::timestamp(3));
INSERT INTO "Customer" ("id", "organizationId", "code", "companyName", "countryCode", "siret", "vatNumber", "email", "phone", "website", "notes", "paymentTerms", "isActive", "portalPasswordHash", "createdAt", "updatedAt") VALUES ('cmnh6uxt9004dtgmabt8zur75', 'cmnh6uvha0007tgmakp0p2vac', 'CLI-0003', 'Beta Client 3', 'FR', '10000000000003', 'FR1000000003', 'client3@beta.test', '0600000003', 'https://beta-client-3.test', 'Client seed CRM', 'NET_45', TRUE, NULL, (to_timestamp(1775117050.029))::timestamp(3), (to_timestamp(1775117050.029))::timestamp(3));
INSERT INTO "Customer" ("id", "organizationId", "code", "companyName", "countryCode", "siret", "vatNumber", "email", "phone", "website", "notes", "paymentTerms", "isActive", "portalPasswordHash", "createdAt", "updatedAt") VALUES ('cmnh6uxuh004ltgmafhncguld', 'cmnh6uvha0007tgmakp0p2vac', 'CLI-0004', 'Beta Client 4', 'FR', '10000000000004', 'FR1000000004', 'client4@beta.test', '0600000004', 'https://beta-client-4.test', 'Client seed CRM', 'NET_60', FALSE, NULL, (to_timestamp(1775117050.073))::timestamp(3), (to_timestamp(1775117050.073))::timestamp(3));
INSERT INTO "Customer" ("id", "organizationId", "code", "companyName", "countryCode", "siret", "vatNumber", "email", "phone", "website", "notes", "paymentTerms", "isActive", "portalPasswordHash", "createdAt", "updatedAt") VALUES ('cmnh6uxvj004rtgmauleo32qi', 'cmnh6uvha0007tgmakp0p2vac', 'CLI-0005', 'Beta Client 5', 'FR', '10000000000005', 'FR1000000005', 'client5@beta.test', '0600000005', 'https://beta-client-5.test', 'Client seed CRM', 'IMMEDIATE', TRUE, NULL, (to_timestamp(1775117050.111))::timestamp(3), (to_timestamp(1775117050.111))::timestamp(3));
INSERT INTO "Customer" ("id", "organizationId", "code", "companyName", "countryCode", "siret", "vatNumber", "email", "phone", "website", "notes", "paymentTerms", "isActive", "portalPasswordHash", "createdAt", "updatedAt") VALUES ('cmnk07nuw000111xpjrwfv9lk', 'cmnhay2dx0009cbcbf7fu3dzf', 'CLI-0001', 'FC HYPER 93', 'FR', '12345678912345', NULL, 'france@gmail.com', NULL, NULL, NULL, 'IMMEDIATE', TRUE, '$2b$12$YmsC3zXSi5OvgXEVpm/Bj.hjE3dA3R6TEdrA.wuHPY9Orj4A7qvr.', (to_timestamp(1775287284.866))::timestamp(3), (to_timestamp(1775287284.866))::timestamp(3));
INSERT INTO "CustomerSite" ("id", "organizationId", "customerId", "label", "fullAddress", "isDefault", "isShipping", "isBilling", "contactName", "contactEmail", "contactPhone", "createdAt", "updatedAt") VALUES ('cmnh6uxky0031tgma5qyq80l1', 'cmnh6utu50000tgma77zj2g7h', 'cmnh6uxkh002ztgma7bxs5szq', 'Siege', '1 Rue Example, 69001 Lyon', TRUE, TRUE, TRUE, 'Contact 1', 'contact1.1@alpha.test', '0700000011', (to_timestamp(1775117049.73))::timestamp(3), (to_timestamp(1775117049.73))::timestamp(3));
INSERT INTO "CustomerSite" ("id", "organizationId", "customerId", "label", "fullAddress", "isDefault", "isShipping", "isBilling", "contactName", "contactEmail", "contactPhone", "createdAt", "updatedAt") VALUES ('cmnh6uxla0033tgmaza3sxwy0', 'cmnh6utu50000tgma77zj2g7h', 'cmnh6uxkh002ztgma7bxs5szq', 'Entrepot 2', '2 Rue Example, 69002 Lyon', FALSE, TRUE, FALSE, 'Contact 2', 'contact2.1@alpha.test', '0700000021', (to_timestamp(1775117049.742))::timestamp(3), (to_timestamp(1775117049.742))::timestamp(3));
INSERT INTO "CustomerSite" ("id", "organizationId", "customerId", "label", "fullAddress", "isDefault", "isShipping", "isBilling", "contactName", "contactEmail", "contactPhone", "createdAt", "updatedAt") VALUES ('cmnh6uxlo0035tgmaxf2p4038', 'cmnh6utu50000tgma77zj2g7h', 'cmnh6uxkh002ztgma7bxs5szq', 'Entrepot 3', '3 Rue Example, 69003 Lyon', FALSE, TRUE, FALSE, 'Contact 3', 'contact3.1@alpha.test', '0700000031', (to_timestamp(1775117049.756))::timestamp(3), (to_timestamp(1775117049.756))::timestamp(3));
INSERT INTO "CustomerSite" ("id", "organizationId", "customerId", "label", "fullAddress", "isDefault", "isShipping", "isBilling", "contactName", "contactEmail", "contactPhone", "createdAt", "updatedAt") VALUES ('cmnh6uxme0039tgmarzinvh06', 'cmnh6utu50000tgma77zj2g7h', 'cmnh6uxm20037tgmak2d00pht', 'Siege', '1 Rue Example, 69001 Lyon', TRUE, TRUE, TRUE, 'Contact 1', 'contact1.2@alpha.test', '0700000012', (to_timestamp(1775117049.782))::timestamp(3), (to_timestamp(1775117049.782))::timestamp(3));
INSERT INTO "CustomerSite" ("id", "organizationId", "customerId", "label", "fullAddress", "isDefault", "isShipping", "isBilling", "contactName", "contactEmail", "contactPhone", "createdAt", "updatedAt") VALUES ('cmnh6uxmo003btgmax0nerjol', 'cmnh6utu50000tgma77zj2g7h', 'cmnh6uxm20037tgmak2d00pht', 'Entrepot 2', '2 Rue Example, 69002 Lyon', FALSE, TRUE, FALSE, 'Contact 2', 'contact2.2@alpha.test', '0700000022', (to_timestamp(1775117049.792))::timestamp(3), (to_timestamp(1775117049.792))::timestamp(3));
INSERT INTO "CustomerSite" ("id", "organizationId", "customerId", "label", "fullAddress", "isDefault", "isShipping", "isBilling", "contactName", "contactEmail", "contactPhone", "createdAt", "updatedAt") VALUES ('cmnh6uxn9003ftgma4mxth6oz', 'cmnh6utu50000tgma77zj2g7h', 'cmnh6uxn0003dtgma06ce7d1l', 'Siege', '1 Rue Example, 69001 Lyon', TRUE, TRUE, TRUE, 'Contact 1', 'contact1.3@alpha.test', '0700000013', (to_timestamp(1775117049.813))::timestamp(3), (to_timestamp(1775117049.813))::timestamp(3));
INSERT INTO "CustomerSite" ("id", "organizationId", "customerId", "label", "fullAddress", "isDefault", "isShipping", "isBilling", "contactName", "contactEmail", "contactPhone", "createdAt", "updatedAt") VALUES ('cmnh6uxnj003htgmavnqhw9yt', 'cmnh6utu50000tgma77zj2g7h', 'cmnh6uxn0003dtgma06ce7d1l', 'Entrepot 2', '2 Rue Example, 69002 Lyon', FALSE, TRUE, FALSE, 'Contact 2', 'contact2.3@alpha.test', '0700000023', (to_timestamp(1775117049.824))::timestamp(3), (to_timestamp(1775117049.824))::timestamp(3));
INSERT INTO "CustomerSite" ("id", "organizationId", "customerId", "label", "fullAddress", "isDefault", "isShipping", "isBilling", "contactName", "contactEmail", "contactPhone", "createdAt", "updatedAt") VALUES ('cmnh6uxnv003jtgmauspfmwd8', 'cmnh6utu50000tgma77zj2g7h', 'cmnh6uxn0003dtgma06ce7d1l', 'Entrepot 3', '3 Rue Example, 69003 Lyon', FALSE, TRUE, FALSE, 'Contact 3', 'contact3.3@alpha.test', '0700000033', (to_timestamp(1775117049.835))::timestamp(3), (to_timestamp(1775117049.835))::timestamp(3));
INSERT INTO "CustomerSite" ("id", "organizationId", "customerId", "label", "fullAddress", "isDefault", "isShipping", "isBilling", "contactName", "contactEmail", "contactPhone", "createdAt", "updatedAt") VALUES ('cmnh6uxok003ntgmafiiyu43z', 'cmnh6utu50000tgma77zj2g7h', 'cmnh6uxo6003ltgmadm0h47cf', 'Siege', '1 Rue Example, 69001 Lyon', TRUE, TRUE, TRUE, 'Contact 1', 'contact1.4@alpha.test', '0700000014', (to_timestamp(1775117049.86))::timestamp(3), (to_timestamp(1775117049.86))::timestamp(3));
INSERT INTO "CustomerSite" ("id", "organizationId", "customerId", "label", "fullAddress", "isDefault", "isShipping", "isBilling", "contactName", "contactEmail", "contactPhone", "createdAt", "updatedAt") VALUES ('cmnh6uxow003ptgmaf1idyk4m', 'cmnh6utu50000tgma77zj2g7h', 'cmnh6uxo6003ltgmadm0h47cf', 'Entrepot 2', '2 Rue Example, 69002 Lyon', FALSE, TRUE, FALSE, 'Contact 2', 'contact2.4@alpha.test', '0700000024', (to_timestamp(1775117049.873))::timestamp(3), (to_timestamp(1775117049.873))::timestamp(3));
INSERT INTO "CustomerSite" ("id", "organizationId", "customerId", "label", "fullAddress", "isDefault", "isShipping", "isBilling", "contactName", "contactEmail", "contactPhone", "createdAt", "updatedAt") VALUES ('cmnh6uxpg003ttgmaq3oh13jg', 'cmnh6utu50000tgma77zj2g7h', 'cmnh6uxp5003rtgmafvn605ef', 'Siege', '1 Rue Example, 69001 Lyon', TRUE, TRUE, TRUE, 'Contact 1', 'contact1.5@alpha.test', '0700000015', (to_timestamp(1775117049.893))::timestamp(3), (to_timestamp(1775117049.893))::timestamp(3));
INSERT INTO "CustomerSite" ("id", "organizationId", "customerId", "label", "fullAddress", "isDefault", "isShipping", "isBilling", "contactName", "contactEmail", "contactPhone", "createdAt", "updatedAt") VALUES ('cmnh6uxps003vtgma6fb02tkw', 'cmnh6utu50000tgma77zj2g7h', 'cmnh6uxp5003rtgmafvn605ef', 'Entrepot 2', '2 Rue Example, 69002 Lyon', FALSE, TRUE, FALSE, 'Contact 2', 'contact2.5@alpha.test', '0700000025', (to_timestamp(1775117049.904))::timestamp(3), (to_timestamp(1775117049.904))::timestamp(3));
INSERT INTO "CustomerSite" ("id", "organizationId", "customerId", "label", "fullAddress", "isDefault", "isShipping", "isBilling", "contactName", "contactEmail", "contactPhone", "createdAt", "updatedAt") VALUES ('cmnh6uxq3003xtgmanzfbqgol', 'cmnh6utu50000tgma77zj2g7h', 'cmnh6uxp5003rtgmafvn605ef', 'Entrepot 3', '3 Rue Example, 69003 Lyon', FALSE, TRUE, FALSE, 'Contact 3', 'contact3.5@alpha.test', '0700000035', (to_timestamp(1775117049.915))::timestamp(3), (to_timestamp(1775117049.915))::timestamp(3));
INSERT INTO "CustomerSite" ("id", "organizationId", "customerId", "label", "fullAddress", "isDefault", "isShipping", "isBilling", "contactName", "contactEmail", "contactPhone", "createdAt", "updatedAt") VALUES ('cmnh6uxqp0041tgma222midms', 'cmnh6uvha0007tgmakp0p2vac', 'cmnh6uxqd003ztgmakc7irewt', 'Siege', '1 Rue Example, 69001 Lyon', TRUE, TRUE, TRUE, 'Contact 1', 'contact1.1@beta.test', '0700000011', (to_timestamp(1775117049.938))::timestamp(3), (to_timestamp(1775117049.938))::timestamp(3));
INSERT INTO "CustomerSite" ("id", "organizationId", "customerId", "label", "fullAddress", "isDefault", "isShipping", "isBilling", "contactName", "contactEmail", "contactPhone", "createdAt", "updatedAt") VALUES ('cmnh6uxr90043tgmaue6m7v5p', 'cmnh6uvha0007tgmakp0p2vac', 'cmnh6uxqd003ztgmakc7irewt', 'Entrepot 2', '2 Rue Example, 69002 Lyon', FALSE, TRUE, FALSE, 'Contact 2', 'contact2.1@beta.test', '0700000021', (to_timestamp(1775117049.958))::timestamp(3), (to_timestamp(1775117049.958))::timestamp(3));
INSERT INTO "CustomerSite" ("id", "organizationId", "customerId", "label", "fullAddress", "isDefault", "isShipping", "isBilling", "contactName", "contactEmail", "contactPhone", "createdAt", "updatedAt") VALUES ('cmnh6uxro0045tgmaiz0jmkqs', 'cmnh6uvha0007tgmakp0p2vac', 'cmnh6uxqd003ztgmakc7irewt', 'Entrepot 3', '3 Rue Example, 69003 Lyon', FALSE, TRUE, FALSE, 'Contact 3', 'contact3.1@beta.test', '0700000031', (to_timestamp(1775117049.972))::timestamp(3), (to_timestamp(1775117049.972))::timestamp(3));
INSERT INTO "CustomerSite" ("id", "organizationId", "customerId", "label", "fullAddress", "isDefault", "isShipping", "isBilling", "contactName", "contactEmail", "contactPhone", "createdAt", "updatedAt") VALUES ('cmnh6uxsn0049tgma91bd18cs', 'cmnh6uvha0007tgmakp0p2vac', 'cmnh6uxs60047tgmax51mz5sz', 'Siege', '1 Rue Example, 69001 Lyon', TRUE, TRUE, TRUE, 'Contact 1', 'contact1.2@beta.test', '0700000012', (to_timestamp(1775117050.007))::timestamp(3), (to_timestamp(1775117050.007))::timestamp(3));
INSERT INTO "CustomerSite" ("id", "organizationId", "customerId", "label", "fullAddress", "isDefault", "isShipping", "isBilling", "contactName", "contactEmail", "contactPhone", "createdAt", "updatedAt") VALUES ('cmnh6uxsz004btgmak7uw1p9s', 'cmnh6uvha0007tgmakp0p2vac', 'cmnh6uxs60047tgmax51mz5sz', 'Entrepot 2', '2 Rue Example, 69002 Lyon', FALSE, TRUE, FALSE, 'Contact 2', 'contact2.2@beta.test', '0700000022', (to_timestamp(1775117050.019))::timestamp(3), (to_timestamp(1775117050.019))::timestamp(3));
INSERT INTO "CustomerSite" ("id", "organizationId", "customerId", "label", "fullAddress", "isDefault", "isShipping", "isBilling", "contactName", "contactEmail", "contactPhone", "createdAt", "updatedAt") VALUES ('cmnh6uxtl004ftgmavhq35htc', 'cmnh6uvha0007tgmakp0p2vac', 'cmnh6uxt9004dtgmabt8zur75', 'Siege', '1 Rue Example, 69001 Lyon', TRUE, TRUE, TRUE, 'Contact 1', 'contact1.3@beta.test', '0700000013', (to_timestamp(1775117050.041))::timestamp(3), (to_timestamp(1775117050.041))::timestamp(3));
INSERT INTO "CustomerSite" ("id", "organizationId", "customerId", "label", "fullAddress", "isDefault", "isShipping", "isBilling", "contactName", "contactEmail", "contactPhone", "createdAt", "updatedAt") VALUES ('cmnh6uxtu004htgma1npjegx3', 'cmnh6uvha0007tgmakp0p2vac', 'cmnh6uxt9004dtgmabt8zur75', 'Entrepot 2', '2 Rue Example, 69002 Lyon', FALSE, TRUE, FALSE, 'Contact 2', 'contact2.3@beta.test', '0700000023', (to_timestamp(1775117050.05))::timestamp(3), (to_timestamp(1775117050.05))::timestamp(3));
INSERT INTO "CustomerSite" ("id", "organizationId", "customerId", "label", "fullAddress", "isDefault", "isShipping", "isBilling", "contactName", "contactEmail", "contactPhone", "createdAt", "updatedAt") VALUES ('cmnh6uxu4004jtgma18msyn3b', 'cmnh6uvha0007tgmakp0p2vac', 'cmnh6uxt9004dtgmabt8zur75', 'Entrepot 3', '3 Rue Example, 69003 Lyon', FALSE, TRUE, FALSE, 'Contact 3', 'contact3.3@beta.test', '0700000033', (to_timestamp(1775117050.06))::timestamp(3), (to_timestamp(1775117050.06))::timestamp(3));
INSERT INTO "CustomerSite" ("id", "organizationId", "customerId", "label", "fullAddress", "isDefault", "isShipping", "isBilling", "contactName", "contactEmail", "contactPhone", "createdAt", "updatedAt") VALUES ('cmnh6uxuw004ntgma9kl63f7c', 'cmnh6uvha0007tgmakp0p2vac', 'cmnh6uxuh004ltgmafhncguld', 'Siege', '1 Rue Example, 69001 Lyon', TRUE, TRUE, TRUE, 'Contact 1', 'contact1.4@beta.test', '0700000014', (to_timestamp(1775117050.088))::timestamp(3), (to_timestamp(1775117050.088))::timestamp(3));
INSERT INTO "CustomerSite" ("id", "organizationId", "customerId", "label", "fullAddress", "isDefault", "isShipping", "isBilling", "contactName", "contactEmail", "contactPhone", "createdAt", "updatedAt") VALUES ('cmnh6uxv7004ptgmam6y943w2', 'cmnh6uvha0007tgmakp0p2vac', 'cmnh6uxuh004ltgmafhncguld', 'Entrepot 2', '2 Rue Example, 69002 Lyon', FALSE, TRUE, FALSE, 'Contact 2', 'contact2.4@beta.test', '0700000024', (to_timestamp(1775117050.099))::timestamp(3), (to_timestamp(1775117050.099))::timestamp(3));
INSERT INTO "CustomerSite" ("id", "organizationId", "customerId", "label", "fullAddress", "isDefault", "isShipping", "isBilling", "contactName", "contactEmail", "contactPhone", "createdAt", "updatedAt") VALUES ('cmnh6uxw9004ttgmamyq1n47g', 'cmnh6uvha0007tgmakp0p2vac', 'cmnh6uxvj004rtgmauleo32qi', 'Siege', '1 Rue Example, 69001 Lyon', TRUE, TRUE, TRUE, 'Contact 1', 'contact1.5@beta.test', '0700000015', (to_timestamp(1775117050.137))::timestamp(3), (to_timestamp(1775117050.137))::timestamp(3));
INSERT INTO "CustomerSite" ("id", "organizationId", "customerId", "label", "fullAddress", "isDefault", "isShipping", "isBilling", "contactName", "contactEmail", "contactPhone", "createdAt", "updatedAt") VALUES ('cmnh6uxwk004vtgma2u7mew59', 'cmnh6uvha0007tgmakp0p2vac', 'cmnh6uxvj004rtgmauleo32qi', 'Entrepot 2', '2 Rue Example, 69002 Lyon', FALSE, TRUE, FALSE, 'Contact 2', 'contact2.5@beta.test', '0700000025', (to_timestamp(1775117050.148))::timestamp(3), (to_timestamp(1775117050.148))::timestamp(3));
INSERT INTO "CustomerSite" ("id", "organizationId", "customerId", "label", "fullAddress", "isDefault", "isShipping", "isBilling", "contactName", "contactEmail", "contactPhone", "createdAt", "updatedAt") VALUES ('cmnh6uxxa004xtgmaubwg7lpf', 'cmnh6uvha0007tgmakp0p2vac', 'cmnh6uxvj004rtgmauleo32qi', 'Entrepot 3', '3 Rue Example, 69003 Lyon', FALSE, TRUE, FALSE, 'Contact 3', 'contact3.5@beta.test', '0700000035', (to_timestamp(1775117050.174))::timestamp(3), (to_timestamp(1775117050.174))::timestamp(3));
INSERT INTO "CustomerSite" ("id", "organizationId", "customerId", "label", "fullAddress", "isDefault", "isShipping", "isBilling", "contactName", "contactEmail", "contactPhone", "createdAt", "updatedAt") VALUES ('cmnk07nuw000311xpmaa386wz', 'cmnhay2dx0009cbcbf7fu3dzf', 'cmnk07nuw000111xpjrwfv9lk', 'Atacadao', 'Le Haut De Galy, 93606 Aulnay-sous-Bois', TRUE, TRUE, TRUE, 'BOUM', 'France@gmail.com', NULL, (to_timestamp(1775287284.866))::timestamp(3), (to_timestamp(1775287284.866))::timestamp(3));
INSERT INTO "CustomerSite" ("id", "organizationId", "customerId", "label", "fullAddress", "isDefault", "isShipping", "isBilling", "contactName", "contactEmail", "contactPhone", "createdAt", "updatedAt") VALUES ('cmnk07nuw000411xpnlcy5lsk', 'cmnhay2dx0009cbcbf7fu3dzf', 'cmnk07nuw000111xpjrwfv9lk', 'AZ Discount', 'Le Haut De Galy, 93606 Aulnay-sous-Bois', FALSE, TRUE, FALSE, 'BOUM', 'France@gmail.com', NULL, (to_timestamp(1775287284.866))::timestamp(3), (to_timestamp(1775287284.866))::timestamp(3));
INSERT INTO "CustomerPriceList" ("id", "organizationId", "customerId", "productId", "customPrice", "discountPercent", "minQuantity", "validFrom", "validTo", "createdAt", "updatedAt") VALUES ('cmnh6uxzh0055tgma38k0tztd', 'cmnh6uvha0007tgmakp0p2vac', 'cmnh6uxqd003ztgmakc7irewt', 'cmnh6uxfd0025tgmae5mf6ys6', 6.03, 10, 1, NULL, NULL, (to_timestamp(1775117050.253))::timestamp(3), (to_timestamp(1775117050.253))::timestamp(3));
INSERT INTO "CustomerPriceList" ("id", "organizationId", "customerId", "productId", "customPrice", "discountPercent", "minQuantity", "validFrom", "validTo", "createdAt", "updatedAt") VALUES ('cmnh6uxzq0057tgmarruwsxfu', 'cmnh6uvha0007tgmakp0p2vac', 'cmnh6uxs60047tgmax51mz5sz', 'cmnh6uxfp0027tgmaqz7kfh7y', 7.56, 10, 1, NULL, NULL, (to_timestamp(1775117050.263))::timestamp(3), (to_timestamp(1775117050.263))::timestamp(3));
INSERT INTO "Order" ("id", "number", "organizationId", "customerId", "deliverySiteId", "billingSiteId", "status", "totalHt", "totalTva", "totalTtc", "notes", "internalNotes", "createdById", "approvedById", "approvedAt", "requestedDeliveryDate", "isInvoiced", "cancellationReason", "createdAt", "updatedAt") VALUES ('cmnh6uy0i0059tgmacsvspvl6', 'ORD-2025-0001', 'cmnh6utu50000tgma77zj2g7h', 'cmnh6uxkh002ztgma7bxs5szq', 'cmnh6uxky0031tgma5qyq80l1', 'cmnh6uxky0031tgma5qyq80l1', 'DRAFT', 124.46, 1.77, 126.23, 'Commande seed', 'Interne seed', 'cmnh6uued0002tgmaa0v7qco1', NULL, NULL, (to_timestamp(1765756800))::timestamp(3), FALSE, NULL, (to_timestamp(1775117050.29))::timestamp(3), (to_timestamp(1775117050.29))::timestamp(3));
INSERT INTO "Order" ("id", "number", "organizationId", "customerId", "deliverySiteId", "billingSiteId", "status", "totalHt", "totalTva", "totalTtc", "notes", "internalNotes", "createdById", "approvedById", "approvedAt", "requestedDeliveryDate", "isInvoiced", "cancellationReason", "createdAt", "updatedAt") VALUES ('cmnh6uy22005jtgma78xlmglj', 'ORD-2025-0002', 'cmnh6utu50000tgma77zj2g7h', 'cmnh6uxm20037tgmak2d00pht', 'cmnh6uxme0039tgmarzinvh06', 'cmnh6uxme0039tgmarzinvh06', 'PENDING_APPROVAL', 144.35, 15.81, 160.16, 'Commande seed', 'Interne seed', 'cmnh6uuxt0004tgmatvj7nr3b', NULL, NULL, (to_timestamp(1765756800))::timestamp(3), FALSE, NULL, (to_timestamp(1775117050.347))::timestamp(3), (to_timestamp(1775117050.347))::timestamp(3));
INSERT INTO "Order" ("id", "number", "organizationId", "customerId", "deliverySiteId", "billingSiteId", "status", "totalHt", "totalTva", "totalTtc", "notes", "internalNotes", "createdById", "approvedById", "approvedAt", "requestedDeliveryDate", "isInvoiced", "cancellationReason", "createdAt", "updatedAt") VALUES ('cmnh6uy3x005vtgmay5hds98y', 'ORD-2025-0003', 'cmnh6utu50000tgma77zj2g7h', 'cmnh6uxn0003dtgma06ce7d1l', 'cmnh6uxn9003ftgma4mxth6oz', 'cmnh6uxn9003ftgma4mxth6oz', 'CONFIRMED', 164.24, 19.46, 183.7, 'Commande seed', 'Interne seed', 'cmnh6uvgy0006tgmac9yfaqce', 'cmnh6uued0002tgmaa0v7qco1', (to_timestamp(1775117050.404))::timestamp(3), (to_timestamp(1765756800))::timestamp(3), FALSE, NULL, (to_timestamp(1775117050.413))::timestamp(3), (to_timestamp(1775117050.413))::timestamp(3));
INSERT INTO "Order" ("id", "number", "organizationId", "customerId", "deliverySiteId", "billingSiteId", "status", "totalHt", "totalTva", "totalTtc", "notes", "internalNotes", "createdById", "approvedById", "approvedAt", "requestedDeliveryDate", "isInvoiced", "cancellationReason", "createdAt", "updatedAt") VALUES ('cmnh6uy660069tgmazqpnt4ts', 'ORD-2025-0004', 'cmnh6utu50000tgma77zj2g7h', 'cmnh6uxo6003ltgmadm0h47cf', 'cmnh6uxok003ntgmafiiyu43z', 'cmnh6uxok003ntgmafiiyu43z', 'IN_PREPARATION', 184.13, 16.78, 200.91, 'Commande seed', 'Interne seed', 'cmnh6uued0002tgmaa0v7qco1', 'cmnh6uued0002tgmaa0v7qco1', (to_timestamp(1775117050.486))::timestamp(3), (to_timestamp(1765756800))::timestamp(3), FALSE, NULL, (to_timestamp(1775117050.495))::timestamp(3), (to_timestamp(1775117050.495))::timestamp(3));
INSERT INTO "Order" ("id", "number", "organizationId", "customerId", "deliverySiteId", "billingSiteId", "status", "totalHt", "totalTva", "totalTtc", "notes", "internalNotes", "createdById", "approvedById", "approvedAt", "requestedDeliveryDate", "isInvoiced", "cancellationReason", "createdAt", "updatedAt") VALUES ('cmnh6uy8q006ptgma2ijjxlqn', 'ORD-2025-0005', 'cmnh6utu50000tgma77zj2g7h', 'cmnh6uxp5003rtgmafvn605ef', 'cmnh6uxpg003ttgmaq3oh13jg', 'cmnh6uxpg003ttgmaq3oh13jg', 'SHIPPED', 204.02, 8.98, 213, 'Commande seed', 'Interne seed', 'cmnh6uuxt0004tgmatvj7nr3b', 'cmnh6uued0002tgmaa0v7qco1', (to_timestamp(1775117050.578))::timestamp(3), (to_timestamp(1765756800))::timestamp(3), FALSE, NULL, (to_timestamp(1775117050.586))::timestamp(3), (to_timestamp(1775117050.586))::timestamp(3));
INSERT INTO "Order" ("id", "number", "organizationId", "customerId", "deliverySiteId", "billingSiteId", "status", "totalHt", "totalTva", "totalTtc", "notes", "internalNotes", "createdById", "approvedById", "approvedAt", "requestedDeliveryDate", "isInvoiced", "cancellationReason", "createdAt", "updatedAt") VALUES ('cmnh6uybb0077tgmasgjfhdtm', 'ORD-2025-0006', 'cmnh6utu50000tgma77zj2g7h', 'cmnh6uxkh002ztgma7bxs5szq', 'cmnh6uxky0031tgma5qyq80l1', 'cmnh6uxky0031tgma5qyq80l1', 'DELIVERED', 223.91, 3.42, 227.33, 'Commande seed', 'Interne seed', 'cmnh6uvgy0006tgmac9yfaqce', 'cmnh6uued0002tgmaa0v7qco1', (to_timestamp(1775117050.671))::timestamp(3), (to_timestamp(1765756800))::timestamp(3), FALSE, NULL, (to_timestamp(1775117050.679))::timestamp(3), (to_timestamp(1775117050.679))::timestamp(3));
INSERT INTO "Order" ("id", "number", "organizationId", "customerId", "deliverySiteId", "billingSiteId", "status", "totalHt", "totalTva", "totalTtc", "notes", "internalNotes", "createdById", "approvedById", "approvedAt", "requestedDeliveryDate", "isInvoiced", "cancellationReason", "createdAt", "updatedAt") VALUES ('cmnh6uyee007rtgmaczz6cpcv', 'ORD-2025-0007', 'cmnh6utu50000tgma77zj2g7h', 'cmnh6uxm20037tgmak2d00pht', 'cmnh6uxme0039tgmarzinvh06', 'cmnh6uxme0039tgmarzinvh06', 'CANCELLED', 243.8, 25.86, 269.66, 'Commande seed', 'Interne seed', 'cmnh6uued0002tgmaa0v7qco1', NULL, NULL, (to_timestamp(1765756800))::timestamp(3), FALSE, 'Annulee seed', (to_timestamp(1775117050.79))::timestamp(3), (to_timestamp(1775117050.79))::timestamp(3));
INSERT INTO "Order" ("id", "number", "organizationId", "customerId", "deliverySiteId", "billingSiteId", "status", "totalHt", "totalTva", "totalTtc", "notes", "internalNotes", "createdById", "approvedById", "approvedAt", "requestedDeliveryDate", "isInvoiced", "cancellationReason", "createdAt", "updatedAt") VALUES ('cmnh6uygd0085tgmadymowvwh', 'ORD-2025-0008', 'cmnh6utu50000tgma77zj2g7h', 'cmnh6uxn0003dtgma06ce7d1l', 'cmnh6uxn9003ftgma4mxth6oz', 'cmnh6uxn9003ftgma4mxth6oz', 'DRAFT', 263.69, 31.11, 294.8, 'Commande seed', 'Interne seed', 'cmnh6uuxt0004tgmatvj7nr3b', NULL, NULL, (to_timestamp(1765756800))::timestamp(3), FALSE, NULL, (to_timestamp(1775117050.861))::timestamp(3), (to_timestamp(1775117050.861))::timestamp(3));
INSERT INTO "Order" ("id", "number", "organizationId", "customerId", "deliverySiteId", "billingSiteId", "status", "totalHt", "totalTva", "totalTtc", "notes", "internalNotes", "createdById", "approvedById", "approvedAt", "requestedDeliveryDate", "isInvoiced", "cancellationReason", "createdAt", "updatedAt") VALUES ('cmnh6uyib008ftgma81n981vd', 'ORD-2025-0009', 'cmnh6utu50000tgma77zj2g7h', 'cmnh6uxo6003ltgmadm0h47cf', 'cmnh6uxok003ntgmafiiyu43z', 'cmnh6uxok003ntgmafiiyu43z', 'PENDING_APPROVAL', 283.58, 26.24, 309.82, 'Commande seed', 'Interne seed', 'cmnh6uvgy0006tgmac9yfaqce', NULL, NULL, (to_timestamp(1765756800))::timestamp(3), FALSE, NULL, (to_timestamp(1775117050.931))::timestamp(3), (to_timestamp(1775117050.931))::timestamp(3));
INSERT INTO "Order" ("id", "number", "organizationId", "customerId", "deliverySiteId", "billingSiteId", "status", "totalHt", "totalTva", "totalTtc", "notes", "internalNotes", "createdById", "approvedById", "approvedAt", "requestedDeliveryDate", "isInvoiced", "cancellationReason", "createdAt", "updatedAt") VALUES ('cmnh6uyk6008rtgma5vqmed3p', 'ORD-2025-0010', 'cmnh6utu50000tgma77zj2g7h', 'cmnh6uxp5003rtgmafvn605ef', 'cmnh6uxpg003ttgmaq3oh13jg', 'cmnh6uxpg003ttgmaq3oh13jg', 'CONFIRMED', 303.47, 13.57, 317.04, 'Commande seed', 'Interne seed', 'cmnh6uued0002tgmaa0v7qco1', 'cmnh6uued0002tgmaa0v7qco1', (to_timestamp(1775117050.989))::timestamp(3), (to_timestamp(1765756800))::timestamp(3), FALSE, NULL, (to_timestamp(1775117050.998))::timestamp(3), (to_timestamp(1775117050.998))::timestamp(3));
INSERT INTO "Order" ("id", "number", "organizationId", "customerId", "deliverySiteId", "billingSiteId", "status", "totalHt", "totalTva", "totalTtc", "notes", "internalNotes", "createdById", "approvedById", "approvedAt", "requestedDeliveryDate", "isInvoiced", "cancellationReason", "createdAt", "updatedAt") VALUES ('cmnh6uymf0095tgma9o2jkm4n', 'ORD-2025-0001', 'cmnh6uvha0007tgmakp0p2vac', 'cmnh6uxqd003ztgmakc7irewt', 'cmnh6uxqp0041tgma222midms', 'cmnh6uxqp0041tgma222midms', 'DRAFT', 124.46, 1.77, 126.23, 'Commande seed', 'Interne seed', 'cmnh6uw2s0009tgmaht4v30yh', NULL, NULL, (to_timestamp(1765756800))::timestamp(3), FALSE, NULL, (to_timestamp(1775117051.079))::timestamp(3), (to_timestamp(1775117051.079))::timestamp(3));
INSERT INTO "Order" ("id", "number", "organizationId", "customerId", "deliverySiteId", "billingSiteId", "status", "totalHt", "totalTva", "totalTtc", "notes", "internalNotes", "createdById", "approvedById", "approvedAt", "requestedDeliveryDate", "isInvoiced", "cancellationReason", "createdAt", "updatedAt") VALUES ('cmnh6uyo2009ftgma32ngr9x2', 'ORD-2025-0002', 'cmnh6uvha0007tgmakp0p2vac', 'cmnh6uxs60047tgmax51mz5sz', 'cmnh6uxsn0049tgma91bd18cs', 'cmnh6uxsn0049tgma91bd18cs', 'PENDING_APPROVAL', 144.35, 15.81, 160.16, 'Commande seed', 'Interne seed', 'cmnh6uwlr000btgmakkfmr5xo', NULL, NULL, (to_timestamp(1765756800))::timestamp(3), FALSE, NULL, (to_timestamp(1775117051.138))::timestamp(3), (to_timestamp(1775117051.138))::timestamp(3));
INSERT INTO "Order" ("id", "number", "organizationId", "customerId", "deliverySiteId", "billingSiteId", "status", "totalHt", "totalTva", "totalTtc", "notes", "internalNotes", "createdById", "approvedById", "approvedAt", "requestedDeliveryDate", "isInvoiced", "cancellationReason", "createdAt", "updatedAt") VALUES ('cmnh6uypu009rtgmardfiaaqr', 'ORD-2025-0003', 'cmnh6uvha0007tgmakp0p2vac', 'cmnh6uxt9004dtgmabt8zur75', 'cmnh6uxtl004ftgmavhq35htc', 'cmnh6uxtl004ftgmavhq35htc', 'CONFIRMED', 164.24, 19.46, 183.7, 'Commande seed', 'Interne seed', 'cmnh6ux46000dtgmatt490b1y', 'cmnh6uw2s0009tgmaht4v30yh', (to_timestamp(1775117051.193))::timestamp(3), (to_timestamp(1765756800))::timestamp(3), FALSE, NULL, (to_timestamp(1775117051.202))::timestamp(3), (to_timestamp(1775117051.202))::timestamp(3));
INSERT INTO "Order" ("id", "number", "organizationId", "customerId", "deliverySiteId", "billingSiteId", "status", "totalHt", "totalTva", "totalTtc", "notes", "internalNotes", "createdById", "approvedById", "approvedAt", "requestedDeliveryDate", "isInvoiced", "cancellationReason", "createdAt", "updatedAt") VALUES ('cmnh6uyrz00a5tgmai5kwbtqr', 'ORD-2025-0004', 'cmnh6uvha0007tgmakp0p2vac', 'cmnh6uxuh004ltgmafhncguld', 'cmnh6uxuw004ntgma9kl63f7c', 'cmnh6uxuw004ntgma9kl63f7c', 'IN_PREPARATION', 184.13, 16.78, 200.91, 'Commande seed', 'Interne seed', 'cmnh6uw2s0009tgmaht4v30yh', 'cmnh6uw2s0009tgmaht4v30yh', (to_timestamp(1775117051.271))::timestamp(3), (to_timestamp(1765756800))::timestamp(3), FALSE, NULL, (to_timestamp(1775117051.279))::timestamp(3), (to_timestamp(1775117051.279))::timestamp(3));
INSERT INTO "Order" ("id", "number", "organizationId", "customerId", "deliverySiteId", "billingSiteId", "status", "totalHt", "totalTva", "totalTtc", "notes", "internalNotes", "createdById", "approvedById", "approvedAt", "requestedDeliveryDate", "isInvoiced", "cancellationReason", "createdAt", "updatedAt") VALUES ('cmnh6uyue00altgma6i1ylrc9', 'ORD-2025-0005', 'cmnh6uvha0007tgmakp0p2vac', 'cmnh6uxvj004rtgmauleo32qi', 'cmnh6uxw9004ttgmamyq1n47g', 'cmnh6uxw9004ttgmamyq1n47g', 'SHIPPED', 204.02, 8.98, 213, 'Commande seed', 'Interne seed', 'cmnh6uwlr000btgmakkfmr5xo', 'cmnh6uw2s0009tgmaht4v30yh', (to_timestamp(1775117051.358))::timestamp(3), (to_timestamp(1765756800))::timestamp(3), FALSE, NULL, (to_timestamp(1775117051.367))::timestamp(3), (to_timestamp(1775117051.367))::timestamp(3));
INSERT INTO "Order" ("id", "number", "organizationId", "customerId", "deliverySiteId", "billingSiteId", "status", "totalHt", "totalTva", "totalTtc", "notes", "internalNotes", "createdById", "approvedById", "approvedAt", "requestedDeliveryDate", "isInvoiced", "cancellationReason", "createdAt", "updatedAt") VALUES ('cmnh6uyxa00b3tgmauuposn0h', 'ORD-2025-0006', 'cmnh6uvha0007tgmakp0p2vac', 'cmnh6uxqd003ztgmakc7irewt', 'cmnh6uxqp0041tgma222midms', 'cmnh6uxqp0041tgma222midms', 'DELIVERED', 223.91, 3.42, 227.33, 'Commande seed', 'Interne seed', 'cmnh6ux46000dtgmatt490b1y', 'cmnh6uw2s0009tgmaht4v30yh', (to_timestamp(1775117051.46))::timestamp(3), (to_timestamp(1765756800))::timestamp(3), FALSE, NULL, (to_timestamp(1775117051.469))::timestamp(3), (to_timestamp(1775117051.469))::timestamp(3));
INSERT INTO "Order" ("id", "number", "organizationId", "customerId", "deliverySiteId", "billingSiteId", "status", "totalHt", "totalTva", "totalTtc", "notes", "internalNotes", "createdById", "approvedById", "approvedAt", "requestedDeliveryDate", "isInvoiced", "cancellationReason", "createdAt", "updatedAt") VALUES ('cmnh6uz0j00bntgma1ui4h9wv', 'ORD-2025-0007', 'cmnh6uvha0007tgmakp0p2vac', 'cmnh6uxs60047tgmax51mz5sz', 'cmnh6uxsn0049tgma91bd18cs', 'cmnh6uxsn0049tgma91bd18cs', 'CANCELLED', 243.8, 25.86, 269.66, 'Commande seed', 'Interne seed', 'cmnh6uw2s0009tgmaht4v30yh', NULL, NULL, (to_timestamp(1765756800))::timestamp(3), FALSE, 'Annulee seed', (to_timestamp(1775117051.587))::timestamp(3), (to_timestamp(1775117051.587))::timestamp(3));
INSERT INTO "Order" ("id", "number", "organizationId", "customerId", "deliverySiteId", "billingSiteId", "status", "totalHt", "totalTva", "totalTtc", "notes", "internalNotes", "createdById", "approvedById", "approvedAt", "requestedDeliveryDate", "isInvoiced", "cancellationReason", "createdAt", "updatedAt") VALUES ('cmnh6uz2i00c1tgma23hw9jmk', 'ORD-2025-0008', 'cmnh6uvha0007tgmakp0p2vac', 'cmnh6uxt9004dtgmabt8zur75', 'cmnh6uxtl004ftgmavhq35htc', 'cmnh6uxtl004ftgmavhq35htc', 'DRAFT', 263.69, 31.11, 294.8, 'Commande seed', 'Interne seed', 'cmnh6uwlr000btgmakkfmr5xo', NULL, NULL, (to_timestamp(1765756800))::timestamp(3), FALSE, NULL, (to_timestamp(1775117051.659))::timestamp(3), (to_timestamp(1775117051.659))::timestamp(3));
INSERT INTO "Order" ("id", "number", "organizationId", "customerId", "deliverySiteId", "billingSiteId", "status", "totalHt", "totalTva", "totalTtc", "notes", "internalNotes", "createdById", "approvedById", "approvedAt", "requestedDeliveryDate", "isInvoiced", "cancellationReason", "createdAt", "updatedAt") VALUES ('cmnh6uz4200cbtgmar7th23qv', 'ORD-2025-0009', 'cmnh6uvha0007tgmakp0p2vac', 'cmnh6uxuh004ltgmafhncguld', 'cmnh6uxuw004ntgma9kl63f7c', 'cmnh6uxuw004ntgma9kl63f7c', 'PENDING_APPROVAL', 283.58, 26.24, 309.82, 'Commande seed', 'Interne seed', 'cmnh6ux46000dtgmatt490b1y', NULL, NULL, (to_timestamp(1765756800))::timestamp(3), FALSE, NULL, (to_timestamp(1775117051.714))::timestamp(3), (to_timestamp(1775117051.714))::timestamp(3));
INSERT INTO "Order" ("id", "number", "organizationId", "customerId", "deliverySiteId", "billingSiteId", "status", "totalHt", "totalTva", "totalTtc", "notes", "internalNotes", "createdById", "approvedById", "approvedAt", "requestedDeliveryDate", "isInvoiced", "cancellationReason", "createdAt", "updatedAt") VALUES ('cmnh6uz6b00cntgma2hmx53hw', 'ORD-2025-0010', 'cmnh6uvha0007tgmakp0p2vac', 'cmnh6uxvj004rtgmauleo32qi', 'cmnh6uxw9004ttgmamyq1n47g', 'cmnh6uxw9004ttgmamyq1n47g', 'CONFIRMED', 303.47, 13.57, 317.04, 'Commande seed', 'Interne seed', 'cmnh6uw2s0009tgmaht4v30yh', 'cmnh6uw2s0009tgmaht4v30yh', (to_timestamp(1775117051.787))::timestamp(3), (to_timestamp(1765756800))::timestamp(3), FALSE, NULL, (to_timestamp(1775117051.795))::timestamp(3), (to_timestamp(1775117051.795))::timestamp(3));
INSERT INTO "Order" ("id", "number", "organizationId", "customerId", "deliverySiteId", "billingSiteId", "status", "totalHt", "totalTva", "totalTtc", "notes", "internalNotes", "createdById", "approvedById", "approvedAt", "requestedDeliveryDate", "isInvoiced", "cancellationReason", "createdAt", "updatedAt") VALUES ('cmnk0wlzm000266f80n4k6iys', 'ORD-2026-0001', 'cmnhay2dx0009cbcbf7fu3dzf', 'cmnk07nuw000111xpjrwfv9lk', 'cmnk07nuw000311xpmaa386wz', 'cmnk07nuw000311xpmaa386wz', 'CONFIRMED', 1179.7, 235.9399999999998, 1415.64, NULL, NULL, 'cmnhay2eg000bcbcbbnr61vdm', 'cmnhay2eg000bcbcbbnr61vdm', (to_timestamp(1775292101.039))::timestamp(3), NULL, TRUE, NULL, (to_timestamp(1775288448.85))::timestamp(3), (to_timestamp(1775732962.227))::timestamp(3));
INSERT INTO "Order" ("id", "number", "organizationId", "customerId", "deliverySiteId", "billingSiteId", "status", "totalHt", "totalTva", "totalTtc", "notes", "internalNotes", "createdById", "approvedById", "approvedAt", "requestedDeliveryDate", "isInvoiced", "cancellationReason", "createdAt", "updatedAt") VALUES ('cmnoi3xg00002108jw8tucnv4', 'ORD-2026-0002', 'cmnhay2dx0009cbcbf7fu3dzf', 'cmnk07nuw000111xpjrwfv9lk', 'cmnk07nuw000311xpmaa386wz', 'cmnk07nuw000311xpmaa386wz', 'IN_PREPARATION', 37.4, 7.480000000000004, 44.88, NULL, NULL, 'cmnhay2eg000bcbcbbnr61vdm', NULL, NULL, NULL, FALSE, NULL, (to_timestamp(1775559208.462))::timestamp(3), (to_timestamp(1775752256.197))::timestamp(3));
INSERT INTO "Order" ("id", "number", "organizationId", "customerId", "deliverySiteId", "billingSiteId", "status", "totalHt", "totalTva", "totalTtc", "notes", "internalNotes", "createdById", "approvedById", "approvedAt", "requestedDeliveryDate", "isInvoiced", "cancellationReason", "createdAt", "updatedAt") VALUES ('cmnq3swcf0002og51pizfd4fc', 'ORD-2026-0003', 'cmnhay2dx0009cbcbf7fu3dzf', 'cmnk07nuw000111xpjrwfv9lk', 'cmnk07nuw000311xpmaa386wz', 'cmnk07nuw000311xpmaa386wz', 'CANCELLED', 3.4, 0.6800000000000002, 4.08, NULL, NULL, 'cmnhay2eg000bcbcbbnr61vdm', NULL, NULL, NULL, FALSE, 'rupture de stock', (to_timestamp(1775656111.549))::timestamp(3), (to_timestamp(1775656329.921))::timestamp(3));
INSERT INTO "Order" ("id", "number", "organizationId", "customerId", "deliverySiteId", "billingSiteId", "status", "totalHt", "totalTva", "totalTtc", "notes", "internalNotes", "createdById", "approvedById", "approvedAt", "requestedDeliveryDate", "isInvoiced", "cancellationReason", "createdAt", "updatedAt") VALUES ('cmnqdovpd000hog51yi338fxq', 'ORD-2026-0004', 'cmnhay2dx0009cbcbf7fu3dzf', 'cmnk07nuw000111xpjrwfv9lk', 'cmnk07nuw000311xpmaa386wz', 'cmnk07nuw000411xpnlcy5lsk', 'PENDING_APPROVAL', 8.7, 1.74, 10.44, NULL, NULL, 'cmnhay2eg000bcbcbbnr61vdm', NULL, NULL, NULL, FALSE, NULL, (to_timestamp(1775672720.255))::timestamp(3), (to_timestamp(1775672720.255))::timestamp(3));
INSERT INTO "OrderLine" ("id", "organizationId", "orderId", "productId", "productNameSnapshot", "productSkuSnapshot", "quantity", "unitPriceHt", "discountPercent", "vatRate", "lineTotalHt", "lineTotalTtc", "sortOrder", "createdAt", "updatedAt") VALUES ('cmnh6uy0w005btgma6hc3c0hb', 'cmnh6utu50000tgma77zj2g7h', 'cmnh6uy0i0059tgmacsvspvl6', NULL, 'Produit 2', 'SKU-00002', 2, 8.4, 0, 5.5, 16.8, 17.72, 1, (to_timestamp(1775117050.304))::timestamp(3), (to_timestamp(1775117050.304))::timestamp(3));
INSERT INTO "OrderLine" ("id", "organizationId", "orderId", "productId", "productNameSnapshot", "productSkuSnapshot", "quantity", "unitPriceHt", "discountPercent", "vatRate", "lineTotalHt", "lineTotalTtc", "sortOrder", "createdAt", "updatedAt") VALUES ('cmnh6uy15005dtgmac3hty7xc', 'cmnh6utu50000tgma77zj2g7h', 'cmnh6uy0i0059tgmacsvspvl6', NULL, 'Produit 3', 'SKU-00003', 4, 10.1, 0, 2.1, 40.4, 41.25, 2, (to_timestamp(1775117050.313))::timestamp(3), (to_timestamp(1775117050.313))::timestamp(3));
INSERT INTO "OrderLine" ("id", "organizationId", "orderId", "productId", "productNameSnapshot", "productSkuSnapshot", "quantity", "unitPriceHt", "discountPercent", "vatRate", "lineTotalHt", "lineTotalTtc", "sortOrder", "createdAt", "updatedAt") VALUES ('cmnh6uy1g005ftgma5goym6cl', 'cmnh6utu50000tgma77zj2g7h', 'cmnh6uy0i0059tgmacsvspvl6', NULL, 'Produit 4', 'SKU-00004', 6, 11.8, 5, 0, 67.26, 67.26, 3, (to_timestamp(1775117050.324))::timestamp(3), (to_timestamp(1775117050.324))::timestamp(3));
INSERT INTO "OrderLine" ("id", "organizationId", "orderId", "productId", "productNameSnapshot", "productSkuSnapshot", "quantity", "unitPriceHt", "discountPercent", "vatRate", "lineTotalHt", "lineTotalTtc", "sortOrder", "createdAt", "updatedAt") VALUES ('cmnh6uy2f005ltgmaalbfl8zs', 'cmnh6utu50000tgma77zj2g7h', 'cmnh6uy22005jtgma78xlmglj', NULL, 'Produit 3', 'SKU-00003', 2, 10.1, 0, 2.1, 20.2, 20.62, 1, (to_timestamp(1775117050.359))::timestamp(3), (to_timestamp(1775117050.359))::timestamp(3));
INSERT INTO "OrderLine" ("id", "organizationId", "orderId", "productId", "productNameSnapshot", "productSkuSnapshot", "quantity", "unitPriceHt", "discountPercent", "vatRate", "lineTotalHt", "lineTotalTtc", "sortOrder", "createdAt", "updatedAt") VALUES ('cmnh6uy2r005ntgma2wikg4l9', 'cmnh6utu50000tgma77zj2g7h', 'cmnh6uy22005jtgma78xlmglj', NULL, 'Produit 4', 'SKU-00004', 4, 11.8, 0, 0, 47.2, 47.2, 2, (to_timestamp(1775117050.371))::timestamp(3), (to_timestamp(1775117050.371))::timestamp(3));
INSERT INTO "OrderLine" ("id", "organizationId", "orderId", "productId", "productNameSnapshot", "productSkuSnapshot", "quantity", "unitPriceHt", "discountPercent", "vatRate", "lineTotalHt", "lineTotalTtc", "sortOrder", "createdAt", "updatedAt") VALUES ('cmnh6uy30005ptgmambg2ck00', 'cmnh6utu50000tgma77zj2g7h', 'cmnh6uy22005jtgma78xlmglj', NULL, 'Produit 5', 'SKU-00005', 6, 13.5, 5, 20, 76.95, 92.34, 3, (to_timestamp(1775117050.381))::timestamp(3), (to_timestamp(1775117050.381))::timestamp(3));
INSERT INTO "OrderLine" ("id", "organizationId", "orderId", "productId", "productNameSnapshot", "productSkuSnapshot", "quantity", "unitPriceHt", "discountPercent", "vatRate", "lineTotalHt", "lineTotalTtc", "sortOrder", "createdAt", "updatedAt") VALUES ('cmnh6uy4a005xtgmaff8rvulf', 'cmnh6utu50000tgma77zj2g7h', 'cmnh6uy3x005vtgmay5hds98y', NULL, 'Produit 4', 'SKU-00004', 2, 11.8, 0, 0, 23.6, 23.6, 1, (to_timestamp(1775117050.426))::timestamp(3), (to_timestamp(1775117050.426))::timestamp(3));
INSERT INTO "OrderLine" ("id", "organizationId", "orderId", "productId", "productNameSnapshot", "productSkuSnapshot", "quantity", "unitPriceHt", "discountPercent", "vatRate", "lineTotalHt", "lineTotalTtc", "sortOrder", "createdAt", "updatedAt") VALUES ('cmnh6uy4q005ztgmachnbljxx', 'cmnh6utu50000tgma77zj2g7h', 'cmnh6uy3x005vtgmay5hds98y', NULL, 'Produit 5', 'SKU-00005', 4, 13.5, 0, 20, 54, 64.8, 2, (to_timestamp(1775117050.443))::timestamp(3), (to_timestamp(1775117050.443))::timestamp(3));
INSERT INTO "OrderLine" ("id", "organizationId", "orderId", "productId", "productNameSnapshot", "productSkuSnapshot", "quantity", "unitPriceHt", "discountPercent", "vatRate", "lineTotalHt", "lineTotalTtc", "sortOrder", "createdAt", "updatedAt") VALUES ('cmnh6uy520061tgma60mdfs8x', 'cmnh6utu50000tgma77zj2g7h', 'cmnh6uy3x005vtgmay5hds98y', NULL, 'Produit 6', 'SKU-00006', 6, 15.2, 5, 10, 86.64, 95.3, 3, (to_timestamp(1775117050.454))::timestamp(3), (to_timestamp(1775117050.454))::timestamp(3));
INSERT INTO "OrderLine" ("id", "organizationId", "orderId", "productId", "productNameSnapshot", "productSkuSnapshot", "quantity", "unitPriceHt", "discountPercent", "vatRate", "lineTotalHt", "lineTotalTtc", "sortOrder", "createdAt", "updatedAt") VALUES ('cmnh6uy6j006btgmazrcnyz5g', 'cmnh6utu50000tgma77zj2g7h', 'cmnh6uy660069tgmazqpnt4ts', NULL, 'Produit 5', 'SKU-00005', 2, 13.5, 0, 20, 27, 32.4, 1, (to_timestamp(1775117050.507))::timestamp(3), (to_timestamp(1775117050.507))::timestamp(3));
INSERT INTO "OrderLine" ("id", "organizationId", "orderId", "productId", "productNameSnapshot", "productSkuSnapshot", "quantity", "unitPriceHt", "discountPercent", "vatRate", "lineTotalHt", "lineTotalTtc", "sortOrder", "createdAt", "updatedAt") VALUES ('cmnh6uy6u006dtgma5jtqeb78', 'cmnh6utu50000tgma77zj2g7h', 'cmnh6uy660069tgmazqpnt4ts', NULL, 'Produit 6', 'SKU-00006', 4, 15.2, 0, 10, 60.8, 66.88, 2, (to_timestamp(1775117050.518))::timestamp(3), (to_timestamp(1775117050.518))::timestamp(3));
INSERT INTO "OrderLine" ("id", "organizationId", "orderId", "productId", "productNameSnapshot", "productSkuSnapshot", "quantity", "unitPriceHt", "discountPercent", "vatRate", "lineTotalHt", "lineTotalTtc", "sortOrder", "createdAt", "updatedAt") VALUES ('cmnh6uy75006ftgmax11kneas', 'cmnh6utu50000tgma77zj2g7h', 'cmnh6uy660069tgmazqpnt4ts', NULL, 'Produit 7', 'SKU-00007', 6, 16.9, 5, 5.5, 96.33, 101.63, 3, (to_timestamp(1775117050.529))::timestamp(3), (to_timestamp(1775117050.529))::timestamp(3));
INSERT INTO "OrderLine" ("id", "organizationId", "orderId", "productId", "productNameSnapshot", "productSkuSnapshot", "quantity", "unitPriceHt", "discountPercent", "vatRate", "lineTotalHt", "lineTotalTtc", "sortOrder", "createdAt", "updatedAt") VALUES ('cmnh6uy91006rtgmalvq9ez0n', 'cmnh6utu50000tgma77zj2g7h', 'cmnh6uy8q006ptgma2ijjxlqn', NULL, 'Produit 6', 'SKU-00006', 2, 15.2, 0, 10, 30.4, 33.44, 1, (to_timestamp(1775117050.597))::timestamp(3), (to_timestamp(1775117050.597))::timestamp(3));
INSERT INTO "OrderLine" ("id", "organizationId", "orderId", "productId", "productNameSnapshot", "productSkuSnapshot", "quantity", "unitPriceHt", "discountPercent", "vatRate", "lineTotalHt", "lineTotalTtc", "sortOrder", "createdAt", "updatedAt") VALUES ('cmnh6uy9d006ttgmaeedpoetm', 'cmnh6utu50000tgma77zj2g7h', 'cmnh6uy8q006ptgma2ijjxlqn', NULL, 'Produit 7', 'SKU-00007', 4, 16.9, 0, 5.5, 67.6, 71.32, 2, (to_timestamp(1775117050.609))::timestamp(3), (to_timestamp(1775117050.609))::timestamp(3));
INSERT INTO "OrderLine" ("id", "organizationId", "orderId", "productId", "productNameSnapshot", "productSkuSnapshot", "quantity", "unitPriceHt", "discountPercent", "vatRate", "lineTotalHt", "lineTotalTtc", "sortOrder", "createdAt", "updatedAt") VALUES ('cmnh6uy9o006vtgmagu42y057', 'cmnh6utu50000tgma77zj2g7h', 'cmnh6uy8q006ptgma2ijjxlqn', NULL, 'Produit 8', 'SKU-00008', 6, 18.6, 5, 2.1, 106.02, 108.25, 3, (to_timestamp(1775117050.62))::timestamp(3), (to_timestamp(1775117050.62))::timestamp(3));
INSERT INTO "OrderLine" ("id", "organizationId", "orderId", "productId", "productNameSnapshot", "productSkuSnapshot", "quantity", "unitPriceHt", "discountPercent", "vatRate", "lineTotalHt", "lineTotalTtc", "sortOrder", "createdAt", "updatedAt") VALUES ('cmnh6uybn0079tgmaqwfrpj3l', 'cmnh6utu50000tgma77zj2g7h', 'cmnh6uybb0077tgmasgjfhdtm', NULL, 'Produit 7', 'SKU-00007', 2, 16.9, 0, 5.5, 33.8, 35.66, 1, (to_timestamp(1775117050.692))::timestamp(3), (to_timestamp(1775117050.692))::timestamp(3));
INSERT INTO "OrderLine" ("id", "organizationId", "orderId", "productId", "productNameSnapshot", "productSkuSnapshot", "quantity", "unitPriceHt", "discountPercent", "vatRate", "lineTotalHt", "lineTotalTtc", "sortOrder", "createdAt", "updatedAt") VALUES ('cmnh6uyc0007btgma2241n4wr', 'cmnh6utu50000tgma77zj2g7h', 'cmnh6uybb0077tgmasgjfhdtm', NULL, 'Produit 8', 'SKU-00008', 4, 18.6, 0, 2.1, 74.4, 75.96, 2, (to_timestamp(1775117050.704))::timestamp(3), (to_timestamp(1775117050.704))::timestamp(3));
INSERT INTO "OrderLine" ("id", "organizationId", "orderId", "productId", "productNameSnapshot", "productSkuSnapshot", "quantity", "unitPriceHt", "discountPercent", "vatRate", "lineTotalHt", "lineTotalTtc", "sortOrder", "createdAt", "updatedAt") VALUES ('cmnh6uyca007dtgmaly50bcyb', 'cmnh6utu50000tgma77zj2g7h', 'cmnh6uybb0077tgmasgjfhdtm', NULL, 'Produit 9', 'SKU-00009', 6, 20.3, 5, 0, 115.71, 115.71, 3, (to_timestamp(1775117050.714))::timestamp(3), (to_timestamp(1775117050.714))::timestamp(3));
INSERT INTO "OrderLine" ("id", "organizationId", "orderId", "productId", "productNameSnapshot", "productSkuSnapshot", "quantity", "unitPriceHt", "discountPercent", "vatRate", "lineTotalHt", "lineTotalTtc", "sortOrder", "createdAt", "updatedAt") VALUES ('cmnh6uyer007ttgma1o3js9kc', 'cmnh6utu50000tgma77zj2g7h', 'cmnh6uyee007rtgmaczz6cpcv', NULL, 'Produit 8', 'SKU-00008', 2, 18.6, 0, 2.1, 37.2, 37.98, 1, (to_timestamp(1775117050.803))::timestamp(3), (to_timestamp(1775117050.803))::timestamp(3));
INSERT INTO "OrderLine" ("id", "organizationId", "orderId", "productId", "productNameSnapshot", "productSkuSnapshot", "quantity", "unitPriceHt", "discountPercent", "vatRate", "lineTotalHt", "lineTotalTtc", "sortOrder", "createdAt", "updatedAt") VALUES ('cmnh6uyf0007vtgma8qo396mt', 'cmnh6utu50000tgma77zj2g7h', 'cmnh6uyee007rtgmaczz6cpcv', NULL, 'Produit 9', 'SKU-00009', 4, 20.3, 0, 0, 81.2, 81.2, 2, (to_timestamp(1775117050.812))::timestamp(3), (to_timestamp(1775117050.812))::timestamp(3));
INSERT INTO "OrderLine" ("id", "organizationId", "orderId", "productId", "productNameSnapshot", "productSkuSnapshot", "quantity", "unitPriceHt", "discountPercent", "vatRate", "lineTotalHt", "lineTotalTtc", "sortOrder", "createdAt", "updatedAt") VALUES ('cmnh6uyfa007xtgmai6te06hs', 'cmnh6utu50000tgma77zj2g7h', 'cmnh6uyee007rtgmaczz6cpcv', NULL, 'Produit 10', 'SKU-00010', 6, 22, 5, 20, 125.4, 150.48, 3, (to_timestamp(1775117050.822))::timestamp(3), (to_timestamp(1775117050.822))::timestamp(3));
INSERT INTO "OrderLine" ("id", "organizationId", "orderId", "productId", "productNameSnapshot", "productSkuSnapshot", "quantity", "unitPriceHt", "discountPercent", "vatRate", "lineTotalHt", "lineTotalTtc", "sortOrder", "createdAt", "updatedAt") VALUES ('cmnh6uygw0087tgmawj46h15h', 'cmnh6utu50000tgma77zj2g7h', 'cmnh6uygd0085tgmadymowvwh', NULL, 'Produit 9', 'SKU-00009', 2, 20.3, 0, 0, 40.6, 40.6, 1, (to_timestamp(1775117050.88))::timestamp(3), (to_timestamp(1775117050.88))::timestamp(3));
INSERT INTO "OrderLine" ("id", "organizationId", "orderId", "productId", "productNameSnapshot", "productSkuSnapshot", "quantity", "unitPriceHt", "discountPercent", "vatRate", "lineTotalHt", "lineTotalTtc", "sortOrder", "createdAt", "updatedAt") VALUES ('cmnh6uyh70089tgma8vfb4bms', 'cmnh6utu50000tgma77zj2g7h', 'cmnh6uygd0085tgmadymowvwh', NULL, 'Produit 10', 'SKU-00010', 4, 22, 0, 20, 88, 105.6, 2, (to_timestamp(1775117050.892))::timestamp(3), (to_timestamp(1775117050.892))::timestamp(3));
INSERT INTO "OrderLine" ("id", "organizationId", "orderId", "productId", "productNameSnapshot", "productSkuSnapshot", "quantity", "unitPriceHt", "discountPercent", "vatRate", "lineTotalHt", "lineTotalTtc", "sortOrder", "createdAt", "updatedAt") VALUES ('cmnh6uyhj008btgmazxlidgxr', 'cmnh6utu50000tgma77zj2g7h', 'cmnh6uygd0085tgmadymowvwh', NULL, 'Produit 11', 'SKU-00011', 6, 23.7, 5, 10, 135.09, 148.6, 3, (to_timestamp(1775117050.903))::timestamp(3), (to_timestamp(1775117050.903))::timestamp(3));
INSERT INTO "OrderLine" ("id", "organizationId", "orderId", "productId", "productNameSnapshot", "productSkuSnapshot", "quantity", "unitPriceHt", "discountPercent", "vatRate", "lineTotalHt", "lineTotalTtc", "sortOrder", "createdAt", "updatedAt") VALUES ('cmnh6uyin008htgmaa4zw63zm', 'cmnh6utu50000tgma77zj2g7h', 'cmnh6uyib008ftgma81n981vd', NULL, 'Produit 10', 'SKU-00010', 2, 22, 0, 20, 44, 52.8, 1, (to_timestamp(1775117050.943))::timestamp(3), (to_timestamp(1775117050.943))::timestamp(3));
INSERT INTO "OrderLine" ("id", "organizationId", "orderId", "productId", "productNameSnapshot", "productSkuSnapshot", "quantity", "unitPriceHt", "discountPercent", "vatRate", "lineTotalHt", "lineTotalTtc", "sortOrder", "createdAt", "updatedAt") VALUES ('cmnh6uyix008jtgmaf3lilp5t', 'cmnh6utu50000tgma77zj2g7h', 'cmnh6uyib008ftgma81n981vd', NULL, 'Produit 11', 'SKU-00011', 4, 23.7, 0, 10, 94.8, 104.28, 2, (to_timestamp(1775117050.953))::timestamp(3), (to_timestamp(1775117050.953))::timestamp(3));
INSERT INTO "OrderLine" ("id", "organizationId", "orderId", "productId", "productNameSnapshot", "productSkuSnapshot", "quantity", "unitPriceHt", "discountPercent", "vatRate", "lineTotalHt", "lineTotalTtc", "sortOrder", "createdAt", "updatedAt") VALUES ('cmnh6uyj6008ltgma7k56dbsp', 'cmnh6utu50000tgma77zj2g7h', 'cmnh6uyib008ftgma81n981vd', NULL, 'Produit 12', 'SKU-00012', 6, 25.4, 5, 5.5, 144.78, 152.74, 3, (to_timestamp(1775117050.962))::timestamp(3), (to_timestamp(1775117050.962))::timestamp(3));
INSERT INTO "OrderLine" ("id", "organizationId", "orderId", "productId", "productNameSnapshot", "productSkuSnapshot", "quantity", "unitPriceHt", "discountPercent", "vatRate", "lineTotalHt", "lineTotalTtc", "sortOrder", "createdAt", "updatedAt") VALUES ('cmnh6uyki008ttgma21hs0ie0', 'cmnh6utu50000tgma77zj2g7h', 'cmnh6uyk6008rtgma5vqmed3p', NULL, 'Produit 11', 'SKU-00011', 2, 23.7, 0, 10, 47.4, 52.14, 1, (to_timestamp(1775117051.011))::timestamp(3), (to_timestamp(1775117051.011))::timestamp(3));
INSERT INTO "OrderLine" ("id", "organizationId", "orderId", "productId", "productNameSnapshot", "productSkuSnapshot", "quantity", "unitPriceHt", "discountPercent", "vatRate", "lineTotalHt", "lineTotalTtc", "sortOrder", "createdAt", "updatedAt") VALUES ('cmnh6uykv008vtgmaesgv6rpj', 'cmnh6utu50000tgma77zj2g7h', 'cmnh6uyk6008rtgma5vqmed3p', NULL, 'Produit 12', 'SKU-00012', 4, 25.4, 0, 5.5, 101.6, 107.19, 2, (to_timestamp(1775117051.024))::timestamp(3), (to_timestamp(1775117051.024))::timestamp(3));
INSERT INTO "OrderLine" ("id", "organizationId", "orderId", "productId", "productNameSnapshot", "productSkuSnapshot", "quantity", "unitPriceHt", "discountPercent", "vatRate", "lineTotalHt", "lineTotalTtc", "sortOrder", "createdAt", "updatedAt") VALUES ('cmnh6uyl7008xtgma6tj67sjp', 'cmnh6utu50000tgma77zj2g7h', 'cmnh6uyk6008rtgma5vqmed3p', NULL, 'Produit 13', 'SKU-00013', 6, 27.1, 5, 2.1, 154.47, 157.71, 3, (to_timestamp(1775117051.035))::timestamp(3), (to_timestamp(1775117051.035))::timestamp(3));
INSERT INTO "OrderLine" ("id", "organizationId", "orderId", "productId", "productNameSnapshot", "productSkuSnapshot", "quantity", "unitPriceHt", "discountPercent", "vatRate", "lineTotalHt", "lineTotalTtc", "sortOrder", "createdAt", "updatedAt") VALUES ('cmnh6uymv0097tgmaph86jrrz', 'cmnh6uvha0007tgmakp0p2vac', 'cmnh6uymf0095tgma9o2jkm4n', 'cmnh6uxfp0027tgmaqz7kfh7y', 'Produit 2', 'SKU-00002', 2, 8.4, 0, 5.5, 16.8, 17.72, 1, (to_timestamp(1775117051.096))::timestamp(3), (to_timestamp(1775117051.096))::timestamp(3));
INSERT INTO "OrderLine" ("id", "organizationId", "orderId", "productId", "productNameSnapshot", "productSkuSnapshot", "quantity", "unitPriceHt", "discountPercent", "vatRate", "lineTotalHt", "lineTotalTtc", "sortOrder", "createdAt", "updatedAt") VALUES ('cmnh6uyn70099tgma7z5mkzhl', 'cmnh6uvha0007tgmakp0p2vac', 'cmnh6uymf0095tgma9o2jkm4n', 'cmnh6uxg40029tgmae0mf5p0s', 'Produit 3', 'SKU-00003', 4, 10.1, 0, 2.1, 40.4, 41.25, 2, (to_timestamp(1775117051.108))::timestamp(3), (to_timestamp(1775117051.108))::timestamp(3));
INSERT INTO "OrderLine" ("id", "organizationId", "orderId", "productId", "productNameSnapshot", "productSkuSnapshot", "quantity", "unitPriceHt", "discountPercent", "vatRate", "lineTotalHt", "lineTotalTtc", "sortOrder", "createdAt", "updatedAt") VALUES ('cmnh6uynh009btgma4eikr706', 'cmnh6uvha0007tgmakp0p2vac', 'cmnh6uymf0095tgma9o2jkm4n', 'cmnh6uxgi002btgmamr2xtqzk', 'Produit 4', 'SKU-00004', 6, 11.8, 5, 0, 67.26, 67.26, 3, (to_timestamp(1775117051.117))::timestamp(3), (to_timestamp(1775117051.117))::timestamp(3));
INSERT INTO "OrderLine" ("id", "organizationId", "orderId", "productId", "productNameSnapshot", "productSkuSnapshot", "quantity", "unitPriceHt", "discountPercent", "vatRate", "lineTotalHt", "lineTotalTtc", "sortOrder", "createdAt", "updatedAt") VALUES ('cmnh6uyod009htgmawlwmew64', 'cmnh6uvha0007tgmakp0p2vac', 'cmnh6uyo2009ftgma32ngr9x2', 'cmnh6uxg40029tgmae0mf5p0s', 'Produit 3', 'SKU-00003', 2, 10.1, 0, 2.1, 20.2, 20.62, 1, (to_timestamp(1775117051.149))::timestamp(3), (to_timestamp(1775117051.149))::timestamp(3));
INSERT INTO "OrderLine" ("id", "organizationId", "orderId", "productId", "productNameSnapshot", "productSkuSnapshot", "quantity", "unitPriceHt", "discountPercent", "vatRate", "lineTotalHt", "lineTotalTtc", "sortOrder", "createdAt", "updatedAt") VALUES ('cmnh6uyoq009jtgmarfo0bxb5', 'cmnh6uvha0007tgmakp0p2vac', 'cmnh6uyo2009ftgma32ngr9x2', 'cmnh6uxgi002btgmamr2xtqzk', 'Produit 4', 'SKU-00004', 4, 11.8, 0, 0, 47.2, 47.2, 2, (to_timestamp(1775117051.162))::timestamp(3), (to_timestamp(1775117051.162))::timestamp(3));
INSERT INTO "OrderLine" ("id", "organizationId", "orderId", "productId", "productNameSnapshot", "productSkuSnapshot", "quantity", "unitPriceHt", "discountPercent", "vatRate", "lineTotalHt", "lineTotalTtc", "sortOrder", "createdAt", "updatedAt") VALUES ('cmnh6uyp0009ltgma33f742b8', 'cmnh6uvha0007tgmakp0p2vac', 'cmnh6uyo2009ftgma32ngr9x2', 'cmnh6uxgt002dtgma7bfooadv', 'Produit 5', 'SKU-00005', 6, 13.5, 5, 20, 76.95, 92.34, 3, (to_timestamp(1775117051.173))::timestamp(3), (to_timestamp(1775117051.173))::timestamp(3));
INSERT INTO "OrderLine" ("id", "organizationId", "orderId", "productId", "productNameSnapshot", "productSkuSnapshot", "quantity", "unitPriceHt", "discountPercent", "vatRate", "lineTotalHt", "lineTotalTtc", "sortOrder", "createdAt", "updatedAt") VALUES ('cmnh6uyq3009ttgmaea6rg61m', 'cmnh6uvha0007tgmakp0p2vac', 'cmnh6uypu009rtgmardfiaaqr', 'cmnh6uxgi002btgmamr2xtqzk', 'Produit 4', 'SKU-00004', 2, 11.8, 0, 0, 23.6, 23.6, 1, (to_timestamp(1775117051.212))::timestamp(3), (to_timestamp(1775117051.212))::timestamp(3));
INSERT INTO "OrderLine" ("id", "organizationId", "orderId", "productId", "productNameSnapshot", "productSkuSnapshot", "quantity", "unitPriceHt", "discountPercent", "vatRate", "lineTotalHt", "lineTotalTtc", "sortOrder", "createdAt", "updatedAt") VALUES ('cmnh6uyqf009vtgma9hvtrf79', 'cmnh6uvha0007tgmakp0p2vac', 'cmnh6uypu009rtgmardfiaaqr', 'cmnh6uxgt002dtgma7bfooadv', 'Produit 5', 'SKU-00005', 4, 13.5, 0, 20, 54, 64.8, 2, (to_timestamp(1775117051.224))::timestamp(3), (to_timestamp(1775117051.224))::timestamp(3));
INSERT INTO "OrderLine" ("id", "organizationId", "orderId", "productId", "productNameSnapshot", "productSkuSnapshot", "quantity", "unitPriceHt", "discountPercent", "vatRate", "lineTotalHt", "lineTotalTtc", "sortOrder", "createdAt", "updatedAt") VALUES ('cmnh6uyqt009xtgmar0ycsw1p', 'cmnh6uvha0007tgmakp0p2vac', 'cmnh6uypu009rtgmardfiaaqr', 'cmnh6uxh6002ftgmaaupvas9t', 'Produit 6', 'SKU-00006', 6, 15.2, 5, 10, 86.64, 95.3, 3, (to_timestamp(1775117051.237))::timestamp(3), (to_timestamp(1775117051.237))::timestamp(3));
INSERT INTO "OrderLine" ("id", "organizationId", "orderId", "productId", "productNameSnapshot", "productSkuSnapshot", "quantity", "unitPriceHt", "discountPercent", "vatRate", "lineTotalHt", "lineTotalTtc", "sortOrder", "createdAt", "updatedAt") VALUES ('cmnh6uysb00a7tgma6ukhwhxm', 'cmnh6uvha0007tgmakp0p2vac', 'cmnh6uyrz00a5tgmai5kwbtqr', 'cmnh6uxgt002dtgma7bfooadv', 'Produit 5', 'SKU-00005', 2, 13.5, 0, 20, 27, 32.4, 1, (to_timestamp(1775117051.291))::timestamp(3), (to_timestamp(1775117051.291))::timestamp(3));
INSERT INTO "OrderLine" ("id", "organizationId", "orderId", "productId", "productNameSnapshot", "productSkuSnapshot", "quantity", "unitPriceHt", "discountPercent", "vatRate", "lineTotalHt", "lineTotalTtc", "sortOrder", "createdAt", "updatedAt") VALUES ('cmnh6uysn00a9tgmayrdjpgu8', 'cmnh6uvha0007tgmakp0p2vac', 'cmnh6uyrz00a5tgmai5kwbtqr', 'cmnh6uxh6002ftgmaaupvas9t', 'Produit 6', 'SKU-00006', 4, 15.2, 0, 10, 60.8, 66.88, 2, (to_timestamp(1775117051.303))::timestamp(3), (to_timestamp(1775117051.303))::timestamp(3));
INSERT INTO "OrderLine" ("id", "organizationId", "orderId", "productId", "productNameSnapshot", "productSkuSnapshot", "quantity", "unitPriceHt", "discountPercent", "vatRate", "lineTotalHt", "lineTotalTtc", "sortOrder", "createdAt", "updatedAt") VALUES ('cmnh6uysy00abtgma4vzie3cc', 'cmnh6uvha0007tgmakp0p2vac', 'cmnh6uyrz00a5tgmai5kwbtqr', 'cmnh6uxhh002htgmap4li130a', 'Produit 7', 'SKU-00007', 6, 16.9, 5, 5.5, 96.33, 101.63, 3, (to_timestamp(1775117051.314))::timestamp(3), (to_timestamp(1775117051.314))::timestamp(3));
INSERT INTO "OrderLine" ("id", "organizationId", "orderId", "productId", "productNameSnapshot", "productSkuSnapshot", "quantity", "unitPriceHt", "discountPercent", "vatRate", "lineTotalHt", "lineTotalTtc", "sortOrder", "createdAt", "updatedAt") VALUES ('cmnh6uyuq00antgmaug6xx98n', 'cmnh6uvha0007tgmakp0p2vac', 'cmnh6uyue00altgma6i1ylrc9', 'cmnh6uxh6002ftgmaaupvas9t', 'Produit 6', 'SKU-00006', 2, 15.2, 0, 10, 30.4, 33.44, 1, (to_timestamp(1775117051.378))::timestamp(3), (to_timestamp(1775117051.378))::timestamp(3));
INSERT INTO "OrderLine" ("id", "organizationId", "orderId", "productId", "productNameSnapshot", "productSkuSnapshot", "quantity", "unitPriceHt", "discountPercent", "vatRate", "lineTotalHt", "lineTotalTtc", "sortOrder", "createdAt", "updatedAt") VALUES ('cmnh6uyv400aptgmaamdqtufi', 'cmnh6uvha0007tgmakp0p2vac', 'cmnh6uyue00altgma6i1ylrc9', 'cmnh6uxhh002htgmap4li130a', 'Produit 7', 'SKU-00007', 4, 16.9, 0, 5.5, 67.6, 71.32, 2, (to_timestamp(1775117051.392))::timestamp(3), (to_timestamp(1775117051.392))::timestamp(3));
INSERT INTO "OrderLine" ("id", "organizationId", "orderId", "productId", "productNameSnapshot", "productSkuSnapshot", "quantity", "unitPriceHt", "discountPercent", "vatRate", "lineTotalHt", "lineTotalTtc", "sortOrder", "createdAt", "updatedAt") VALUES ('cmnh6uyvh00artgmal70m45q6', 'cmnh6uvha0007tgmakp0p2vac', 'cmnh6uyue00altgma6i1ylrc9', 'cmnh6uxhr002jtgmabzxfvqcu', 'Produit 8', 'SKU-00008', 6, 18.6, 5, 2.1, 106.02, 108.25, 3, (to_timestamp(1775117051.405))::timestamp(3), (to_timestamp(1775117051.405))::timestamp(3));
INSERT INTO "OrderLine" ("id", "organizationId", "orderId", "productId", "productNameSnapshot", "productSkuSnapshot", "quantity", "unitPriceHt", "discountPercent", "vatRate", "lineTotalHt", "lineTotalTtc", "sortOrder", "createdAt", "updatedAt") VALUES ('cmnh6uyxr00b5tgma0srw1xt1', 'cmnh6uvha0007tgmakp0p2vac', 'cmnh6uyxa00b3tgmauuposn0h', 'cmnh6uxhh002htgmap4li130a', 'Produit 7', 'SKU-00007', 2, 16.9, 0, 5.5, 33.8, 35.66, 1, (to_timestamp(1775117051.487))::timestamp(3), (to_timestamp(1775117051.487))::timestamp(3));
INSERT INTO "OrderLine" ("id", "organizationId", "orderId", "productId", "productNameSnapshot", "productSkuSnapshot", "quantity", "unitPriceHt", "discountPercent", "vatRate", "lineTotalHt", "lineTotalTtc", "sortOrder", "createdAt", "updatedAt") VALUES ('cmnh6uyy000b7tgmad13sbe1u', 'cmnh6uvha0007tgmakp0p2vac', 'cmnh6uyxa00b3tgmauuposn0h', 'cmnh6uxhr002jtgmabzxfvqcu', 'Produit 8', 'SKU-00008', 4, 18.6, 0, 2.1, 74.4, 75.96, 2, (to_timestamp(1775117051.496))::timestamp(3), (to_timestamp(1775117051.496))::timestamp(3));
INSERT INTO "OrderLine" ("id", "organizationId", "orderId", "productId", "productNameSnapshot", "productSkuSnapshot", "quantity", "unitPriceHt", "discountPercent", "vatRate", "lineTotalHt", "lineTotalTtc", "sortOrder", "createdAt", "updatedAt") VALUES ('cmnh6uyyc00b9tgmafbzj2xci', 'cmnh6uvha0007tgmakp0p2vac', 'cmnh6uyxa00b3tgmauuposn0h', 'cmnh6uxi3002ltgmao7hcsez4', 'Produit 9', 'SKU-00009', 6, 20.3, 5, 0, 115.71, 115.71, 3, (to_timestamp(1775117051.508))::timestamp(3), (to_timestamp(1775117051.508))::timestamp(3));
INSERT INTO "OrderLine" ("id", "organizationId", "orderId", "productId", "productNameSnapshot", "productSkuSnapshot", "quantity", "unitPriceHt", "discountPercent", "vatRate", "lineTotalHt", "lineTotalTtc", "sortOrder", "createdAt", "updatedAt") VALUES ('cmnh6uz0t00bptgma558782md', 'cmnh6uvha0007tgmakp0p2vac', 'cmnh6uz0j00bntgma1ui4h9wv', 'cmnh6uxhr002jtgmabzxfvqcu', 'Produit 8', 'SKU-00008', 2, 18.6, 0, 2.1, 37.2, 37.98, 1, (to_timestamp(1775117051.597))::timestamp(3), (to_timestamp(1775117051.597))::timestamp(3));
INSERT INTO "OrderLine" ("id", "organizationId", "orderId", "productId", "productNameSnapshot", "productSkuSnapshot", "quantity", "unitPriceHt", "discountPercent", "vatRate", "lineTotalHt", "lineTotalTtc", "sortOrder", "createdAt", "updatedAt") VALUES ('cmnh6uz1400brtgmammfw2r7f', 'cmnh6uvha0007tgmakp0p2vac', 'cmnh6uz0j00bntgma1ui4h9wv', 'cmnh6uxi3002ltgmao7hcsez4', 'Produit 9', 'SKU-00009', 4, 20.3, 0, 0, 81.2, 81.2, 2, (to_timestamp(1775117051.608))::timestamp(3), (to_timestamp(1775117051.608))::timestamp(3));
INSERT INTO "OrderLine" ("id", "organizationId", "orderId", "productId", "productNameSnapshot", "productSkuSnapshot", "quantity", "unitPriceHt", "discountPercent", "vatRate", "lineTotalHt", "lineTotalTtc", "sortOrder", "createdAt", "updatedAt") VALUES ('cmnh6uz1c00bttgma4w0cg908', 'cmnh6uvha0007tgmakp0p2vac', 'cmnh6uz0j00bntgma1ui4h9wv', 'cmnh6uxie002ntgmaskbkutoq', 'Produit 10', 'SKU-00010', 6, 22, 5, 20, 125.4, 150.48, 3, (to_timestamp(1775117051.616))::timestamp(3), (to_timestamp(1775117051.616))::timestamp(3));
INSERT INTO "OrderLine" ("id", "organizationId", "orderId", "productId", "productNameSnapshot", "productSkuSnapshot", "quantity", "unitPriceHt", "discountPercent", "vatRate", "lineTotalHt", "lineTotalTtc", "sortOrder", "createdAt", "updatedAt") VALUES ('cmnh6uz2u00c3tgma72nn1fgs', 'cmnh6uvha0007tgmakp0p2vac', 'cmnh6uz2i00c1tgma23hw9jmk', 'cmnh6uxi3002ltgmao7hcsez4', 'Produit 9', 'SKU-00009', 2, 20.3, 0, 0, 40.6, 40.6, 1, (to_timestamp(1775117051.671))::timestamp(3), (to_timestamp(1775117051.671))::timestamp(3));
INSERT INTO "OrderLine" ("id", "organizationId", "orderId", "productId", "productNameSnapshot", "productSkuSnapshot", "quantity", "unitPriceHt", "discountPercent", "vatRate", "lineTotalHt", "lineTotalTtc", "sortOrder", "createdAt", "updatedAt") VALUES ('cmnh6uz3600c5tgmaq9jqi28y', 'cmnh6uvha0007tgmakp0p2vac', 'cmnh6uz2i00c1tgma23hw9jmk', 'cmnh6uxie002ntgmaskbkutoq', 'Produit 10', 'SKU-00010', 4, 22, 0, 20, 88, 105.6, 2, (to_timestamp(1775117051.682))::timestamp(3), (to_timestamp(1775117051.682))::timestamp(3));
INSERT INTO "OrderLine" ("id", "organizationId", "orderId", "productId", "productNameSnapshot", "productSkuSnapshot", "quantity", "unitPriceHt", "discountPercent", "vatRate", "lineTotalHt", "lineTotalTtc", "sortOrder", "createdAt", "updatedAt") VALUES ('cmnh6uz3i00c7tgmaznsa5krg', 'cmnh6uvha0007tgmakp0p2vac', 'cmnh6uz2i00c1tgma23hw9jmk', 'cmnh6uxir002ptgmasvi6exfd', 'Produit 11', 'SKU-00011', 6, 23.7, 5, 10, 135.09, 148.6, 3, (to_timestamp(1775117051.694))::timestamp(3), (to_timestamp(1775117051.694))::timestamp(3));
INSERT INTO "OrderLine" ("id", "organizationId", "orderId", "productId", "productNameSnapshot", "productSkuSnapshot", "quantity", "unitPriceHt", "discountPercent", "vatRate", "lineTotalHt", "lineTotalTtc", "sortOrder", "createdAt", "updatedAt") VALUES ('cmnh6uz4g00cdtgma0fvzrb3i', 'cmnh6uvha0007tgmakp0p2vac', 'cmnh6uz4200cbtgmar7th23qv', 'cmnh6uxie002ntgmaskbkutoq', 'Produit 10', 'SKU-00010', 2, 22, 0, 20, 44, 52.8, 1, (to_timestamp(1775117051.728))::timestamp(3), (to_timestamp(1775117051.728))::timestamp(3));
INSERT INTO "OrderLine" ("id", "organizationId", "orderId", "productId", "productNameSnapshot", "productSkuSnapshot", "quantity", "unitPriceHt", "discountPercent", "vatRate", "lineTotalHt", "lineTotalTtc", "sortOrder", "createdAt", "updatedAt") VALUES ('cmnh6uz4t00cftgma1pmgnem4', 'cmnh6uvha0007tgmakp0p2vac', 'cmnh6uz4200cbtgmar7th23qv', 'cmnh6uxir002ptgmasvi6exfd', 'Produit 11', 'SKU-00011', 4, 23.7, 0, 10, 94.8, 104.28, 2, (to_timestamp(1775117051.741))::timestamp(3), (to_timestamp(1775117051.741))::timestamp(3));
INSERT INTO "OrderLine" ("id", "organizationId", "orderId", "productId", "productNameSnapshot", "productSkuSnapshot", "quantity", "unitPriceHt", "discountPercent", "vatRate", "lineTotalHt", "lineTotalTtc", "sortOrder", "createdAt", "updatedAt") VALUES ('cmnh6uz5800chtgmahcs7xane', 'cmnh6uvha0007tgmakp0p2vac', 'cmnh6uz4200cbtgmar7th23qv', 'cmnh6uxj3002rtgmac8kwdeeh', 'Produit 12', 'SKU-00012', 6, 25.4, 5, 5.5, 144.78, 152.74, 3, (to_timestamp(1775117051.756))::timestamp(3), (to_timestamp(1775117051.756))::timestamp(3));
INSERT INTO "OrderLine" ("id", "organizationId", "orderId", "productId", "productNameSnapshot", "productSkuSnapshot", "quantity", "unitPriceHt", "discountPercent", "vatRate", "lineTotalHt", "lineTotalTtc", "sortOrder", "createdAt", "updatedAt") VALUES ('cmnh6uz6r00cptgmatwt6fzj3', 'cmnh6uvha0007tgmakp0p2vac', 'cmnh6uz6b00cntgma2hmx53hw', 'cmnh6uxir002ptgmasvi6exfd', 'Produit 11', 'SKU-00011', 2, 23.7, 0, 10, 47.4, 52.14, 1, (to_timestamp(1775117051.811))::timestamp(3), (to_timestamp(1775117051.811))::timestamp(3));
INSERT INTO "OrderLine" ("id", "organizationId", "orderId", "productId", "productNameSnapshot", "productSkuSnapshot", "quantity", "unitPriceHt", "discountPercent", "vatRate", "lineTotalHt", "lineTotalTtc", "sortOrder", "createdAt", "updatedAt") VALUES ('cmnh6uz7400crtgmaep3xgkdn', 'cmnh6uvha0007tgmakp0p2vac', 'cmnh6uz6b00cntgma2hmx53hw', 'cmnh6uxj3002rtgmac8kwdeeh', 'Produit 12', 'SKU-00012', 4, 25.4, 0, 5.5, 101.6, 107.19, 2, (to_timestamp(1775117051.824))::timestamp(3), (to_timestamp(1775117051.824))::timestamp(3));
INSERT INTO "OrderLine" ("id", "organizationId", "orderId", "productId", "productNameSnapshot", "productSkuSnapshot", "quantity", "unitPriceHt", "discountPercent", "vatRate", "lineTotalHt", "lineTotalTtc", "sortOrder", "createdAt", "updatedAt") VALUES ('cmnh6uz7n00cttgmakv25awe7', 'cmnh6uvha0007tgmakp0p2vac', 'cmnh6uz6b00cntgma2hmx53hw', 'cmnh6uxjf002ttgma5l6x5hc4', 'Produit 13', 'SKU-00013', 6, 27.1, 5, 2.1, 154.47, 157.71, 3, (to_timestamp(1775117051.843))::timestamp(3), (to_timestamp(1775117051.843))::timestamp(3));
INSERT INTO "OrderLine" ("id", "organizationId", "orderId", "productId", "productNameSnapshot", "productSkuSnapshot", "quantity", "unitPriceHt", "discountPercent", "vatRate", "lineTotalHt", "lineTotalTtc", "sortOrder", "createdAt", "updatedAt") VALUES ('cmnk0wlzw000466f8se8qaqyl', 'cmnhay2dx0009cbcbf7fu3dzf', 'cmnk0wlzm000266f80n4k6iys', NULL, 'Chariot de ménage professionnel 2 seaux', 'MEN-CHARIOT-002', 1, 389, 0, 20, 389, 466.8, 1, (to_timestamp(1775288448.861))::timestamp(3), (to_timestamp(1775288448.861))::timestamp(3));
INSERT INTO "OrderLine" ("id", "organizationId", "orderId", "productId", "productNameSnapshot", "productSkuSnapshot", "quantity", "unitPriceHt", "discountPercent", "vatRate", "lineTotalHt", "lineTotalTtc", "sortOrder", "createdAt", "updatedAt") VALUES ('cmnk0wm00000666f8kdt96wlk', 'cmnhay2dx0009cbcbf7fu3dzf', 'cmnk0wlzm000266f80n4k6iys', NULL, 'Chariot de ménage hôtelier', 'MEN-CHARIOT-003', 1, 529, 0, 20, 529, 634.8, 2, (to_timestamp(1775288448.864))::timestamp(3), (to_timestamp(1775288448.864))::timestamp(3));
INSERT INTO "OrderLine" ("id", "organizationId", "orderId", "productId", "productNameSnapshot", "productSkuSnapshot", "quantity", "unitPriceHt", "discountPercent", "vatRate", "lineTotalHt", "lineTotalTtc", "sortOrder", "createdAt", "updatedAt") VALUES ('cmnk0wm04000866f8cboeh65c', 'cmnhay2dx0009cbcbf7fu3dzf', 'cmnk0wlzm000266f80n4k6iys', NULL, 'Chariot de ménage compact', 'MEN-CHARIOT-001', 1, 249, 0, 20, 249, 298.8, 3, (to_timestamp(1775288448.868))::timestamp(3), (to_timestamp(1775288448.868))::timestamp(3));
INSERT INTO "OrderLine" ("id", "organizationId", "orderId", "productId", "productNameSnapshot", "productSkuSnapshot", "quantity", "unitPriceHt", "discountPercent", "vatRate", "lineTotalHt", "lineTotalTtc", "sortOrder", "createdAt", "updatedAt") VALUES ('cmnk0wm06000a66f83p4gm7n8', 'cmnhay2dx0009cbcbf7fu3dzf', 'cmnk0wlzm000266f80n4k6iys', NULL, 'Détergent sol multi-usages 5L', 'MEN-PROD-001', 1, 7.8, 0, 20, 7.8, 9.36, 4, (to_timestamp(1775288448.87))::timestamp(3), (to_timestamp(1775288448.87))::timestamp(3));
INSERT INTO "OrderLine" ("id", "organizationId", "orderId", "productId", "productNameSnapshot", "productSkuSnapshot", "quantity", "unitPriceHt", "discountPercent", "vatRate", "lineTotalHt", "lineTotalTtc", "sortOrder", "createdAt", "updatedAt") VALUES ('cmnk0wm0b000c66f8l2t54var', 'cmnhay2dx0009cbcbf7fu3dzf', 'cmnk0wlzm000266f80n4k6iys', NULL, 'Désinfectant surfaces 750ml', 'MEN-PROD-002', 1, 4.9, 0, 20, 4.9, 5.88, 5, (to_timestamp(1775288448.875))::timestamp(3), (to_timestamp(1775288448.875))::timestamp(3));
INSERT INTO "OrderLine" ("id", "organizationId", "orderId", "productId", "productNameSnapshot", "productSkuSnapshot", "quantity", "unitPriceHt", "discountPercent", "vatRate", "lineTotalHt", "lineTotalTtc", "sortOrder", "createdAt", "updatedAt") VALUES ('cmnoi3xgc0004108jyrctp446', 'cmnhay2dx0009cbcbf7fu3dzf', 'cmnoi3xg00002108jw8tucnv4', 'cmnkkma2i001szfwaphwqhsex', '2D 5 L', 'CS-0012', 1, 7.4, 0, 20, 7.4, 8.88, 1, (to_timestamp(1775559208.476))::timestamp(3), (to_timestamp(1775559208.476))::timestamp(3));
INSERT INTO "OrderLine" ("id", "organizationId", "orderId", "productId", "productNameSnapshot", "productSkuSnapshot", "quantity", "unitPriceHt", "discountPercent", "vatRate", "lineTotalHt", "lineTotalTtc", "sortOrder", "createdAt", "updatedAt") VALUES ('cmnoi3xgg0006108jdjgx2s6d', 'cmnhay2dx0009cbcbf7fu3dzf', 'cmnoi3xg00002108jw8tucnv4', 'cmnkkma2g001qzfwag0m1fzrr', '2D (carton)', 'CS-0011', 1, 30, 0, 20, 30, 36, 2, (to_timestamp(1775559208.48))::timestamp(3), (to_timestamp(1775559208.48))::timestamp(3));
INSERT INTO "OrderLine" ("id", "organizationId", "orderId", "productId", "productNameSnapshot", "productSkuSnapshot", "quantity", "unitPriceHt", "discountPercent", "vatRate", "lineTotalHt", "lineTotalTtc", "sortOrder", "createdAt", "updatedAt") VALUES ('cmnq3swcq0004og51c6hrotyr', 'cmnhay2dx0009cbcbf7fu3dzf', 'cmnq3swcf0002og51pizfd4fc', 'cmnkkma5s0058zfwakrgeft62', 'Gel WC Eco', 'CS-0074', 1, 3.4, 0, 20, 3.4, 4.08, 1, (to_timestamp(1775656111.562))::timestamp(3), (to_timestamp(1775656111.562))::timestamp(3));
INSERT INTO "OrderLine" ("id", "organizationId", "orderId", "productId", "productNameSnapshot", "productSkuSnapshot", "quantity", "unitPriceHt", "discountPercent", "vatRate", "lineTotalHt", "lineTotalTtc", "sortOrder", "createdAt", "updatedAt") VALUES ('cmnqdovpq000jog51owi49vbd', 'cmnhay2dx0009cbcbf7fu3dzf', 'cmnqdovpd000hog51yi338fxq', 'cmnkkma22001azfwacok4ngub', 'Saniforte', 'CS-0003', 1, 5.3, 0, 20, 5.3, 6.359999999999999, 1, (to_timestamp(1775672720.27))::timestamp(3), (to_timestamp(1775672720.27))::timestamp(3));
INSERT INTO "OrderLine" ("id", "organizationId", "orderId", "productId", "productNameSnapshot", "productSkuSnapshot", "quantity", "unitPriceHt", "discountPercent", "vatRate", "lineTotalHt", "lineTotalTtc", "sortOrder", "createdAt", "updatedAt") VALUES ('cmnqdovpu000log51m1q48wbj', 'cmnhay2dx0009cbcbf7fu3dzf', 'cmnqdovpd000hog51yi338fxq', 'cmnkkma5s0058zfwakrgeft62', 'Gel WC Eco', 'CS-0074', 1, 3.4, 0, 20, 3.4, 4.08, 2, (to_timestamp(1775672720.275))::timestamp(3), (to_timestamp(1775672720.275))::timestamp(3));
INSERT INTO "OrderStatusHistory" ("id", "organizationId", "orderId", "fromStatus", "toStatus", "changedById", "comment", "createdAt") VALUES ('cmnh6uy1s005htgma27g7nt1a', 'cmnh6utu50000tgma77zj2g7h', 'cmnh6uy0i0059tgmacsvspvl6', NULL, 'DRAFT', 'cmnh6uued0002tgmaa0v7qco1', 'Creation', (to_timestamp(1775117050.337))::timestamp(3));
INSERT INTO "OrderStatusHistory" ("id", "organizationId", "orderId", "fromStatus", "toStatus", "changedById", "comment", "createdAt") VALUES ('cmnh6uy3c005rtgma26ega4mn', 'cmnh6utu50000tgma77zj2g7h', 'cmnh6uy22005jtgma78xlmglj', NULL, 'DRAFT', 'cmnh6uuxt0004tgmatvj7nr3b', 'Creation', (to_timestamp(1775117050.392))::timestamp(3));
INSERT INTO "OrderStatusHistory" ("id", "organizationId", "orderId", "fromStatus", "toStatus", "changedById", "comment", "createdAt") VALUES ('cmnh6uy3n005ttgmau7ywsqwy', 'cmnh6utu50000tgma77zj2g7h', 'cmnh6uy22005jtgma78xlmglj', 'DRAFT', 'PENDING_APPROVAL', 'cmnh6uuxt0004tgmatvj7nr3b', NULL, (to_timestamp(1775117050.403))::timestamp(3));
INSERT INTO "OrderStatusHistory" ("id", "organizationId", "orderId", "fromStatus", "toStatus", "changedById", "comment", "createdAt") VALUES ('cmnh6uy5c0063tgma48dvv6jx', 'cmnh6utu50000tgma77zj2g7h', 'cmnh6uy3x005vtgmay5hds98y', NULL, 'DRAFT', 'cmnh6uvgy0006tgmac9yfaqce', 'Creation', (to_timestamp(1775117050.465))::timestamp(3));
INSERT INTO "OrderStatusHistory" ("id", "organizationId", "orderId", "fromStatus", "toStatus", "changedById", "comment", "createdAt") VALUES ('cmnh6uy5m0065tgmaicd0xltm', 'cmnh6utu50000tgma77zj2g7h', 'cmnh6uy3x005vtgmay5hds98y', 'DRAFT', 'PENDING_APPROVAL', 'cmnh6uued0002tgmaa0v7qco1', NULL, (to_timestamp(1775117050.474))::timestamp(3));
INSERT INTO "OrderStatusHistory" ("id", "organizationId", "orderId", "fromStatus", "toStatus", "changedById", "comment", "createdAt") VALUES ('cmnh6uy5w0067tgma81u8mhnv', 'cmnh6utu50000tgma77zj2g7h', 'cmnh6uy3x005vtgmay5hds98y', 'PENDING_APPROVAL', 'CONFIRMED', 'cmnh6uued0002tgmaa0v7qco1', NULL, (to_timestamp(1775117050.485))::timestamp(3));
INSERT INTO "OrderStatusHistory" ("id", "organizationId", "orderId", "fromStatus", "toStatus", "changedById", "comment", "createdAt") VALUES ('cmnh6uy7j006htgma83q4a029', 'cmnh6utu50000tgma77zj2g7h', 'cmnh6uy660069tgmazqpnt4ts', NULL, 'DRAFT', 'cmnh6uued0002tgmaa0v7qco1', 'Creation', (to_timestamp(1775117050.543))::timestamp(3));
INSERT INTO "OrderStatusHistory" ("id", "organizationId", "orderId", "fromStatus", "toStatus", "changedById", "comment", "createdAt") VALUES ('cmnh6uy7u006jtgmasq0hoov7', 'cmnh6utu50000tgma77zj2g7h', 'cmnh6uy660069tgmazqpnt4ts', 'DRAFT', 'PENDING_APPROVAL', 'cmnh6uued0002tgmaa0v7qco1', NULL, (to_timestamp(1775117050.554))::timestamp(3));
INSERT INTO "OrderStatusHistory" ("id", "organizationId", "orderId", "fromStatus", "toStatus", "changedById", "comment", "createdAt") VALUES ('cmnh6uy83006ltgmafffdu01p', 'cmnh6utu50000tgma77zj2g7h', 'cmnh6uy660069tgmazqpnt4ts', 'PENDING_APPROVAL', 'CONFIRMED', 'cmnh6uued0002tgmaa0v7qco1', NULL, (to_timestamp(1775117050.563))::timestamp(3));
INSERT INTO "OrderStatusHistory" ("id", "organizationId", "orderId", "fromStatus", "toStatus", "changedById", "comment", "createdAt") VALUES ('cmnh6uy8e006ntgmaei9vcol3', 'cmnh6utu50000tgma77zj2g7h', 'cmnh6uy660069tgmazqpnt4ts', 'CONFIRMED', 'IN_PREPARATION', 'cmnh6uued0002tgmaa0v7qco1', NULL, (to_timestamp(1775117050.575))::timestamp(3));
INSERT INTO "OrderStatusHistory" ("id", "organizationId", "orderId", "fromStatus", "toStatus", "changedById", "comment", "createdAt") VALUES ('cmnh6uy9x006xtgmani8i8c0t', 'cmnh6utu50000tgma77zj2g7h', 'cmnh6uy8q006ptgma2ijjxlqn', NULL, 'DRAFT', 'cmnh6uuxt0004tgmatvj7nr3b', 'Creation', (to_timestamp(1775117050.63))::timestamp(3));
INSERT INTO "OrderStatusHistory" ("id", "organizationId", "orderId", "fromStatus", "toStatus", "changedById", "comment", "createdAt") VALUES ('cmnh6uya8006ztgma6blhqljw', 'cmnh6utu50000tgma77zj2g7h', 'cmnh6uy8q006ptgma2ijjxlqn', 'DRAFT', 'PENDING_APPROVAL', 'cmnh6uued0002tgmaa0v7qco1', NULL, (to_timestamp(1775117050.641))::timestamp(3));
INSERT INTO "OrderStatusHistory" ("id", "organizationId", "orderId", "fromStatus", "toStatus", "changedById", "comment", "createdAt") VALUES ('cmnh6uyag0071tgmaqdtjpsqe', 'cmnh6utu50000tgma77zj2g7h', 'cmnh6uy8q006ptgma2ijjxlqn', 'PENDING_APPROVAL', 'CONFIRMED', 'cmnh6uued0002tgmaa0v7qco1', NULL, (to_timestamp(1775117050.649))::timestamp(3));
INSERT INTO "OrderStatusHistory" ("id", "organizationId", "orderId", "fromStatus", "toStatus", "changedById", "comment", "createdAt") VALUES ('cmnh6uyar0073tgman8nip5r9', 'cmnh6utu50000tgma77zj2g7h', 'cmnh6uy8q006ptgma2ijjxlqn', 'CONFIRMED', 'IN_PREPARATION', 'cmnh6uued0002tgmaa0v7qco1', NULL, (to_timestamp(1775117050.66))::timestamp(3));
INSERT INTO "OrderStatusHistory" ("id", "organizationId", "orderId", "fromStatus", "toStatus", "changedById", "comment", "createdAt") VALUES ('cmnh6uyb10075tgmaxm7lb1fy', 'cmnh6utu50000tgma77zj2g7h', 'cmnh6uy8q006ptgma2ijjxlqn', 'IN_PREPARATION', 'SHIPPED', 'cmnh6uued0002tgmaa0v7qco1', NULL, (to_timestamp(1775117050.669))::timestamp(3));
INSERT INTO "OrderStatusHistory" ("id", "organizationId", "orderId", "fromStatus", "toStatus", "changedById", "comment", "createdAt") VALUES ('cmnh6uyco007ftgmamga1lqvx', 'cmnh6utu50000tgma77zj2g7h', 'cmnh6uybb0077tgmasgjfhdtm', NULL, 'DRAFT', 'cmnh6uvgy0006tgmac9yfaqce', 'Creation', (to_timestamp(1775117050.728))::timestamp(3));
INSERT INTO "OrderStatusHistory" ("id", "organizationId", "orderId", "fromStatus", "toStatus", "changedById", "comment", "createdAt") VALUES ('cmnh6uycy007htgma5mtoaei6', 'cmnh6utu50000tgma77zj2g7h', 'cmnh6uybb0077tgmasgjfhdtm', 'DRAFT', 'PENDING_APPROVAL', 'cmnh6uued0002tgmaa0v7qco1', NULL, (to_timestamp(1775117050.738))::timestamp(3));
INSERT INTO "OrderStatusHistory" ("id", "organizationId", "orderId", "fromStatus", "toStatus", "changedById", "comment", "createdAt") VALUES ('cmnh6uyd7007jtgmag1u4j70h', 'cmnh6utu50000tgma77zj2g7h', 'cmnh6uybb0077tgmasgjfhdtm', 'PENDING_APPROVAL', 'CONFIRMED', 'cmnh6uued0002tgmaa0v7qco1', NULL, (to_timestamp(1775117050.747))::timestamp(3));
INSERT INTO "OrderStatusHistory" ("id", "organizationId", "orderId", "fromStatus", "toStatus", "changedById", "comment", "createdAt") VALUES ('cmnh6uydj007ltgma0tht882c', 'cmnh6utu50000tgma77zj2g7h', 'cmnh6uybb0077tgmasgjfhdtm', 'CONFIRMED', 'IN_PREPARATION', 'cmnh6uued0002tgmaa0v7qco1', NULL, (to_timestamp(1775117050.759))::timestamp(3));
INSERT INTO "OrderStatusHistory" ("id", "organizationId", "orderId", "fromStatus", "toStatus", "changedById", "comment", "createdAt") VALUES ('cmnh6uydu007ntgmaiw434c9o', 'cmnh6utu50000tgma77zj2g7h', 'cmnh6uybb0077tgmasgjfhdtm', 'IN_PREPARATION', 'SHIPPED', 'cmnh6uued0002tgmaa0v7qco1', NULL, (to_timestamp(1775117050.77))::timestamp(3));
INSERT INTO "OrderStatusHistory" ("id", "organizationId", "orderId", "fromStatus", "toStatus", "changedById", "comment", "createdAt") VALUES ('cmnh6uye3007ptgma40l7g7i0', 'cmnh6utu50000tgma77zj2g7h', 'cmnh6uybb0077tgmasgjfhdtm', 'SHIPPED', 'DELIVERED', 'cmnh6uued0002tgmaa0v7qco1', NULL, (to_timestamp(1775117050.779))::timestamp(3));
INSERT INTO "OrderStatusHistory" ("id", "organizationId", "orderId", "fromStatus", "toStatus", "changedById", "comment", "createdAt") VALUES ('cmnh6uyfi007ztgmamv4rpmq1', 'cmnh6utu50000tgma77zj2g7h', 'cmnh6uyee007rtgmaczz6cpcv', NULL, 'DRAFT', 'cmnh6uued0002tgmaa0v7qco1', 'Creation', (to_timestamp(1775117050.83))::timestamp(3));
INSERT INTO "OrderStatusHistory" ("id", "organizationId", "orderId", "fromStatus", "toStatus", "changedById", "comment", "createdAt") VALUES ('cmnh6uyfs0081tgmat3q2tecm', 'cmnh6utu50000tgma77zj2g7h', 'cmnh6uyee007rtgmaczz6cpcv', 'DRAFT', 'PENDING_APPROVAL', 'cmnh6uued0002tgmaa0v7qco1', NULL, (to_timestamp(1775117050.84))::timestamp(3));
INSERT INTO "OrderStatusHistory" ("id", "organizationId", "orderId", "fromStatus", "toStatus", "changedById", "comment", "createdAt") VALUES ('cmnh6uyg20083tgma5c8fsuco', 'cmnh6utu50000tgma77zj2g7h', 'cmnh6uyee007rtgmaczz6cpcv', 'PENDING_APPROVAL', 'CANCELLED', 'cmnh6uued0002tgmaa0v7qco1', 'Rejet seed', (to_timestamp(1775117050.85))::timestamp(3));
INSERT INTO "OrderStatusHistory" ("id", "organizationId", "orderId", "fromStatus", "toStatus", "changedById", "comment", "createdAt") VALUES ('cmnh6uyi1008dtgma0m2zj015', 'cmnh6utu50000tgma77zj2g7h', 'cmnh6uygd0085tgmadymowvwh', NULL, 'DRAFT', 'cmnh6uuxt0004tgmatvj7nr3b', 'Creation', (to_timestamp(1775117050.921))::timestamp(3));
INSERT INTO "OrderStatusHistory" ("id", "organizationId", "orderId", "fromStatus", "toStatus", "changedById", "comment", "createdAt") VALUES ('cmnh6uyjh008ntgma0n7rvk5e', 'cmnh6utu50000tgma77zj2g7h', 'cmnh6uyib008ftgma81n981vd', NULL, 'DRAFT', 'cmnh6uvgy0006tgmac9yfaqce', 'Creation', (to_timestamp(1775117050.973))::timestamp(3));
INSERT INTO "OrderStatusHistory" ("id", "organizationId", "orderId", "fromStatus", "toStatus", "changedById", "comment", "createdAt") VALUES ('cmnh6uyjx008ptgmaikc8mkp2', 'cmnh6utu50000tgma77zj2g7h', 'cmnh6uyib008ftgma81n981vd', 'DRAFT', 'PENDING_APPROVAL', 'cmnh6uvgy0006tgmac9yfaqce', NULL, (to_timestamp(1775117050.989))::timestamp(3));
INSERT INTO "OrderStatusHistory" ("id", "organizationId", "orderId", "fromStatus", "toStatus", "changedById", "comment", "createdAt") VALUES ('cmnh6uylh008ztgmax4du5d3h', 'cmnh6utu50000tgma77zj2g7h', 'cmnh6uyk6008rtgma5vqmed3p', NULL, 'DRAFT', 'cmnh6uued0002tgmaa0v7qco1', 'Creation', (to_timestamp(1775117051.045))::timestamp(3));
INSERT INTO "OrderStatusHistory" ("id", "organizationId", "orderId", "fromStatus", "toStatus", "changedById", "comment", "createdAt") VALUES ('cmnh6uylt0091tgmazw6s1x6h', 'cmnh6utu50000tgma77zj2g7h', 'cmnh6uyk6008rtgma5vqmed3p', 'DRAFT', 'PENDING_APPROVAL', 'cmnh6uued0002tgmaa0v7qco1', NULL, (to_timestamp(1775117051.057))::timestamp(3));
INSERT INTO "OrderStatusHistory" ("id", "organizationId", "orderId", "fromStatus", "toStatus", "changedById", "comment", "createdAt") VALUES ('cmnh6uym40093tgmau7qhls20', 'cmnh6utu50000tgma77zj2g7h', 'cmnh6uyk6008rtgma5vqmed3p', 'PENDING_APPROVAL', 'CONFIRMED', 'cmnh6uued0002tgmaa0v7qco1', NULL, (to_timestamp(1775117051.068))::timestamp(3));
INSERT INTO "OrderStatusHistory" ("id", "organizationId", "orderId", "fromStatus", "toStatus", "changedById", "comment", "createdAt") VALUES ('cmnh6uynr009dtgma2fwz4z3y', 'cmnh6uvha0007tgmakp0p2vac', 'cmnh6uymf0095tgma9o2jkm4n', NULL, 'DRAFT', 'cmnh6uw2s0009tgmaht4v30yh', 'Creation', (to_timestamp(1775117051.128))::timestamp(3));
INSERT INTO "OrderStatusHistory" ("id", "organizationId", "orderId", "fromStatus", "toStatus", "changedById", "comment", "createdAt") VALUES ('cmnh6uyp9009ntgmakeuxlz0x', 'cmnh6uvha0007tgmakp0p2vac', 'cmnh6uyo2009ftgma32ngr9x2', NULL, 'DRAFT', 'cmnh6uwlr000btgmakkfmr5xo', 'Creation', (to_timestamp(1775117051.181))::timestamp(3));
INSERT INTO "OrderStatusHistory" ("id", "organizationId", "orderId", "fromStatus", "toStatus", "changedById", "comment", "createdAt") VALUES ('cmnh6uypj009ptgma8hzqzupd', 'cmnh6uvha0007tgmakp0p2vac', 'cmnh6uyo2009ftgma32ngr9x2', 'DRAFT', 'PENDING_APPROVAL', 'cmnh6uwlr000btgmakkfmr5xo', NULL, (to_timestamp(1775117051.191))::timestamp(3));
INSERT INTO "OrderStatusHistory" ("id", "organizationId", "orderId", "fromStatus", "toStatus", "changedById", "comment", "createdAt") VALUES ('cmnh6uyr2009ztgmaagaurgmm', 'cmnh6uvha0007tgmakp0p2vac', 'cmnh6uypu009rtgmardfiaaqr', NULL, 'DRAFT', 'cmnh6ux46000dtgmatt490b1y', 'Creation', (to_timestamp(1775117051.247))::timestamp(3));
INSERT INTO "OrderStatusHistory" ("id", "organizationId", "orderId", "fromStatus", "toStatus", "changedById", "comment", "createdAt") VALUES ('cmnh6uyrd00a1tgmaojej13is', 'cmnh6uvha0007tgmakp0p2vac', 'cmnh6uypu009rtgmardfiaaqr', 'DRAFT', 'PENDING_APPROVAL', 'cmnh6uw2s0009tgmaht4v30yh', NULL, (to_timestamp(1775117051.258))::timestamp(3));
INSERT INTO "OrderStatusHistory" ("id", "organizationId", "orderId", "fromStatus", "toStatus", "changedById", "comment", "createdAt") VALUES ('cmnh6uyrp00a3tgmaafrtk7a0', 'cmnh6uvha0007tgmakp0p2vac', 'cmnh6uypu009rtgmardfiaaqr', 'PENDING_APPROVAL', 'CONFIRMED', 'cmnh6uw2s0009tgmaht4v30yh', NULL, (to_timestamp(1775117051.269))::timestamp(3));
INSERT INTO "OrderStatusHistory" ("id", "organizationId", "orderId", "fromStatus", "toStatus", "changedById", "comment", "createdAt") VALUES ('cmnh6uyt900adtgmato8mojpm', 'cmnh6uvha0007tgmakp0p2vac', 'cmnh6uyrz00a5tgmai5kwbtqr', NULL, 'DRAFT', 'cmnh6uw2s0009tgmaht4v30yh', 'Creation', (to_timestamp(1775117051.326))::timestamp(3));
INSERT INTO "OrderStatusHistory" ("id", "organizationId", "orderId", "fromStatus", "toStatus", "changedById", "comment", "createdAt") VALUES ('cmnh6uytm00aftgmarup19qha', 'cmnh6uvha0007tgmakp0p2vac', 'cmnh6uyrz00a5tgmai5kwbtqr', 'DRAFT', 'PENDING_APPROVAL', 'cmnh6uw2s0009tgmaht4v30yh', NULL, (to_timestamp(1775117051.338))::timestamp(3));
INSERT INTO "OrderStatusHistory" ("id", "organizationId", "orderId", "fromStatus", "toStatus", "changedById", "comment", "createdAt") VALUES ('cmnh6uytv00ahtgmaee1fx5bo', 'cmnh6uvha0007tgmakp0p2vac', 'cmnh6uyrz00a5tgmai5kwbtqr', 'PENDING_APPROVAL', 'CONFIRMED', 'cmnh6uw2s0009tgmaht4v30yh', NULL, (to_timestamp(1775117051.347))::timestamp(3));
INSERT INTO "OrderStatusHistory" ("id", "organizationId", "orderId", "fromStatus", "toStatus", "changedById", "comment", "createdAt") VALUES ('cmnh6uyu500ajtgmad5hfptmn', 'cmnh6uvha0007tgmakp0p2vac', 'cmnh6uyrz00a5tgmai5kwbtqr', 'CONFIRMED', 'IN_PREPARATION', 'cmnh6uw2s0009tgmaht4v30yh', NULL, (to_timestamp(1775117051.357))::timestamp(3));
INSERT INTO "OrderStatusHistory" ("id", "organizationId", "orderId", "fromStatus", "toStatus", "changedById", "comment", "createdAt") VALUES ('cmnh6uyvq00attgma637uwq0l', 'cmnh6uvha0007tgmakp0p2vac', 'cmnh6uyue00altgma6i1ylrc9', NULL, 'DRAFT', 'cmnh6uwlr000btgmakkfmr5xo', 'Creation', (to_timestamp(1775117051.414))::timestamp(3));
INSERT INTO "OrderStatusHistory" ("id", "organizationId", "orderId", "fromStatus", "toStatus", "changedById", "comment", "createdAt") VALUES ('cmnh6uyw100avtgmas7zm3yed', 'cmnh6uvha0007tgmakp0p2vac', 'cmnh6uyue00altgma6i1ylrc9', 'DRAFT', 'PENDING_APPROVAL', 'cmnh6uw2s0009tgmaht4v30yh', NULL, (to_timestamp(1775117051.425))::timestamp(3));
INSERT INTO "OrderStatusHistory" ("id", "organizationId", "orderId", "fromStatus", "toStatus", "changedById", "comment", "createdAt") VALUES ('cmnh6uywc00axtgma0wcx4u7l', 'cmnh6uvha0007tgmakp0p2vac', 'cmnh6uyue00altgma6i1ylrc9', 'PENDING_APPROVAL', 'CONFIRMED', 'cmnh6uw2s0009tgmaht4v30yh', NULL, (to_timestamp(1775117051.436))::timestamp(3));
INSERT INTO "OrderStatusHistory" ("id", "organizationId", "orderId", "fromStatus", "toStatus", "changedById", "comment", "createdAt") VALUES ('cmnh6uywm00aztgmaa9jv0i7a', 'cmnh6uvha0007tgmakp0p2vac', 'cmnh6uyue00altgma6i1ylrc9', 'CONFIRMED', 'IN_PREPARATION', 'cmnh6uw2s0009tgmaht4v30yh', NULL, (to_timestamp(1775117051.446))::timestamp(3));
INSERT INTO "OrderStatusHistory" ("id", "organizationId", "orderId", "fromStatus", "toStatus", "changedById", "comment", "createdAt") VALUES ('cmnh6uyww00b1tgmajx2bumjk', 'cmnh6uvha0007tgmakp0p2vac', 'cmnh6uyue00altgma6i1ylrc9', 'IN_PREPARATION', 'SHIPPED', 'cmnh6uw2s0009tgmaht4v30yh', NULL, (to_timestamp(1775117051.456))::timestamp(3));
INSERT INTO "OrderStatusHistory" ("id", "organizationId", "orderId", "fromStatus", "toStatus", "changedById", "comment", "createdAt") VALUES ('cmnh6uyyn00bbtgmanenhash0', 'cmnh6uvha0007tgmakp0p2vac', 'cmnh6uyxa00b3tgmauuposn0h', NULL, 'DRAFT', 'cmnh6ux46000dtgmatt490b1y', 'Creation', (to_timestamp(1775117051.52))::timestamp(3));
INSERT INTO "OrderStatusHistory" ("id", "organizationId", "orderId", "fromStatus", "toStatus", "changedById", "comment", "createdAt") VALUES ('cmnh6uyyz00bdtgmavce9fn4o', 'cmnh6uvha0007tgmakp0p2vac', 'cmnh6uyxa00b3tgmauuposn0h', 'DRAFT', 'PENDING_APPROVAL', 'cmnh6uw2s0009tgmaht4v30yh', NULL, (to_timestamp(1775117051.531))::timestamp(3));
INSERT INTO "OrderStatusHistory" ("id", "organizationId", "orderId", "fromStatus", "toStatus", "changedById", "comment", "createdAt") VALUES ('cmnh6uyza00bftgmarkghqg6y', 'cmnh6uvha0007tgmakp0p2vac', 'cmnh6uyxa00b3tgmauuposn0h', 'PENDING_APPROVAL', 'CONFIRMED', 'cmnh6uw2s0009tgmaht4v30yh', NULL, (to_timestamp(1775117051.542))::timestamp(3));
INSERT INTO "OrderStatusHistory" ("id", "organizationId", "orderId", "fromStatus", "toStatus", "changedById", "comment", "createdAt") VALUES ('cmnh6uyzn00bhtgmanhjssb3n', 'cmnh6uvha0007tgmakp0p2vac', 'cmnh6uyxa00b3tgmauuposn0h', 'CONFIRMED', 'IN_PREPARATION', 'cmnh6uw2s0009tgmaht4v30yh', NULL, (to_timestamp(1775117051.555))::timestamp(3));
INSERT INTO "OrderStatusHistory" ("id", "organizationId", "orderId", "fromStatus", "toStatus", "changedById", "comment", "createdAt") VALUES ('cmnh6uyzy00bjtgmakhrc1iy5', 'cmnh6uvha0007tgmakp0p2vac', 'cmnh6uyxa00b3tgmauuposn0h', 'IN_PREPARATION', 'SHIPPED', 'cmnh6uw2s0009tgmaht4v30yh', NULL, (to_timestamp(1775117051.566))::timestamp(3));
INSERT INTO "OrderStatusHistory" ("id", "organizationId", "orderId", "fromStatus", "toStatus", "changedById", "comment", "createdAt") VALUES ('cmnh6uz0700bltgma7fdsfhdw', 'cmnh6uvha0007tgmakp0p2vac', 'cmnh6uyxa00b3tgmauuposn0h', 'SHIPPED', 'DELIVERED', 'cmnh6uw2s0009tgmaht4v30yh', NULL, (to_timestamp(1775117051.575))::timestamp(3));
INSERT INTO "OrderStatusHistory" ("id", "organizationId", "orderId", "fromStatus", "toStatus", "changedById", "comment", "createdAt") VALUES ('cmnh6uz1n00bvtgma15rq6i0x', 'cmnh6uvha0007tgmakp0p2vac', 'cmnh6uz0j00bntgma1ui4h9wv', NULL, 'DRAFT', 'cmnh6uw2s0009tgmaht4v30yh', 'Creation', (to_timestamp(1775117051.627))::timestamp(3));
INSERT INTO "OrderStatusHistory" ("id", "organizationId", "orderId", "fromStatus", "toStatus", "changedById", "comment", "createdAt") VALUES ('cmnh6uz1y00bxtgmab2uksfgr', 'cmnh6uvha0007tgmakp0p2vac', 'cmnh6uz0j00bntgma1ui4h9wv', 'DRAFT', 'PENDING_APPROVAL', 'cmnh6uw2s0009tgmaht4v30yh', NULL, (to_timestamp(1775117051.638))::timestamp(3));
INSERT INTO "OrderStatusHistory" ("id", "organizationId", "orderId", "fromStatus", "toStatus", "changedById", "comment", "createdAt") VALUES ('cmnh6uz2700bztgmab9r4w29s', 'cmnh6uvha0007tgmakp0p2vac', 'cmnh6uz0j00bntgma1ui4h9wv', 'PENDING_APPROVAL', 'CANCELLED', 'cmnh6uw2s0009tgmaht4v30yh', 'Rejet seed', (to_timestamp(1775117051.647))::timestamp(3));
INSERT INTO "OrderStatusHistory" ("id", "organizationId", "orderId", "fromStatus", "toStatus", "changedById", "comment", "createdAt") VALUES ('cmnh6uz3t00c9tgmai28b8zkj', 'cmnh6uvha0007tgmakp0p2vac', 'cmnh6uz2i00c1tgma23hw9jmk', NULL, 'DRAFT', 'cmnh6uwlr000btgmakkfmr5xo', 'Creation', (to_timestamp(1775117051.705))::timestamp(3));
INSERT INTO "OrderStatusHistory" ("id", "organizationId", "orderId", "fromStatus", "toStatus", "changedById", "comment", "createdAt") VALUES ('cmnh6uz5p00cjtgma0oy2zqga', 'cmnh6uvha0007tgmakp0p2vac', 'cmnh6uz4200cbtgmar7th23qv', NULL, 'DRAFT', 'cmnh6ux46000dtgmatt490b1y', 'Creation', (to_timestamp(1775117051.774))::timestamp(3));
INSERT INTO "OrderStatusHistory" ("id", "organizationId", "orderId", "fromStatus", "toStatus", "changedById", "comment", "createdAt") VALUES ('cmnh6uz6000cltgmal2cymayr', 'cmnh6uvha0007tgmakp0p2vac', 'cmnh6uz4200cbtgmar7th23qv', 'DRAFT', 'PENDING_APPROVAL', 'cmnh6ux46000dtgmatt490b1y', NULL, (to_timestamp(1775117051.785))::timestamp(3));
INSERT INTO "OrderStatusHistory" ("id", "organizationId", "orderId", "fromStatus", "toStatus", "changedById", "comment", "createdAt") VALUES ('cmnh6uz8000cvtgmak07iu92d', 'cmnh6uvha0007tgmakp0p2vac', 'cmnh6uz6b00cntgma2hmx53hw', NULL, 'DRAFT', 'cmnh6uw2s0009tgmaht4v30yh', 'Creation', (to_timestamp(1775117051.857))::timestamp(3));
INSERT INTO "OrderStatusHistory" ("id", "organizationId", "orderId", "fromStatus", "toStatus", "changedById", "comment", "createdAt") VALUES ('cmnh6uz8e00cxtgma8qo2v9y1', 'cmnh6uvha0007tgmakp0p2vac', 'cmnh6uz6b00cntgma2hmx53hw', 'DRAFT', 'PENDING_APPROVAL', 'cmnh6uw2s0009tgmaht4v30yh', NULL, (to_timestamp(1775117051.87))::timestamp(3));
INSERT INTO "OrderStatusHistory" ("id", "organizationId", "orderId", "fromStatus", "toStatus", "changedById", "comment", "createdAt") VALUES ('cmnh6uz8q00cztgma789lnowd', 'cmnh6uvha0007tgmakp0p2vac', 'cmnh6uz6b00cntgma2hmx53hw', 'PENDING_APPROVAL', 'CONFIRMED', 'cmnh6uw2s0009tgmaht4v30yh', NULL, (to_timestamp(1775117051.882))::timestamp(3));
INSERT INTO "OrderStatusHistory" ("id", "organizationId", "orderId", "fromStatus", "toStatus", "changedById", "comment", "createdAt") VALUES ('cmnk0wm0e000e66f886vffc72', 'cmnhay2dx0009cbcbf7fu3dzf', 'cmnk0wlzm000266f80n4k6iys', NULL, 'PENDING_APPROVAL', 'cmnhay2eg000bcbcbbnr61vdm', 'Commande portail client', (to_timestamp(1775288448.879))::timestamp(3));
INSERT INTO "OrderStatusHistory" ("id", "organizationId", "orderId", "fromStatus", "toStatus", "changedById", "comment", "createdAt") VALUES ('cmnk32w1v0002aw697xys9kz7', 'cmnhay2dx0009cbcbf7fu3dzf', 'cmnk0wlzm000266f80n4k6iys', 'PENDING_APPROVAL', 'CONFIRMED', 'cmnhay2eg000bcbcbbnr61vdm', NULL, (to_timestamp(1775292101.058))::timestamp(3));
INSERT INTO "OrderStatusHistory" ("id", "organizationId", "orderId", "fromStatus", "toStatus", "changedById", "comment", "createdAt") VALUES ('cmnoi3xgj0008108jc3t3vnql', 'cmnhay2dx0009cbcbf7fu3dzf', 'cmnoi3xg00002108jw8tucnv4', NULL, 'CONFIRMED', 'cmnhay2eg000bcbcbbnr61vdm', 'Commande portail client', (to_timestamp(1775559208.483))::timestamp(3));
INSERT INTO "OrderStatusHistory" ("id", "organizationId", "orderId", "fromStatus", "toStatus", "changedById", "comment", "createdAt") VALUES ('cmnq3swct0006og51cox0dgb6', 'cmnhay2dx0009cbcbf7fu3dzf', 'cmnq3swcf0002og51pizfd4fc', NULL, 'PENDING_APPROVAL', 'cmnhay2eg000bcbcbbnr61vdm', 'Commande portail client', (to_timestamp(1775656111.565))::timestamp(3));
INSERT INTO "OrderStatusHistory" ("id", "organizationId", "orderId", "fromStatus", "toStatus", "changedById", "comment", "createdAt") VALUES ('cmnq3xkuh000aog51yqp4fuqm', 'cmnhay2dx0009cbcbf7fu3dzf', 'cmnq3swcf0002og51pizfd4fc', 'PENDING_APPROVAL', 'CANCELLED', 'cmnhay2eg000bcbcbbnr61vdm', 'rupture de stock', (to_timestamp(1775656329.929))::timestamp(3));
INSERT INTO "OrderStatusHistory" ("id", "organizationId", "orderId", "fromStatus", "toStatus", "changedById", "comment", "createdAt") VALUES ('cmnqdovpx000nog517kjix354', 'cmnhay2dx0009cbcbf7fu3dzf', 'cmnqdovpd000hog51yi338fxq', NULL, 'PENDING_APPROVAL', 'cmnhay2eg000bcbcbbnr61vdm', 'Commande portail client', (to_timestamp(1775672720.277))::timestamp(3));
INSERT INTO "OrderStatusHistory" ("id", "organizationId", "orderId", "fromStatus", "toStatus", "changedById", "comment", "createdAt") VALUES ('cmnrp1m1b00026wvxmjm7tpmo', 'cmnhay2dx0009cbcbf7fu3dzf', 'cmnoi3xg00002108jw8tucnv4', 'CONFIRMED', 'IN_PREPARATION', 'cmnhay2eg000bcbcbbnr61vdm', NULL, (to_timestamp(1775752256.207))::timestamp(3));
INSERT INTO "Invoice" ("id", "organizationId", "number", "orderId", "customerId", "type", "status", "issuedAt", "dueAt", "totalHt", "totalTva", "totalTtc", "amountPaid", "amountDue", "notes", "legalMentions", "pdfUrl", "sentAt", "paidAt", "originalInvoiceId", "createdAt", "updatedAt") VALUES ('cmnrdk2na0001fiwjq92z6ao0', 'cmnhay2dx0009cbcbf7fu3dzf', NULL, 'cmnk0wlzm000266f80n4k6iys', 'cmnk07nuw000111xpjrwfv9lk', 'INVOICE', 'DRAFT', NULL, (to_timestamp(1775732962.141))::timestamp(3), 1179.7, 235.9399999999998, 1415.64, 0, 1415.64, '__INVOICE_SITE__:{"id":"cmnk07nuw000311xpmaa386wz","label":"Atacadao","fullAddress":"Le Haut De Galy, 93606 Aulnay-sous-Bois"}', NULL, NULL, NULL, NULL, NULL, (to_timestamp(1775732962.147))::timestamp(3), (to_timestamp(1775732962.147))::timestamp(3));
INSERT INTO "InvoiceLine" ("id", "organizationId", "invoiceId", "description", "quantity", "unitPriceHt", "vatRate", "discountPercent", "lineTotalHt", "lineTotalTtc", "sortOrder", "createdAt", "updatedAt") VALUES ('cmnrdk2nv0003fiwj5uhgma2r', 'cmnhay2dx0009cbcbf7fu3dzf', 'cmnrdk2na0001fiwjq92z6ao0', 'MEN-CHARIOT-002 - Chariot de ménage professionnel 2 seaux', 1, 389, 20, 0, 389, 466.8, 1, (to_timestamp(1775732962.171))::timestamp(3), (to_timestamp(1775732962.171))::timestamp(3));
INSERT INTO "InvoiceLine" ("id", "organizationId", "invoiceId", "description", "quantity", "unitPriceHt", "vatRate", "discountPercent", "lineTotalHt", "lineTotalTtc", "sortOrder", "createdAt", "updatedAt") VALUES ('cmnrdk2o70005fiwj5ny7vdux', 'cmnhay2dx0009cbcbf7fu3dzf', 'cmnrdk2na0001fiwjq92z6ao0', 'MEN-CHARIOT-003 - Chariot de ménage hôtelier', 1, 529, 20, 0, 529, 634.8, 2, (to_timestamp(1775732962.183))::timestamp(3), (to_timestamp(1775732962.183))::timestamp(3));
INSERT INTO "InvoiceLine" ("id", "organizationId", "invoiceId", "description", "quantity", "unitPriceHt", "vatRate", "discountPercent", "lineTotalHt", "lineTotalTtc", "sortOrder", "createdAt", "updatedAt") VALUES ('cmnrdk2oi0007fiwjhwxyc7k4', 'cmnhay2dx0009cbcbf7fu3dzf', 'cmnrdk2na0001fiwjq92z6ao0', 'MEN-CHARIOT-001 - Chariot de ménage compact', 1, 249, 20, 0, 249, 298.8, 3, (to_timestamp(1775732962.195))::timestamp(3), (to_timestamp(1775732962.195))::timestamp(3));
INSERT INTO "InvoiceLine" ("id", "organizationId", "invoiceId", "description", "quantity", "unitPriceHt", "vatRate", "discountPercent", "lineTotalHt", "lineTotalTtc", "sortOrder", "createdAt", "updatedAt") VALUES ('cmnrdk2ot0009fiwjn4eq6620', 'cmnhay2dx0009cbcbf7fu3dzf', 'cmnrdk2na0001fiwjq92z6ao0', 'MEN-PROD-001 - Détergent sol multi-usages 5L', 1, 7.8, 20, 0, 7.8, 9.36, 4, (to_timestamp(1775732962.205))::timestamp(3), (to_timestamp(1775732962.205))::timestamp(3));
INSERT INTO "InvoiceLine" ("id", "organizationId", "invoiceId", "description", "quantity", "unitPriceHt", "vatRate", "discountPercent", "lineTotalHt", "lineTotalTtc", "sortOrder", "createdAt", "updatedAt") VALUES ('cmnrdk2p4000bfiwjcxz5qtgx', 'cmnhay2dx0009cbcbf7fu3dzf', 'cmnrdk2na0001fiwjq92z6ao0', 'MEN-PROD-002 - Désinfectant surfaces 750ml', 1, 4.9, 20, 0, 4.9, 5.88, 5, (to_timestamp(1775732962.216))::timestamp(3), (to_timestamp(1775732962.216))::timestamp(3));
INSERT INTO "Notification" ("id", "userId", "organizationId", "type", "title", "message", "link", "isRead", "createdAt") VALUES ('cmnk0wm0t000f66f8ozwjawuc', 'cmnhay2eg000bcbcbbnr61vdm', 'cmnhay2dx0009cbcbf7fu3dzf', 'ORDER_RECEIVED', 'Nouvelle commande portail', 'Commande ORD-2026-0001 reçue depuis le portail client.', '/dashboard/orders/cmnk0wlzm000266f80n4k6iys', FALSE, (to_timestamp(1775288448.893))::timestamp(3));
INSERT INTO "Notification" ("id", "userId", "organizationId", "type", "title", "message", "link", "isRead", "createdAt") VALUES ('cmnoi3xh10009108jzj4qf8e9', 'cmnhay2eg000bcbcbbnr61vdm', 'cmnhay2dx0009cbcbf7fu3dzf', 'ORDER_RECEIVED', 'Nouvelle commande portail', 'Commande ORD-2026-0002 reçue depuis le portail client.', '/dashboard/orders/cmnoi3xg00002108jw8tucnv4', FALSE, (to_timestamp(1775559208.501))::timestamp(3));
INSERT INTO "Notification" ("id", "userId", "organizationId", "type", "title", "message", "link", "isRead", "createdAt") VALUES ('cmnq3swd90007og51ydxaduac', 'cmnhay2eg000bcbcbbnr61vdm', 'cmnhay2dx0009cbcbf7fu3dzf', 'ORDER_RECEIVED', 'Nouvelle commande portail', 'Commande ORD-2026-0003 reçue depuis le portail client.', '/dashboard/orders/cmnq3swcf0002og51pizfd4fc', FALSE, (to_timestamp(1775656111.581))::timestamp(3));
INSERT INTO "Notification" ("id", "userId", "organizationId", "type", "title", "message", "link", "isRead", "createdAt") VALUES ('cmnqdovqc000oog51ulb9cw5c', 'cmnhay2eg000bcbcbbnr61vdm', 'cmnhay2dx0009cbcbf7fu3dzf', 'ORDER_RECEIVED', 'Nouvelle commande portail', 'Commande ORD-2026-0004 reçue depuis le portail client.', '/dashboard/orders/cmnqdovpd000hog51yi338fxq', FALSE, (to_timestamp(1775672720.292))::timestamp(3));
INSERT INTO "PortalNotification" ("id", "organizationId", "customerId", "orderId", "type", "title", "message", "isRead", "createdAt") VALUES ('cmnq3xkuu000cog515l2q1ypd', 'cmnhay2dx0009cbcbf7fu3dzf', 'cmnk07nuw000111xpjrwfv9lk', 'cmnq3swcf0002og51pizfd4fc', 'ORDER_REFUSED', 'Commande refusée ou annulée', 'Votre commande ORD-2026-0003 a été annulée par votre fournisseur. Motif communiqué : rupture de stock', FALSE, (to_timestamp(1775656329.942))::timestamp(3));
INSERT INTO "PortalNotification" ("id", "organizationId", "customerId", "orderId", "type", "title", "message", "isRead", "createdAt") VALUES ('cmnrp1m1n00046wvxtimu6a0b', 'cmnhay2dx0009cbcbf7fu3dzf', 'cmnk07nuw000111xpjrwfv9lk', 'cmnoi3xg00002108jw8tucnv4', 'ORDER_IN_PREPARATION', 'Commande en préparation', 'Votre commande ORD-2026-0002 est en cours de préparation.', FALSE, (to_timestamp(1775752256.22))::timestamp(3));
INSERT INTO "EmailQueue" ("id", "organizationId", "toEmail", "subject", "html", "status", "attempts", "error", "sentAt", "createdAt", "updatedAt") VALUES ('cmnjywict0003fnuhndo7fa3q', 'cmnhay2dx0009cbcbf7fu3dzf', 'franceclean8@gmail.com', 'Invitation portail client', '
  <div style="font-family:Arial,sans-serif;max-width:640px;margin:0 auto;padding:24px;">
    <h2>Invitation portail client</h2>
    <div><p>ART IMPRE, votre acces portail est pret.</p><p><a href="http://localhost:3000/portal">Acceder au portail</a></p></div>
    <hr />
    <p style="font-size:12px;color:#666;">Email automatique - Back Office</p>
  </div>', 'PENDING', 5, 'connect ECONNREFUSED ::1:1025', NULL, (to_timestamp(1775285084.909))::timestamp(3), (to_timestamp(1775285640.057))::timestamp(3));
INSERT INTO "EmailQueue" ("id", "organizationId", "toEmail", "subject", "html", "status", "attempts", "error", "sentAt", "createdAt", "updatedAt") VALUES ('cmnjywled0005fnuhhj9kqe92', 'cmnhay2dx0009cbcbf7fu3dzf', 'franceclean8@gmail.com', 'Invitation portail client', '
  <div style="font-family:Arial,sans-serif;max-width:640px;margin:0 auto;padding:24px;">
    <h2>Invitation portail client</h2>
    <div><p>ART IMPRE, votre acces portail est pret.</p><p><a href="http://localhost:3000/portal">Acceder au portail</a></p></div>
    <hr />
    <p style="font-size:12px;color:#666;">Email automatique - Back Office</p>
  </div>', 'PENDING', 5, 'connect ECONNREFUSED 127.0.0.1:1025', NULL, (to_timestamp(1775285088.853))::timestamp(3), (to_timestamp(1775285640.074))::timestamp(3));
INSERT INTO "EmailQueue" ("id", "organizationId", "toEmail", "subject", "html", "status", "attempts", "error", "sentAt", "createdAt", "updatedAt") VALUES ('cmnk07nvz000611xpqoyd6crh', 'cmnhay2dx0009cbcbf7fu3dzf', 'france@gmail.com', 'Vos acces portail client', '
  <div style="font-family:Arial,sans-serif;max-width:640px;margin:0 auto;padding:24px;">
    <h2>Acces portail client</h2>
    <div><p>Bonjour FC HYPER 93,</p>
      <p>Votre espace client est disponible. Conservez ce message precieusement.</p>
      <ul style="line-height:1.8;">
        <li><strong>Identifiant (votre e-mail) :</strong> france@gmail.com</li>
        <li><strong>Mot de passe provisoire :</strong> <code style="font-size:16px;background:#f0f0f0;padding:4px 8px;border-radius:4px;">D75ibSFYYDUEbR</code></li>
        <li><strong>Code client :</strong> CLI-0001 (pour reference)</li>
      </ul>
      <p>Nous vous recommandons de vous connecter puis de changer ce mot de passe lorsque cette option sera disponible.</p>
      <p><a href="http://localhost:3000/portal/login" style="display:inline-block;padding:12px 20px;background:#0f3f71;color:#fff;text-decoration:none;border-radius:8px;">Se connecter au portail</a></p></div>
    <hr />
    <p style="font-size:12px;color:#666;">Email automatique - Back Office</p>
  </div>', 'PENDING', 5, 'connect ECONNREFUSED 127.0.0.1:1025', NULL, (to_timestamp(1775287284.911))::timestamp(3), (to_timestamp(1775287800.029))::timestamp(3));
INSERT INTO "EmailQueue" ("id", "organizationId", "toEmail", "subject", "html", "status", "attempts", "error", "sentAt", "createdAt", "updatedAt") VALUES ('cmnq3xkvd000eog51jd2agdsa', 'cmnhay2dx0009cbcbf7fu3dzf', 'france@gmail.com', 'Commande ORD-2026-0003 annulée', '
    <p>Bonjour FC HYPER 93,</p>
    <p>Votre commande ORD-2026-0003 a été annulée par votre fournisseur. Motif communiqué : rupture de stock</p>
    <p><a href="http://localhost:3000/portal">Ouvrir mon espace client</a></p>
    <p style="color:#666;font-size:12px;">Message automatique — ne pas répondre directement à cet e-mail.</p>
  ', 'PENDING', 5, 'connect ECONNREFUSED 127.0.0.1:1025', NULL, (to_timestamp(1775656329.961))::timestamp(3), (to_timestamp(1775656920.056))::timestamp(3));
INSERT INTO "EmailQueue" ("id", "organizationId", "toEmail", "subject", "html", "status", "attempts", "error", "sentAt", "createdAt", "updatedAt") VALUES ('cmnrp1m1y00066wvxiatxpsds', 'cmnhay2dx0009cbcbf7fu3dzf', 'france@gmail.com', 'Commande ORD-2026-0002 en préparation', '
    <p>Bonjour FC HYPER 93,</p>
    <p>Votre commande ORD-2026-0002 est en cours de préparation.</p>
    <p><a href="http://localhost:3000/portal">Ouvrir mon espace client</a></p>
    <p style="color:#666;font-size:12px;">Message automatique — ne pas répondre directement à cet e-mail.</p>
  ', 'PENDING', 5, 'connect ECONNREFUSED ::1:1025', NULL, (to_timestamp(1775752256.23))::timestamp(3), (to_timestamp(1775752800.032))::timestamp(3));

COMMIT;
